id,group,gender,relationship_status,reunion_class,reunion_class_levels,n_children,children_range,children_range_levels,with_child,with_child_levels,income,working_range_levels,income_range,income_range_levels,achievement,achievement_min,joy,joy_min,meaningfulness,meaningfulness_work,meaningfulness_min,life_satisfaction,tqi,working_hours,working_range,reading_hours,catching_up_hours,social_media_hours,watching_tv_hours,exercising_hours,sleeping_hours,care_giving_hours,parting_hosting_hours,industry_graduation,industry_current,eating_with_family_hours,eating_with_others_hours,eating_alone_hours,watching_TV_with_family_hours,watching_TV_with_others_hours,watching_TV_alone_hours,hanging_out_alone_hours,hanging_out_with_family_hours,hanging_out_with_others_hours,chores_alone_hours,chores_with_others_hours,chores_with_family_hours,commuting_alone_hours,hobbies_hours,school_learning_hours,job_searching_hours,gaming_hours,napping_hours,therapy_hours,side_projects_hours,volunteering_hours,hobbies_subj_value,school_learning_subj_value,job_searching_subj_value,gaming_subj_value,napping_subj_value,therapy_subj_value,side_projects_subj_value,volunteering_subj_value,jam_type_distribution,achievement_behavioral,achievement_perceived,joy_gap,achievement_gap,meaningfulness_gap,industry_graduation_levels,industry_current_levels,joy_working,joy_reading,joy_catching_up,joy_social_media,joy_watching_tv,joy_exercising,joy_sleeping,joy_care_giving,joy_parting_hosting,joy_eating_with_family,joy_eating_with_others,joy_eating_alone,joy_watching_TV_with_family,joy_watching_TV_with_others,joy_watching_TV_alone,joy_hanging_out_alone,joy_hanging_out_with_family,joy_hanging_out_with_others,joy_chores_alone,joy_chores_with_others,joy_chores_with_family,joy_commuting_alone,joy_volunteering,joy_therapy,joy_gaming,joy_school_learning,joy_side_projects,joy_job_searching,joy_napping,joy_hobbies
1.0,IWF,Men,In a relationship,20th,5.0,4.0,3+,4.0,Kids,1.0,1722743.0,4.0,More than 1M,5.0,11.0,10.0,83.0,50.0,32.0,10.0,95.0,5.3,5.3,77.0,Over 55,3.0,5.0,1.0,5.0,3.0,50.0,13.0,6.0,Finance,Tech,1.1,0.6,0.8,2.0,1.7,1.2,1.9,0.1,2.2,,1.1,1.6,2.0,4.4,4.6,2.6,13.5,4.0,0.8,6.5,0.2,0.95,2.19,0.65,1.7,1.45,1.0,1.6,0.1,Purpose Seeker,52.0,11.0,12.0,inf,17.0,1.0,3.0,61,73,98,22,51,67,16,35,73,99,90,55,79,14,99,49,62,22,91,65,98,78,31,91,64,54,44,67,60,27
2.0,IWF,Men,Single,1st,1.0,3.0,3+,4.0,Kids,1.0,4334572.0,1.0,More than 1M,5.0,50.0,10.0,87.0,21.0,69.0,10.0,15.0,8.1,8.1,33.0,0 - 35,0.0,10.0,5.0,2.0,15.0,51.0,8.0,3.0,Healthcare,Healthcare,2.9,1.6,0.7,2.4,2.4,1.4,0.5,0.6,2.1,1.6,1.0,0.4,0.2,9.6,13.5,2.5,15.9,5.6,0.9,1.7,0.9,2.4,2.48,0.6,2.0,2.0,1.2,0.45,0.45,Flourisher,15.0,14.0,-6.0,4.0,13.0,4.0,4.0,24,31,59,43,52,43,20,98,29,87,47,63,67,69,13,24,73,53,66,47,19,74,36,41,37,26,85,86,38,69
3.0,IWF,Women,Married,30th,7.0,3.0,3+,4.0,Kids,1.0,4956484.0,4.0,More than 1M,5.0,31.0,62.0,89.0,10.0,99.0,62.0,56.0,9.3,9.3,72.0,Over 55,9.0,0.0,10.0,5.0,12.0,54.0,13.0,2.0,Consulting,Tech,2.2,2.6,2.7,0.8,2.3,2.6,2.6,2.5,0.3,2.2,0.5,1.8,0.7,7.6,21.8,9.1,5.0,5.3,1.7,8.7,4.2,1.85,2.37,2.25,0.65,1.9,2.15,2.2,2.1,Joy Seeker,72.0,60.0,-3.0,-20.0,-9.0,2.0,3.0,81,69,38,13,94,29,70,35,17,65,74,83,49,32,88,15,32,48,16,95,17,74,64,51,27,67,93,16,94,76
4.0,IWF,Women,In a relationship,20th,5.0,4.0,3+,4.0,Kids,1.0,2264489.0,4.0,More than 1M,5.0,48.0,54.0,44.0,89.0,72.0,54.0,97.0,6.5,6.5,68.0,Over 55,1.0,2.0,10.0,5.0,5.0,50.0,17.0,5.0,Tech,Consulting,inf,2.2,0.7,1.9,0.5,1.0,1.8,2.3,2.8,1.3,1.8,0.9,2.3,6.4,18.3,2.5,12.5,1.1,0.7,6.1,3.8,1.5,2.3,0.6,1.55,0.4,0.85,1.55,1.9,Flourisher,61.0,30.0,19.0,20.0,-6.0,3.0,2.0,70,73,66,37,97,59,77,35,67,10,27,46,60,55,83,36,36,28,57,70,21,66,76,56,50,67,90,17,11,24
5.0,HBS,Men,Single,inf,3.0,3.0,3+,4.0,Kids,1.0,1600006.0,4.0,More than 1M,5.0,13.0,47.0,56.0,40.0,45.0,47.0,45.0,4.8,4.8,63.0,Over 55,7.0,8.0,9.0,7.0,8.0,50.0,10.0,6.0,Finance,Finance,0.5,2.4,0.8,1.7,0.4,2.6,0.5,1.1,1.7,1.9,1.4,0.2,1.6,2.4,20.2,2.7,11.4,1.0,1.7,1.6,1.8,0.4,2.08,0.7,1.45,0.35,2.15,0.4,0.9,Triumvirate,21.0,35.0,-10.0,-7.0,-2.0,1.0,1.0,30,81,48,68,51,97,34,55,55,65,72,32,14,61,94,47,26,60,89,56,73,71,42,40,90,66,85,60,15,25
6.0,HBS,Men,Married,5th,2.0,3.0,inf,4.0,Kids,1.0,1166074.0,3.0,More than 1M,5.0,47.0,63.0,25.0,35.0,22.0,63.0,64.0,4.3,4.3,inf,45 - 55,4.0,6.0,7.0,7.0,9.0,50.0,14.0,3.0,Finance,Finance,0.5,2.0,2.3,2.5,0.8,0.3,2.9,1.1,1.1,1.0,2.6,2.8,2.8,2.4,16.5,7.6,16.7,1.9,0.2,9.6,1.9,0.4,2.08,1.9,2.1,0.65,0.2,2.4,0.95,Flourisher,83.0,85.0,16.0,6.0,-4.0,1.0,1.0,92,20,65,36,75,19,21,58,40,13,60,36,86,19,25,77,57,28,69,63,68,29,11,71,84,16,59,32,40,31
7.0,IWF,Women,In a relationship,1st,1.0,2.0,2,3.0,Kids,1.0,4074887.0,4.0,More than 1M,5.0,52.0,92.0,87.0,31.0,78.0,92.0,97.0,8.7,8.7,79.0,Over 55,6.0,1.0,2.0,7.0,6.0,52.0,17.0,3.0,Finance,Healthcare,0.2,2.1,1.3,2.7,1.1,2.3,1.6,1.6,2.3,0.9,0.1,1.9,1.3,1.5,17.3,4.5,18.1,2.5,1.6,5.2,2.7,0.15,2.03,1.1,2.25,0.9,1.95,1.3,1.35,Striver,87.0,37.0,-18.0,-17.0,3.0,1.0,4.0,96,23,52,78,64,41,35,91,18,39,18,79,41,55,28,84,30,85,42,55,76,84,84,65,74,48,83,99,63,72
8.0,IWF,Women,Married,5th,2.0,3.0,3+,4.0,Kids,1.0,1269911.0,4.0,More than 1M,5.0,18.0,,64.0,28.0,93.0,53.0,69.0,4.9,4.9,64.0,Over 55,5.0,1.0,2.0,10.0,6.0,50.0,13.0,7.0,inf,Other,2.6,2.5,2.3,0.0,1.2,2.5,0.2,0.0,0.8,1.7,1.9,2.6,2.6,8.8,21.2,7.8,0.2,2.9,1.7,0.7,0.0,2.15,2.43,1.95,0.05,1.0,2.1,0.2,0.0,Striver,75.0,5.0,-5.0,-14.0,-4.0,1.0,5.0,84,69,59,34,81,61,21,62,24,21,22,99,89,37,38,94,59,61,12,77,100,35,55,20,90,87,91,100,97,40
9.0,HBS,Men,Married,5th,2.0,1.0,1,2.0,Kids,1.0,4502471.0,3.0,More than 1M,5.0,92.0,90.0,86.0,17.0,23.0,90.0,19.0,8.2,8.2,48.0,45 - 55,9.0,7.0,2.0,0.0,10.0,50.0,3.0,1.0,Other,Other,1.8,0.7,0.2,2.0,2.0,0.5,1.9,0.7,2.1,1.5,2.3,,1.3,6.4,6.2,0.7,13.5,4.8,0.4,6.3,1.2,1.5,2.3,0.15,1.7,1.7,0.45,1.55,0.6,Striver,75.0,83.0,-25.0,-15.0,18.0,5.0,5.0,84,39,32,12,57,24,52,12,35,44,49,75,10,52,60,73,49,95,13,13,59,53,83,35,55,67,39,18,49,10
10.0,IWF,Men,In a relationship,10th,3.0,3.0,3+,4.0,Kids,1.0,2168242.0,2.0,More than 1M,5.0,87.0,23.0,49.0,48.0,48.0,23.0,45.0,5.9,5.9,43.0,35 - 45,3.0,7.0,,5.0,15.0,51.0,19.0,9.0,Consulting,Tech,2.1,inf,1.5,0.2,0.2,1.3,0.8,0.6,0.1,1.7,2.3,,2.9,7.4,12.2,4.9,1.0,0.4,0.9,2.5,1.0,1.75,2.35,1.2,0.15,inf,1.1,0.65,0.5,Flourisher,88.0,78.0,-18.0,20.0,-17.0,2.0,3.0,97,44,53,77,100,93,60,75,19,86,64,70,86,35,27,39,12,56,13,75,32,76,42,36,69,65,81,55,26,84
11.0,IWF,Women,,25th,6.0,4.0,3+,4.0,,1.0,4553669.0,4.0,More than 1M,5.0,52.0,66.0,35.0,95.0,76.0,66.0,54.0,8.2,8.2,78.0,Over 55,5.0,1.0,1.0,3.0,3.0,48.0,,4.0,Other,Healthcare,0.1,0.7,0.1,1.6,0.1,0.5,2.4,0.8,2.5,0.9,2.7,1.5,2.9,1.2,5.5,0.3,11.0,0.2,0.3,8.0,1.3,0.05,2.01,0.1,1.35,0.1,0.4,2.0,0.65,Purpose Seeker,24.0,26.0,3.0,-10.0,11.0,5.0,4.0,33,94,47,34,31,12,46,51,38,61,88,86,63,64,67,91,26,39,51,52,49,79,67,92,18,24,86,47,14,15
12.0,IWF,Women,Married,40th+,9.0,2.0,2,3.0,Kids,1.0,1796891.0,3.0,,5.0,91.0,27.0,88.0,62.0,50.0,27.0,66.0,4.9,4.9,53.0,45 - 55,5.0,3.0,8.0,8.0,2.0,54.0,0.0,4.0,Other,Healthcare,,3.0,0.2,0.9,1.2,2.1,2.5,2.4,1.3,1.1,2.2,2.0,1.0,9.7,24.7,0.6,5.8,2.7,1.4,8.2,4.0,2.4,2.48,0.15,0.7,1.0,inf,2.05,2.0,Purpose Seeker,3.0,62.0,6.0,-25.0,-16.0,5.0,4.0,12,46,93,29,36,46,55,28,89,40,52,60,20,57,53,12,70,55,18,71,87,71,16,66,54,53,79,22,11,96
13.0,IWF,Women,Single,10th,3.0,3.0,3+,4.0,Kids,1.0,4551373.0,3.0,More than 1M,5.0,17.0,86.0,42.0,55.0,45.0,86.0,80.0,8.6,8.6,47.0,45 - 55,9.0,0.0,3.0,7.0,6.0,50.0,15.0,8.0,Finance,Consulting,2.5,2.8,2.7,0.9,2.1,1.6,2.9,0.8,1.9,0.3,2.8,2.9,2.7,8.5,23.6,9.1,6.1,4.9,1.1,9.8,1.4,2.1,2.42,2.25,0.75,1.75,1.35,2.45,0.7,Flourisher,22.0,4.0,12.0,19.0,10.0,1.0,2.0,31,14,32,43,76,49,62,26,45,96,53,59,62,38,25,71,59,85,60,94,96,54,24,36,69,21,63,16,67,18
14.0,HBS,Women,Single,5th,2.0,2.0,2,3.0,Kids,1.0,3374769.0,3.0,More than 1M,5.0,88.0,73.0,49.0,59.0,96.0,73.0,45.0,6.1,6.1,46.0,45 - 55,10.0,9.0,0.0,4.0,7.0,53.0,15.0,7.0,Tech,Tech,0.6,0.1,0.4,1.1,0.6,1.9,1.5,0.6,0.7,0.2,1.0,0.8,2.5,2.9,1.0,1.4,7.1,1.4,1.3,5.0,1.0,0.55,2.11,0.35,0.9,0.5,1.6,1.25,0.5,Flourisher,53.0,89.0,-21.0,-5.0,11.0,3.0,3.0,62,92,54,35,22,81,97,42,93,77,77,28,17,36,74,21,99,30,26,94,86,20,35,68,37,17,80,20,21,61
15.0,HBS,Women,In a relationship,5th,2.0,1.0,1,2.0,Kids,1.0,821743.0,4.0,500K - 1M,4.0,59.0,61.0,19.0,89.0,,61.0,54.0,3.1,3.1,79.0,Over 55,0.0,0.0,5.0,1.0,3.0,53.0,0.0,6.0,Consulting,Consulting,0.5,2.1,1.6,1.9,1.9,0.6,1.4,1.5,2.0,0.8,1.5,2.6,0.6,2.6,17.6,5.3,12.4,4.5,0.4,4.5,,0.45,2.09,1.35,1.55,1.6,0.5,1.15,1.25,Striver,2.0,42.0,-4.0,4.0,2.0,2.0,2.0,11,87,61,14,54,49,89,85,46,61,42,10,34,27,11,100,96,84,26,94,85,81,20,71,12,89,94,83,14,89
16.0,HBS,Men,In a relationship,40th+,9.0,0.0,0,1.0,No Kids,2.0,133355.0,4.0,Less than 150K,1.0,88.0,79.0,29.0,40.0,inf,79.0,99.0,2.8,2.8,69.0,Over 55,1.0,1.0,10.0,4.0,,55.0,6.0,2.0,Consulting,Other,0.6,2.8,1.2,1.0,0.8,inf,inf,2.6,2.3,0.2,0.0,2.8,1.9,2.7,23.1,4.1,6.7,1.8,0.4,7.5,4.3,0.45,2.09,1.05,0.85,0.65,0.55,1.9,2.15,Joyful Striver,88.0,89.0,8.0,-13.0,2.0,2.0,5.0,97,35,89,70,19,65,22,58,95,89,33,49,49,69,65,39,15,57,29,13,27,83,47,29,60,50,60,59,69,71
17.0,Xilio,Women,Single,40th+,9.0,1.0,,2.0,Kids,1.0,1292752.0,4.0,More than 1M,5.0,58.0,49.0,87.0,26.0,97.0,49.0,27.0,4.0,4.0,56.0,Over 55,1.0,10.0,8.0,7.0,8.0,52.0,15.0,1.0,Finance,Other,0.9,0.5,1.0,2.2,2.7,0.1,0.4,0.7,1.4,0.3,0.0,2.0,0.2,3.7,4.5,3.5,14.7,6.2,0.1,1.3,1.2,0.75,2.15,0.85,1.85,2.2,0.1,0.35,0.6,Joyful Striver,30.0,18.0,-25.0,8.0,16.0,1.0,5.0,39,71,59,18,18,32,98,65,80,16,45,41,41,83,88,94,37,71,23,74,30,43,36,12,17,43,37,76,50,67
18.0,Xilio,Women,Single,40th+,9.0,2.0,2,3.0,Kids,1.0,1426025.0,4.0,More than 1M,5.0,90.0,79.0,75.0,96.0,55.0,79.0,84.0,4.8,4.8,58.0,Over 55,9.0,10.0,3.0,7.0,7.0,50.0,13.0,6.0,Tech,Healthcare,1.6,1.7,2.7,1.2,2.7,1.0,1.6,0.2,1.9,2.4,0.7,2.8,2.5,5.7,14.2,9.0,8.1,6.3,0.6,5.5,0.4,1.3,2.26,2.25,1.0,2.25,0.8,1.35,0.2,Striver,38.0,40.0,0.0,-22.0,17.0,3.0,4.0,47,13,17,59,63,20,63,72,32,31,19,31,97,78,37,47,81,67,31,71,10,97,16,25,79,55,73,50,29,28
19.0,IWF,Men,Single,10th,3.0,0.0,0,1.0,No Kids,2.0,1337371.0,4.0,More than 1M,5.0,78.0,55.0,71.0,33.0,28.0,55.0,40.0,4.1,4.1,60.0,Over 55,9.0,1.0,10.0,9.0,2.0,53.0,8.0,2.0,Healthcare,Tech,1.3,2.7,0.1,0.2,0.9,inf,1.6,1.1,1.4,0.1,0.3,1.2,0.5,4.9,22.9,0.2,1.4,2.1,1.1,5.5,1.8,inf,2.22,0.05,0.15,0.75,1.4,1.35,0.9,Purpose Seeker,2.0,72.0,17.0,2.0,-5.0,4.0,3.0,11,98,94,15,36,73,66,12,50,84,29,75,37,83,74,94,64,27,61,99,47,55,10,53,68,97,94,38,81,22
20.0,HBS,Men,In a relationship,20th,5.0,0.0,0,1.0,No Kids,2.0,947040.0,4.0,500K - 1M,4.0,19.0,12.0,26.0,61.0,48.0,12.0,32.0,3.4,3.4,69.0,Over 55,4.0,4.0,2.0,11.0,8.0,53.0,13.0,3.0,Finance,inf,0.9,0.1,2.0,2.4,0.7,2.6,0.3,2.2,2.7,2.0,0.8,2.9,0.2,3.6,0.8,6.6,15.7,1.6,1.7,0.9,3.7,0.75,2.15,1.65,1.95,0.55,2.15,0.2,1.85,Purpose Seeker,64.0,39.0,-16.0,12.0,-2.0,1.0,4.0,73,51,10,92,43,17,13,58,89,65,84,49,87,30,14,69,67,68,36,11,50,90,83,88,70,38,30,46,10,41
21.0,IWF,Women,Single,15th,4.0,4.0,3+,4.0,Kids,1.0,2283882.0,4.0,More than 1M,5.0,51.0,40.0,61.0,31.0,45.0,40.0,64.0,6.5,6.5,58.0,Over 55,4.0,6.0,1.0,7.0,11.0,53.0,7.0,1.0,Consulting,Healthcare,1.8,2.1,2.9,0.9,1.2,2.0,1.3,1.7,1.5,0.8,0.5,2.1,1.2,6.5,17.4,9.6,5.7,2.9,1.3,4.2,2.8,1.55,2.31,2.4,0.7,1.05,1.65,1.05,1.4,Joyful Striver,60.0,14.0,4.0,5.0,16.0,2.0,4.0,69,98,17,69,10,65,84,64,37,67,21,47,12,33,31,47,54,100,52,18,51,41,30,39,67,25,97,65,65,18
22.0,IWF,Men,Single,,4.0,3.0,3+,4.0,Kids,1.0,3560409.0,4.0,More than 1M,5.0,73.0,91.0,51.0,82.0,57.0,91.0,11.0,7.2,7.2,80.0,Over 55,8.0,0.0,7.0,6.0,14.0,49.0,14.0,8.0,Consulting,Tech,0.4,0.9,1.7,1.3,0.7,1.3,2.6,2.5,2.5,2.6,0.1,0.1,1.7,2.3,7.4,5.6,8.7,1.7,0.9,8.5,4.1,0.35,2.07,1.4,1.1,0.6,1.1,2.15,2.05,Joy Seeker,21.0,32.0,-8.0,1.0,14.0,2.0,3.0,30,27,38,53,41,69,58,35,57,73,71,57,100,12,22,24,81,57,12,66,18,84,88,49,79,14,36,89,79,58
23.0,IWF,Men,Single,15th,4.0,2.0,2,3.0,Kids,1.0,4879115.0,3.0,More than 1M,5.0,62.0,97.0,38.0,38.0,44.0,97.0,55.0,8.9,8.9,51.0,45 - 55,10.0,8.0,3.0,1.0,10.0,55.0,8.0,5.0,Tech,Healthcare,0.9,2.8,2.8,2.1,2.0,2.9,2.6,2.9,2.4,1.5,2.7,2.7,2.6,3.6,23.1,9.4,13.7,4.7,1.9,8.6,4.8,0.75,2.15,2.35,1.7,1.7,2.4,2.15,2.4,Flourisher,33.0,51.0,-9.0,-21.0,-24.0,3.0,4.0,42,49,14,20,98,19,16,81,47,21,27,64,93,71,74,27,28,72,97,54,32,97,39,74,21,14,36,25,65,46
24.0,IWF,Women,In a relationship,20th,5.0,1.0,1,2.0,Kids,1.0,4751339.0,4.0,inf,5.0,65.0,11.0,64.0,38.0,51.0,11.0,27.0,8.0,8.0,61.0,Over 55,6.0,3.0,2.0,0.0,7.0,51.0,14.0,1.0,Healthcare,Tech,1.1,2.9,0.2,1.0,2.5,2.2,0.3,,1.2,0.9,0.0,1.5,2.9,4.3,24.3,0.5,6.6,5.8,1.4,1.0,4.0,0.9,2.18,0.15,0.85,2.05,1.8,inf,2.0,Purpose Seeker,76.0,38.0,0.0,-1.0,-18.0,4.0,3.0,85,81,95,75,80,48,20,61,40,16,72,84,88,11,25,61,38,21,17,27,87,14,17,38,18,39,86,53,63,40
25.0,HBS,Men,Married,10th,3.0,2.0,2,3.0,Kids,1.0,4872447.0,3.0,More than 1M,5.0,31.0,18.0,89.0,32.0,44.0,18.0,34.0,8.6,8.6,53.0,45 - 55,1.0,6.0,5.0,9.0,4.0,48.0,1.0,2.0,Tech,Healthcare,1.4,2.8,,0.2,2.0,2.8,0.3,1.8,0.7,1.6,2.2,1.4,1.3,5.1,23.6,4.2,1.1,4.7,1.9,0.9,3.0,1.15,2.23,1.05,0.15,1.7,2.35,0.25,1.5,Joyful Striver,58.0,23.0,-18.0,-23.0,1.0,3.0,4.0,67,48,56,56,76,37,63,16,23,64,93,90,71,75,95,38,32,96,95,57,20,72,97,39,58,59,59,59,20,40
26.0,IWF,,Married,15th,4.0,0.0,0,1.0,No Kids,2.0,1530942.0,2.0,inf,5.0,91.0,25.0,24.0,96.0,46.0,25.0,38.0,4.9,4.9,38.0,35 - 45,2.0,5.0,,7.0,10.0,53.0,18.0,7.0,Consulting,Other,2.4,1.4,0.8,1.1,2.5,1.6,0.8,1.5,1.2,1.1,0.5,1.7,0.2,8.1,11.9,2.6,7.5,5.8,1.1,2.6,2.5,1.95,2.39,0.65,0.95,2.05,1.3,0.65,1.25,Joy Seeker,22.0,63.0,14.0,7.0,-4.0,2.0,5.0,31,23,43,82,93,58,96,55,82,71,34,64,36,51,73,69,41,43,98,51,80,38,92,41,92,14,38,80,12,68
27.0,HBS,Women,Married,10th,3.0,2.0,2,3.0,Kids,1.0,4290029.0,2.0,More than 1M,5.0,,62.0,41.0,24.0,51.0,62.0,16.0,7.6,7.6,39.0,35 - 45,10.0,3.0,8.0,7.0,7.0,49.0,10.0,4.0,Other,Healthcare,0.6,2.6,2.2,2.8,1.2,0.8,2.6,0.1,2.5,1.7,2.7,0.4,2.2,2.8,21.6,7.3,18.9,2.8,0.5,8.7,0.2,0.5,2.1,1.85,2.35,1.0,0.65,2.2,0.1,Joy Seeker,89.0,15.0,-14.0,-22.0,11.0,5.0,4.0,98,41,74,94,29,45,54,55,100,99,21,60,54,43,41,30,19,70,19,50,40,57,12,19,26,22,48,88,37,64
28.0,HBS,Women,In a relationship,25th,6.0,1.0,1,2.0,Kids,1.0,3305709.0,3.0,More than 1M,5.0,41.0,68.0,92.0,40.0,68.0,68.0,21.0,7.1,7.1,48.0,45 - 55,2.0,10.0,7.0,4.0,1.0,51.0,2.0,2.0,Healthcare,Healthcare,1.5,2.5,2.9,1.9,0.5,0.2,0.4,3.0,0.7,0.3,2.7,1.4,1.7,5.6,21.1,9.8,12.8,1.1,0.1,1.3,4.9,1.3,2.26,2.45,1.6,0.4,0.15,0.3,2.45,Purpose Seeker,49.0,25.0,1.0,-1.0,1.0,4.0,4.0,58,60,64,97,44,22,32,25,97,82,30,69,34,51,89,26,100,96,38,84,97,25,64,100,63,58,66,15,14,28
29.0,HBS,Women,Married,1st,1.0,2.0,2,3.0,Kids,1.0,114654.0,,Less than 150K,1.0,59.0,25.0,79.0,23.0,72.0,25.0,33.0,2.8,2.8,66.0,Over 55,6.0,7.0,7.0,1.0,2.0,50.0,17.0,6.0,Consulting,Other,1.8,1.0,0.8,2.0,2.2,2.2,2.2,1.2,1.6,3.0,2.0,2.5,1.3,6.3,,2.6,13.4,5.2,1.5,7.2,1.9,1.5,2.3,0.65,1.7,1.85,1.8,1.8,0.95,Triumvirate,,17.0,-18.0,-6.0,3.0,2.0,5.0,100,47,99,95,100,45,37,33,86,86,34,17,70,29,60,27,58,62,49,98,35,34,24,60,53,98,46,27,99,72
30.0,IWF,Women,In a relationship,15th,4.0,2.0,2,3.0,Kids,1.0,1984354.0,3.0,More than 1M,5.0,54.0,92.0,58.0,14.0,55.0,92.0,68.0,5.2,inf,49.0,45 - 55,0.0,10.0,6.0,3.0,12.0,53.0,4.0,7.0,Consulting,Finance,0.1,2.5,2.0,1.9,1.1,0.4,0.3,0.5,2.4,1.3,2.0,0.0,0.9,1.4,20.7,6.5,12.6,2.5,0.2,1.0,0.8,0.1,2.02,1.65,1.6,0.9,,0.25,0.4,Joyful Striver,42.0,66.0,-1.0,8.0,-23.0,2.0,1.0,68,32,52,12,99,35,66,70,99,64,20,95,53,77,88,66,74,34,74,99,39,81,45,17,41,59,73,28,25,11
31.0,IWF,Women,Married,40th+,9.0,1.0,1,2.0,Kids,1.0,2446182.0,4.0,More than 1M,5.0,25.0,94.0,29.0,86.0,36.0,94.0,10.0,5.6,5.6,63.0,Over 55,8.0,7.0,6.0,2.0,1.0,51.0,14.0,9.0,Healthcare,Finance,1.8,0.1,0.6,0.6,2.0,0.9,inf,2.0,1.1,inf,0.0,0.8,1.5,6.5,0.9,2.0,4.0,4.7,0.6,6.2,3.3,1.5,2.3,0.5,0.5,1.7,0.75,1.55,1.65,Joyful Striver,60.0,78.0,20.0,0.0,18.0,4.0,1.0,51,72,83,85,87,95,35,63,38,45,73,77,55,54,67,46,38,71,30,67,43,38,15,60,44,23,57,60,40,54
32.0,HBS,Men,Single,10th,3.0,1.0,1,2.0,Kids,1.0,3504675.0,1.0,More than 1M,5.0,63.0,32.0,76.0,48.0,99.0,32.0,30.0,8.1,8.1,31.0,0 - 35,5.0,7.0,6.0,9.0,9.0,55.0,0.0,5.0,Other,Finance,0.5,1.8,1.7,1.3,0.8,1.6,1.1,0.9,1.9,2.1,3.0,0.0,1.0,2.5,14.9,5.7,8.4,1.9,1.1,3.6,1.4,0.45,2.09,1.4,1.05,0.7,1.35,0.9,0.7,Purpose Seeker,80.0,,-22.0,-21.0,-13.0,5.0,1.0,69,24,39,39,26,13,34,71,60,98,82,84,23,84,55,69,68,13,33,51,55,61,51,45,87,55,31,75,37,52
33.0,IWF,Men,In a relationship,15th,4.0,1.0,1,2.0,Kids,1.0,2682991.0,2.0,More than 1M,5.0,25.0,66.0,60.0,30.0,40.0,66.0,58.0,6.2,6.2,41.0,35 - 45,10.0,0.0,7.0,5.0,13.0,53.0,18.0,7.0,Healthcare,Other,0.2,0.7,inf,2.3,0.2,1.7,2.4,1.8,0.7,1.1,2.6,1.2,2.3,1.6,5.8,4.6,15.0,0.6,1.1,7.9,2.9,0.15,2.03,1.15,1.9,0.2,1.4,1.95,1.45,Triumvirate,15.0,51.0,7.0,9.0,19.0,4.0,5.0,89,34,91,99,27,91,63,10,58,33,59,81,17,51,61,47,54,22,82,44,78,55,59,64,58,99,39,12,16,10
34.0,IWF,Women,In a relationship,5th,2.0,3.0,3+,4.0,Kids,1.0,2458388.0,4.0,More than 1M,5.0,51.0,49.0,77.0,79.0,65.0,49.0,68.0,5.4,5.4,69.0,Over 55,6.0,5.0,5.0,3.0,2.0,54.0,0.0,0.0,Other,Healthcare,2.8,0.4,2.9,0.3,3.0,1.8,0.7,1.8,0.3,inf,2.7,2.2,1.6,9.5,3.0,9.7,2.0,6.9,1.2,2.3,2.9,2.35,2.47,2.45,0.25,2.5,1.5,0.6,1.45,Flourisher,62.0,39.0,-25.0,2.0,-16.0,5.0,4.0,24,26,26,30,54,73,38,58,52,53,71,18,57,56,72,21,76,51,69,47,14,34,27,44,63,91,37,98,18,94
35.0,Xilio,Men,Married,15th,4.0,1.0,1,2.0,Kids,1.0,558178.0,4.0,500K - 1M,4.0,64.0,91.0,24.0,10.0,64.0,91.0,47.0,4.0,4.0,57.0,Over 55,0.0,6.0,1.0,1.0,5.0,55.0,7.0,7.0,Finance,Tech,2.9,0.2,1.8,0.8,0.5,0.5,1.9,1.3,2.4,1.4,2.0,2.4,2.6,9.7,1.9,6.1,5.6,1.1,0.3,6.4,inf,2.4,2.48,1.5,0.7,0.4,0.4,1.6,1.1,Striver,62.0,51.0,-7.0,3.0,10.0,1.0,3.0,71,75,35,37,93,47,92,34,81,26,98,99,23,14,85,84,60,58,35,76,70,32,92,45,25,93,32,63,48,70
36.0,HBS,Men,In a relationship,20th,5.0,4.0,3+,4.0,Kids,1.0,2693046.0,2.0,More than 1M,5.0,46.0,38.0,47.0,,26.0,38.0,96.0,5.6,5.6,37.0,35 - 45,7.0,10.0,2.0,10.0,11.0,48.0,0.0,7.0,Healthcare,Healthcare,2.4,2.1,1.0,0.8,3.0,1.1,0.7,2.5,0.3,2.2,1.0,2.8,1.6,8.3,17.4,3.5,5.5,6.9,0.8,2.4,4.2,2.0,2.4,0.85,0.7,2.45,0.95,0.6,2.1,Joy Seeker,47.0,70.0,5.0,-17.0,-17.0,4.0,4.0,71,87,17,99,62,97,45,19,96,11,58,11,74,98,69,93,20,87,18,50,92,43,59,65,94,43,13,58,52,12
37.0,IWF,inf,Single,10th,3.0,1.0,1,2.0,Kids,1.0,2616644.0,4.0,More than 1M,5.0,61.0,27.0,51.0,72.0,34.0,27.0,31.0,6.2,6.2,71.0,Over 55,3.0,5.0,7.0,7.0,6.0,55.0,7.0,5.0,Tech,Consulting,0.9,1.0,0.3,1.3,2.9,1.9,2.1,0.8,0.8,0.3,2.7,1.8,0.7,3.7,8.5,1.1,8.6,6.8,1.2,7.1,1.3,0.75,2.15,0.3,1.1,2.45,1.55,1.8,0.65,Joyful Striver,62.0,6.0,-10.0,12.0,1.0,3.0,2.0,56,62,56,71,100,96,23,89,14,22,23,89,89,58,74,82,95,65,29,59,47,76,39,45,21,80,12,37,36,100
38.0,Xilio,Men,Married,15th,4.0,0.0,0,1.0,No Kids,2.0,2600406.0,4.0,More than 1M,5.0,70.0,71.0,91.0,48.0,59.0,71.0,23.0,5.1,5.1,67.0,Over 55,2.0,8.0,7.0,2.0,5.0,53.0,19.0,1.0,Consulting,Healthcare,0.3,2.2,0.5,2.9,2.4,2.9,2.6,1.3,2.6,2.5,0.9,0.8,2.6,1.9,18.1,1.5,19.6,5.6,1.9,8.7,2.2,0.25,2.05,0.4,2.45,2.0,2.4,2.2,1.1,Joyful Striver,51.0,67.0,-12.0,-20.0,8.0,2.0,4.0,71,60,85,42,91,31,87,25,51,40,10,79,91,46,90,10,91,56,65,95,37,43,86,98,97,56,70,47,85,53
39.0,Xilio,Women,Married,10th,3.0,2.0,2,3.0,Kids,1.0,3446664.0,2.0,More than 1M,5.0,24.0,62.0,55.0,inf,21.0,62.0,96.0,6.5,6.5,39.0,35 - 45,6.0,2.0,0.0,11.0,3.0,54.0,inf,8.0,Consulting,Consulting,2.1,0.2,0.7,0.2,2.0,2.2,0.4,1.6,1.0,2.2,1.7,2.8,1.7,7.2,1.6,2.3,1.4,4.6,1.5,1.3,2.7,1.7,2.34,0.55,0.15,1.65,1.8,0.3,1.35,Joy Seeker,55.0,7.0,-21.0,-7.0,-25.0,2.0,2.0,60,48,100,94,77,11,44,67,16,37,90,94,16,43,64,67,15,17,45,81,35,41,48,93,17,69,13,37,98,16
40.0,IWF,Men,Single,25th,6.0,3.0,3+,4.0,Kids,1.0,3415659.0,2.0,inf,5.0,95.0,52.0,44.0,73.0,65.0,52.0,41.0,7.2,7.2,37.0,35 - 45,5.0,1.0,0.0,5.0,15.0,52.0,10.0,1.0,Finance,Consulting,1.3,0.9,0.8,1.6,1.7,2.8,2.6,2.0,2.9,0.6,0.3,2.3,0.6,5.0,7.9,inf,10.4,4.0,1.8,8.7,3.3,1.1,2.22,0.65,1.3,1.45,2.3,2.15,1.65,Joyful Striver,64.0,51.0,15.0,18.0,6.0,1.0,2.0,64,60,81,44,74,40,39,81,51,69,34,99,88,82,66,12,76,64,45,88,70,38,21,70,30,83,74,41,42,42
41.0,Xilio,Women,Married,25th,6.0,1.0,1,2.0,Kids,1.0,3415357.0,4.0,More than 1M,5.0,58.0,40.0,20.0,15.0,11.0,40.0,56.0,7.5,7.5,79.0,Over 55,9.0,0.0,8.0,11.0,0.0,49.0,19.0,8.0,Healthcare,Tech,0.4,1.6,2.6,0.5,2.6,2.3,1.8,2.4,inf,0.4,2.8,1.7,1.9,2.1,13.5,8.5,3.6,6.1,1.5,5.9,3.9,0.3,2.06,2.15,0.45,2.15,1.9,1.5,1.95,Purposeful Striver,3.0,72.0,0.0,-15.0,-1.0,4.0,3.0,73,79,98,61,10,20,26,38,45,36,68,68,97,79,80,72,71,97,82,54,32,18,68,71,57,88,21,50,100,18
42.0,HBS,Men,In a relationship,15th,4.0,3.0,3+,4.0,Kids,1.0,2825513.0,4.0,More than 1M,5.0,14.0,73.0,68.0,61.0,41.0,73.0,51.0,6.5,6.5,66.0,Over 55,4.0,9.0,10.0,5.0,8.0,49.0,19.0,2.0,Healthcare,Other,1.5,2.4,1.7,2.9,0.9,1.8,0.4,1.2,0.8,0.9,0.4,2.1,1.1,5.5,19.8,5.6,19.4,2.0,1.2,1.3,2.0,1.25,2.25,1.4,2.45,0.7,1.5,0.3,1.0,Purpose Seeker,51.0,42.0,2.0,-24.0,3.0,4.0,5.0,12,15,55,43,67,55,76,15,36,24,81,28,58,27,82,30,14,27,31,80,55,75,85,90,17,90,22,45,65,39
43.0,IWF,Women,In a relationship,30th,7.0,1.0,1,2.0,Kids,1.0,1495689.0,4.0,More than 1M,5.0,14.0,10.0,52.0,58.0,80.0,10.0,58.0,4.7,4.7,63.0,Over 55,2.0,1.0,2.0,4.0,5.0,51.0,11.0,8.0,Healthcare,Consulting,0.1,1.0,1.6,0.3,1.4,0.6,1.3,1.9,0.1,2.9,0.7,2.8,2.5,1.3,inf,5.2,2.3,3.3,0.4,4.3,3.2,0.1,2.02,1.3,0.3,1.15,0.5,1.05,1.6,Joyful Striver,7.0,64.0,-24.0,18.0,-19.0,4.0,2.0,60,76,77,50,35,71,89,25,67,88,78,37,64,87,95,32,18,44,10,28,39,66,53,96,37,20,43,45,11,27
44.0,HBS,Women,Single,20th,5.0,1.0,1,2.0,Kids,1.0,98148.0,1.0,Less than 150K,1.0,44.0,62.0,62.0,25.0,98.0,62.0,68.0,2.9,2.9,31.0,0 - 35,4.0,7.0,7.0,9.0,5.0,52.0,16.0,8.0,Other,Healthcare,2.7,1.9,0.3,1.2,1.9,2.0,0.5,0.5,2.1,0.8,1.7,2.1,1.4,9.2,15.6,1.1,8.1,4.3,1.3,1.6,0.8,2.25,2.45,0.3,1.0,1.55,1.65,0.4,0.4,Purpose Seeker,21.0,15.0,-20.0,18.0,-23.0,5.0,4.0,16,16,42,60,29,78,39,29,55,42,14,81,22,28,35,18,37,98,78,26,76,48,97,34,89,100,68,96,23,65
45.0,Xilio,Men,Married,10th,3.0,0.0,0,1.0,No Kids,2.0,1855665.0,4.0,More than 1M,5.0,30.0,54.0,71.0,65.0,12.0,54.0,77.0,4.5,4.5,56.0,Over 55,9.0,0.0,10.0,4.0,13.0,53.0,0.0,6.0,Other,Other,0.8,2.7,2.6,2.2,1.2,1.9,2.1,,1.4,1.4,2.3,1.1,2.2,3.3,22.1,8.6,14.8,2.9,1.2,7.0,4.7,0.65,2.13,2.15,1.85,1.05,,1.75,2.35,Joy Seeker,73.0,29.0,-17.0,-17.0,-6.0,5.0,5.0,30,60,10,56,96,73,54,89,75,29,28,23,82,87,21,92,92,90,82,74,42,16,13,73,19,94,82,75,22,99
46.0,HBS,Women,In a relationship,5th,inf,3.0,3+,4.0,Kids,1.0,2775683.0,4.0,More than 1M,5.0,96.0,21.0,41.0,45.0,73.0,21.0,28.0,6.0,6.0,74.0,Over 55,7.0,2.0,0.0,2.0,1.0,55.0,15.0,7.0,Tech,Healthcare,2.0,1.8,2.2,2.1,1.3,,2.3,1.1,0.3,0.1,1.9,2.1,0.3,7.0,15.4,7.2,14.1,3.0,1.2,7.6,1.9,1.65,2.33,1.8,1.75,1.05,1.5,1.9,0.95,Purposeful Striver,39.0,33.0,7.0,-5.0,-6.0,3.0,4.0,82,81,28,91,19,19,88,80,34,51,32,33,65,49,80,64,100,41,46,86,12,78,45,69,61,59,40,19,33,93
47.0,Xilio,Men,Single,40th+,9.0,4.0,3+,4.0,Kids,1.0,3427723.0,4.0,More than 1M,5.0,79.0,24.0,69.0,44.0,98.0,24.0,60.0,6.9,6.9,67.0,Over 55,10.0,inf,6.0,9.0,14.0,54.0,10.0,2.0,,Tech,0.9,0.7,0.2,1.3,1.0,1.5,0.3,2.2,2.1,1.2,0.7,0.1,1.2,3.8,5.8,0.7,8.5,2.3,1.0,1.1,3.6,0.8,2.16,0.15,1.05,,1.2,0.25,1.8,Flourisher,18.0,27.0,15.0,-2.0,4.0,1.0,3.0,48,51,40,67,68,49,98,87,82,21,18,53,65,26,55,28,86,33,92,65,78,17,57,66,24,13,80,79,78,40
48.0,IWF,Women,Married,1st,1.0,1.0,1,2.0,Kids,1.0,3033758.0,3.0,More than 1M,5.0,69.0,61.0,85.0,85.0,17.0,61.0,71.0,7.2,7.2,52.0,45 - 55,5.0,2.0,9.0,4.0,11.0,54.0,19.0,2.0,Tech,Healthcare,1.6,0.1,2.1,1.0,1.7,1.6,1.5,0.1,0.1,1.7,0.0,1.2,2.9,5.7,0.6,7.1,6.9,,1.1,5.1,0.1,1.3,2.26,1.75,0.85,1.4,1.3,1.25,0.05,Purposeful Striver,4.0,36.0,-1.0,8.0,9.0,3.0,4.0,27,73,89,84,84,33,60,52,36,82,59,65,24,69,56,71,47,16,81,50,92,27,23,79,13,50,22,81,43,81
49.0,IWF,Men,Single,5th,2.0,2.0,2,3.0,Kids,1.0,4086518.0,2.0,More than 1M,5.0,79.0,78.0,22.0,59.0,38.0,78.0,15.0,,8.1,43.0,35 - 45,9.0,8.0,5.0,0.0,11.0,48.0,16.0,7.0,Tech,Consulting,1.6,2.6,1.6,1.2,2.6,1.0,2.4,0.6,2.6,2.9,2.3,1.2,2.4,5.9,21.8,5.4,8.0,6.0,0.7,8.1,1.0,1.35,2.27,1.35,1.0,2.15,0.85,2.05,0.5,Joy Seeker,89.0,29.0,-13.0,-4.0,9.0,3.0,2.0,13,24,23,66,50,53,56,35,10,32,25,99,66,51,88,96,52,22,22,51,51,91,90,61,99,68,63,88,96,72
50.0,IWF,Men,Single,25th,6.0,0.0,0,1.0,No Kids,2.0,2699995.0,4.0,More than 1M,5.0,59.0,42.0,28.0,61.0,18.0,42.0,45.0,5.3,5.3,64.0,Over 55,0.0,10.0,9.0,3.0,2.0,55.0,8.0,5.0,Other,Tech,0.6,0.1,0.2,0.8,0.6,1.6,2.8,inf,0.4,1.6,3.0,0.5,0.5,2.7,0.5,0.8,5.3,1.4,1.0,9.4,2.4,0.45,2.09,0.2,0.65,0.5,1.3,2.35,1.2,Purposeful Striver,60.0,38.0,-17.0,-23.0,13.0,5.0,3.0,98,38,62,32,14,69,62,99,96,81,42,60,67,90,47,100,30,100,93,15,71,58,58,65,88,69,11,72,28,96
51.0,Xilio,Women,Married,15th,4.0,4.0,3+,4.0,Kids,1.0,4480812.0,2.0,More than 1M,5.0,26.0,99.0,92.0,81.0,inf,99.0,17.0,8.5,8.5,40.0,35 - 45,9.0,9.0,0.0,7.0,11.0,53.0,13.0,4.0,Consulting,Healthcare,2.9,2.6,1.4,0.6,2.8,0.6,1.5,2.6,0.4,2.5,2.4,0.1,0.8,9.7,21.9,4.6,4.1,6.5,0.4,5.1,4.4,2.4,2.48,1.15,0.5,2.35,0.5,1.3,2.2,Striver,14.0,57.0,-13.0,-14.0,1.0,2.0,4.0,69,42,57,57,74,71,73,87,83,23,11,41,44,81,30,100,100,78,52,78,67,25,76,72,71,90,42,31,39,59
52.0,HBS,Women,Married,1st,inf,3.0,3+,4.0,Kids,1.0,4828669.0,3.0,More than 1M,5.0,59.0,22.0,23.0,55.0,44.0,22.0,70.0,8.6,8.6,47.0,45 - 55,8.0,10.0,3.0,3.0,inf,50.0,13.0,7.0,Healthcare,Healthcare,2.3,1.6,1.5,1.4,2.1,2.4,2.9,1.6,0.5,1.6,1.4,0.4,1.0,8.0,13.2,4.8,9.7,4.8,1.6,9.5,2.6,1.95,2.39,1.2,1.2,1.7,2.0,2.4,1.3,Joyful Striver,9.0,27.0,5.0,,0.0,4.0,4.0,23,36,78,31,26,96,47,80,51,100,23,59,97,74,23,48,71,99,46,84,66,30,96,77,13,71,59,29,58,98
53.0,HBS,Men,In a relationship,30th,7.0,3.0,3+,4.0,Kids,1.0,1900928.0,2.0,More than 1M,5.0,60.0,65.0,56.0,96.0,56.0,65.0,77.0,4.9,4.9,36.0,35 - 45,1.0,6.0,0.0,10.0,14.0,48.0,12.0,7.0,Finance,Tech,2.8,2.8,0.5,0.8,2.5,0.6,1.6,2.8,2.9,0.1,2.7,2.0,2.0,9.5,23.5,1.7,5.4,5.8,0.4,5.4,4.6,2.35,2.47,0.4,0.65,2.05,0.45,1.35,2.3,Flourisher,90.0,55.0,15.0,4.0,-12.0,1.0,3.0,18,45,99,26,31,26,73,42,61,34,10,50,25,62,11,85,55,51,83,82,10,19,86,29,50,93,16,42,52,10
54.0,IWF,Men,In a relationship,25th,6.0,3.0,3+,inf,Kids,1.0,4185299.0,4.0,More than 1M,5.0,34.0,44.0,77.0,99.0,93.0,44.0,11.0,8.3,8.3,78.0,Over 55,3.0,4.0,10.0,9.0,7.0,55.0,18.0,1.0,Consulting,Finance,2.7,2.4,2.8,,1.7,0.3,1.2,1.5,2.1,0.9,1.2,2.4,2.3,9.1,20.0,9.5,5.7,3.9,0.2,3.9,2.4,2.25,2.45,2.35,0.7,1.4,0.2,1.0,1.2,Triumvirate,53.0,33.0,-15.0,0.0,-9.0,2.0,1.0,99,38,71,78,50,74,96,35,34,86,99,75,17,16,81,36,79,40,34,49,82,13,18,63,82,34,27,24,25,91
55.0,HBS,Women,Single,5th,2.0,4.0,3+,4.0,Kids,1.0,2587489.0,2.0,More than 1M,5.0,68.0,69.0,84.0,16.0,53.0,69.0,10.0,6.6,6.6,40.0,35 - 45,10.0,2.0,6.0,7.0,2.0,50.0,17.0,5.0,Healthcare,Tech,1.8,3.0,2.5,inf,2.3,1.3,2.5,1.5,2.4,1.7,1.6,3.0,2.2,6.4,24.9,8.5,13.1,5.5,,8.5,2.5,1.5,2.3,,1.65,1.95,1.1,2.1,1.25,Joy Seeker,2.0,68.0,-22.0,-5.0,-8.0,4.0,3.0,62,47,75,20,77,66,98,54,63,94,67,34,96,14,79,55,47,83,97,50,69,53,30,10,64,96,60,16,61,28
56.0,Xilio,Men,Married,10th,3.0,4.0,3+,4.0,Kids,1.0,1803415.0,4.0,More than 1M,5.0,23.0,39.0,36.0,63.0,95.0,39.0,60.0,5.6,5.6,59.0,Over 55,1.0,10.0,5.0,11.0,0.0,50.0,2.0,2.0,Finance,Healthcare,2.8,1.1,2.0,2.9,0.0,2.0,1.5,0.4,1.2,2.9,1.4,1.0,1.5,9.3,8.8,6.7,19.4,0.1,1.3,4.9,0.6,2.3,2.46,1.65,2.4,0.05,1.65,1.25,0.3,Joy Seeker,84.0,86.0,8.0,2.0,19.0,1.0,4.0,11,66,73,24,78,64,16,93,76,40,98,70,54,33,42,43,58,35,30,18,78,17,81,99,37,88,17,97,58,73
57.0,Xilio,Men,Single,25th,6.0,1.0,1,2.0,Kids,1.0,2335413.0,2.0,More than 1M,,78.0,42.0,inf,51.0,73.0,42.0,75.0,5.4,5.4,45.0,,8.0,6.0,8.0,8.0,13.0,50.0,14.0,4.0,Tech,Tech,0.3,2.3,1.4,1.8,2.5,1.3,1.4,2.4,1.0,2.6,1.3,1.8,inf,1.8,19.2,4.6,12.1,5.7,0.9,4.7,4.0,0.2,2.04,1.15,1.5,2.05,1.1,1.2,2.0,Flourisher,60.0,66.0,12.0,0.0,inf,3.0,3.0,93,36,79,100,20,62,31,72,15,63,25,75,49,37,15,42,84,95,50,17,68,64,90,19,56,42,64,99,20,62
58.0,IWF,Men,Married,15th,4.0,3.0,3+,4.0,Kids,1.0,3940197.0,4.0,More than 1M,5.0,64.0,40.0,14.0,11.0,18.0,40.0,92.0,7.6,7.6,62.0,Over 55,8.0,4.0,8.0,3.0,11.0,48.0,9.0,8.0,Other,Finance,0.6,1.2,1.2,0.2,0.1,0.8,1.5,0.7,0.7,0.7,2.3,2.8,1.3,2.8,10.0,4.1,1.5,0.3,0.6,4.9,1.2,0.5,2.1,1.05,0.2,0.1,0.7,1.25,0.6,Purposeful Striver,71.0,10.0,20.0,7.0,-6.0,5.0,1.0,69,64,72,44,65,65,90,76,67,14,88,51,63,71,99,59,90,85,82,53,55,28,25,32,18,28,85,59,87,15
59.0,Xilio,Men,In a relationship,15th,4.0,2.0,2,3.0,Kids,1.0,301836.0,4.0,250K – 500K,3.0,84.0,98.0,78.0,63.0,98.0,98.0,90.0,3.5,3.5,63.0,Over 55,7.0,9.0,0.0,11.0,10.0,,11.0,2.0,,Tech,0.1,1.4,2.0,0.2,2.7,1.7,2.5,2.7,1.4,0.7,1.6,0.5,0.4,1.4,12.0,6.5,1.5,6.2,1.1,8.5,4.5,0.1,2.02,1.65,0.2,2.2,1.4,2.1,2.25,Striver,44.0,5.0,-22.0,-5.0,1.0,4.0,3.0,80,42,82,42,60,18,91,61,79,22,99,74,23,26,46,29,48,41,51,67,43,73,25,60,11,66,52,19,56,26
60.0,IWF,Women,In a relationship,30th,7.0,0.0,0,1.0,No Kids,2.0,3614702.0,4.0,More than 1M,5.0,18.0,92.0,36.0,51.0,91.0,92.0,85.0,7.8,7.8,57.0,Over 55,3.0,8.0,7.0,8.0,15.0,52.0,6.0,2.0,Other,Healthcare,1.0,1.9,1.6,2.9,3.0,1.0,2.5,2.7,1.7,0.6,1.0,2.2,1.7,3.9,15.7,5.5,19.0,6.9,0.7,8.3,4.6,0.8,2.16,1.35,2.4,2.5,0.85,2.1,2.3,Purposeful Striver,8.0,74.0,12.0,9.0,-8.0,5.0,4.0,53,77,42,93,30,31,50,77,62,37,56,45,68,29,23,49,80,100,51,76,34,49,37,33,76,24,68,88,88,55
61.0,IWF,Men,Single,10th,3.0,3.0,3+,4.0,Kids,1.0,2125505.0,1.0,More than 1M,5.0,94.0,99.0,55.0,19.0,85.0,99.0,96.0,5.3,5.3,34.0,0 - 35,6.0,1.0,3.0,10.0,13.0,50.0,6.0,7.0,Consulting,Finance,1.2,2.6,0.2,0.9,0.9,2.8,1.2,2.8,1.9,2.8,0.8,2.3,2.9,4.5,21.8,0.6,5.9,2.1,1.9,4.0,4.7,0.95,2.19,0.15,0.75,0.75,2.35,1.0,2.35,Flourisher,47.0,38.0,-7.0,8.0,-22.0,2.0,1.0,17,95,50,25,85,22,83,35,75,52,53,85,62,12,46,67,39,61,11,22,51,60,60,22,57,50,39,46,44,81
62.0,Xilio,inf,In a relationship,30th,7.0,0.0,0,1.0,No Kids,2.0,2329435.0,3.0,More than 1M,5.0,88.0,45.0,70.0,90.0,76.0,45.0,56.0,5.7,5.7,47.0,45 - 55,10.0,0.0,9.0,0.0,3.0,50.0,inf,9.0,Finance,Finance,0.8,3.0,1.5,0.3,0.6,2.8,1.0,1.6,0.8,2.6,0.1,0.3,2.4,3.4,24.6,5.1,1.8,1.5,1.8,3.3,2.6,0.7,2.14,1.3,0.25,0.55,,0.85,1.3,Triumvirate,35.0,inf,-20.0,15.0,-25.0,1.0,1.0,56,75,98,43,35,98,19,84,67,98,89,18,36,46,17,40,30,29,77,28,38,18,65,38,78,78,68,68,80,82
63.0,IWF,Women,In a relationship,5th,2.0,inf,0,1.0,No Kids,2.0,226769.0,3.0,150K – 250K,2.0,75.0,96.0,58.0,21.0,69.0,96.0,57.0,2.7,2.7,49.0,45 - 55,8.0,10.0,9.0,1.0,1.0,55.0,10.0,2.0,Consulting,Consulting,2.5,2.3,2.4,1.8,2.3,1.5,1.5,2.0,2.8,2.3,1.7,2.6,1.7,8.5,19.2,8.1,12.0,5.4,1.0,4.9,3.4,2.05,2.41,2.0,1.5,1.9,1.25,1.25,1.7,Joyful Striver,78.0,31.0,8.0,-8.0,-25.0,2.0,2.0,44,19,57,75,28,57,66,11,91,56,23,45,56,99,86,47,10,49,17,58,34,39,89,67,83,89,18,97,38,64
64.0,Xilio,Women,Single,30th,7.0,1.0,1,2.0,Kids,1.0,2688505.0,1.0,More than 1M,5.0,55.0,44.0,13.0,97.0,89.0,44.0,84.0,5.6,5.6,35.0,0 - 35,6.0,4.0,5.0,7.0,5.0,50.0,18.0,0.0,Healthcare,Healthcare,1.1,1.3,1.4,1.9,0.8,1.0,1.7,2.3,0.5,1.2,0.7,2.4,1.9,4.2,10.4,4.6,12.5,1.8,0.7,5.7,3.9,0.9,2.18,,1.55,0.65,0.8,1.45,1.95,Striver,81.0,47.0,-8.0,-15.0,0.0,4.0,4.0,87,14,22,49,69,27,16,23,96,80,33,47,89,24,22,95,98,68,70,89,63,65,66,100,37,69,77,84,63,100
65.0,Xilio,Women,inf,25th,6.0,1.0,1,2.0,Kids,1.0,1301741.0,4.0,More than 1M,5.0,42.0,94.0,56.0,26.0,88.0,94.0,39.0,4.9,4.9,66.0,Over 55,4.0,6.0,6.0,10.0,10.0,53.0,14.0,3.0,Consulting,Tech,0.8,1.3,0.2,1.9,2.6,2.2,0.7,0.4,2.9,1.5,0.4,0.1,2.8,3.5,10.5,0.5,13.0,6.1,1.5,2.4,0.7,0.7,2.14,0.15,1.6,2.15,1.85,0.6,0.35,Triumvirate,36.0,88.0,-13.0,-3.0,19.0,2.0,3.0,90,83,82,37,80,85,59,39,11,47,64,42,15,60,49,54,41,86,23,91,82,90,61,52,88,31,48,72,95,15
66.0,IWF,Men,In a relationship,5th,2.0,0.0,0,1.0,No Kids,2.0,3799315.0,4.0,More than 1M,5.0,36.0,72.0,15.0,43.0,55.0,72.0,64.0,8.2,8.2,61.0,Over 55,8.0,9.0,2.0,10.0,7.0,50.0,3.0,3.0,Other,inf,1.6,2.2,2.4,0.8,0.3,0.1,2.4,1.8,0.0,1.4,2.0,0.3,1.3,5.9,18.4,7.9,5.3,0.7,0.1,7.9,3.0,1.35,2.27,1.95,0.65,0.25,0.1,2.0,1.5,Joyful Striver,50.0,52.0,15.0,-4.0,-6.0,5.0,1.0,45,47,86,56,56,49,100,58,85,76,24,51,64,57,67,50,17,23,86,87,76,53,55,19,23,52,90,30,32,79
67.0,IWF,Women,Married,10th,3.0,3.0,3+,4.0,Kids,1.0,1076797.0,4.0,More than 1M,5.0,71.0,81.0,83.0,74.0,21.0,81.0,51.0,4.2,4.2,62.0,Over 55,10.0,8.0,0.0,11.0,15.0,50.0,2.0,0.0,Consulting,Finance,0.4,0.7,0.6,0.0,inf,1.4,1.5,inf,1.4,0.8,2.0,0.1,1.0,2.3,6.0,2.0,0.3,0.9,0.9,4.9,0.2,0.35,2.07,0.5,0.05,0.3,inf,1.2,0.1,Purposeful Striver,4.0,56.0,-3.0,-9.0,-3.0,2.0,1.0,59,22,40,48,80,26,61,21,31,71,92,70,53,17,27,18,78,53,30,39,24,68,87,40,55,41,20,88,33,77
68.0,HBS,Women,Married,20th,5.0,1.0,1,2.0,Kids,1.0,3077262.0,,More than 1M,5.0,inf,34.0,95.0,32.0,19.0,34.0,93.0,7.2,7.2,47.0,45 - 55,2.0,1.0,1.0,5.0,3.0,48.0,8.0,5.0,Tech,Healthcare,2.4,0.3,0.8,2.9,2.9,1.0,1.0,1.5,1.0,1.5,2.3,1.0,2.9,8.2,2.8,2.6,19.3,6.9,0.7,3.3,2.5,2.0,2.4,0.65,2.4,2.45,0.85,0.85,1.25,Purposeful Striver,2.0,15.0,-7.0,-21.0,-16.0,3.0,4.0,13,40,84,79,35,24,42,99,46,48,81,55,27,22,66,18,39,95,33,75,13,24,47,83,96,22,11,88,19,95
69.0,IWF,Men,Married,40th+,9.0,2.0,2,3.0,Kids,1.0,1614398.0,2.0,More than 1M,5.0,12.0,62.0,47.0,23.0,90.0,62.0,49.0,5.1,5.1,38.0,35 - 45,9.0,9.0,1.0,3.0,0.0,55.0,10.0,2.0,inf,Healthcare,0.2,1.1,0.5,0.8,2.0,2.8,0.3,0.5,1.3,0.1,1.5,1.5,2.6,inf,8.9,1.6,5.0,4.7,1.8,1.1,0.8,0.2,2.04,0.4,0.65,1.7,2.3,0.25,0.4,Joyful Striver,6.0,29.0,19.0,18.0,-15.0,2.0,4.0,11,56,77,82,49,24,10,53,29,46,43,95,25,57,92,72,17,91,59,86,47,77,93,97,22,47,32,46,70,49
70.0,HBS,Men,Single,25th,6.0,0.0,0,1.0,No Kids,,2615031.0,1.0,More than 1M,inf,85.0,66.0,48.0,56.0,72.0,66.0,74.0,5.8,5.8,34.0,0 - 35,4.0,7.0,5.0,11.0,10.0,53.0,10.0,9.0,Tech,Finance,3.0,0.9,1.0,2.0,2.5,0.0,0.7,0.5,1.7,0.4,2.7,1.6,1.0,9.9,7.2,3.3,13.5,5.9,0.0,2.4,0.9,2.45,2.49,0.85,1.7,2.1,0.05,0.6,0.45,Purposeful Striver,54.0,8.0,-15.0,-15.0,15.0,3.0,1.0,15,97,13,29,14,88,62,42,33,95,11,98,21,12,47,88,28,57,91,100,29,79,57,23,25,35,72,54,17,100
71.0,inf,Women,Married,20th,5.0,0.0,0,1.0,No Kids,2.0,594685.0,4.0,500K - 1M,4.0,58.0,41.0,93.0,83.0,,41.0,87.0,3.9,3.9,78.0,Over 55,1.0,2.0,4.0,0.0,8.0,54.0,18.0,1.0,Healthcare,Tech,2.3,0.9,2.3,2.1,1.0,1.7,2.8,1.1,1.3,2.7,2.8,0.8,1.4,8.0,7.4,7.6,14.1,2.3,1.1,9.5,1.8,1.95,2.39,1.9,1.75,0.8,1.4,2.35,0.9,Purpose Seeker,4.0,5.0,-25.0,4.0,15.0,4.0,3.0,63,61,28,10,30,72,69,22,93,17,36,70,29,74,41,86,68,52,54,68,32,70,50,43,49,90,31,23,57,75
72.0,IWF,Men,In a relationship,1st,1.0,4.0,3+,4.0,Kids,1.0,2909190.0,4.0,More than 1M,5.0,10.0,34.0,73.0,36.0,54.0,34.0,25.0,7.2,7.2,68.0,Over 55,4.0,10.0,3.0,5.0,3.0,49.0,14.0,7.0,Tech,Tech,0.6,0.7,1.6,1.8,2.0,2.2,0.9,1.3,1.2,2.3,2.4,2.7,1.2,2.8,5.8,5.2,12.2,4.7,1.5,3.1,2.2,0.5,2.1,1.3,1.55,1.7,1.85,0.75,1.1,Purpose Seeker,54.0,29.0,-2.0,-11.0,-21.0,3.0,3.0,13,65,79,81,87,48,43,87,74,90,83,27,54,82,95,31,64,25,73,62,46,89,68,26,81,14,70,52,85,18
73.0,HBS,Women,In a relationship,40th+,9.0,4.0,3+,4.0,Kids,1.0,1341736.0,3.0,More than 1M,5.0,85.0,96.0,99.0,94.0,inf,96.0,81.0,4.6,4.6,52.0,45 - 55,4.0,4.0,9.0,4.0,11.0,54.0,8.0,4.0,Healthcare,Healthcare,0.0,0.1,0.6,0.9,1.8,1.5,0.5,1.9,2.2,1.3,1.9,1.1,0.4,1.0,1.1,2.0,6.3,4.2,1.0,1.7,3.1,0.0,2.0,0.5,0.8,1.5,1.2,0.4,1.55,Purpose Seeker,63.0,47.0,-19.0,1.0,-25.0,4.0,4.0,63,24,91,96,13,22,13,97,74,61,96,79,73,40,75,25,39,44,73,61,71,99,76,30,90,58,35,94,38,20
74.0,IWF,Men,Single,10th,3.0,3.0,3+,4.0,Kids,1.0,1037293.0,4.0,More than 1M,5.0,63.0,14.0,53.0,42.0,53.0,14.0,68.0,inf,5.0,72.0,Over 55,8.0,9.0,0.0,9.0,,54.0,11.0,3.0,Consulting,Other,2.4,0.1,2.6,0.8,1.8,0.3,1.4,0.2,2.1,1.6,0.9,0.1,2.9,8.3,inf,8.8,5.4,4.2,0.2,4.6,0.4,2.05,2.41,2.2,0.7,1.5,0.2,1.15,0.2,Purposeful Striver,18.0,68.0,-1.0,9.0,-9.0,2.0,5.0,72,38,22,72,32,90,26,35,90,100,81,91,68,35,86,41,88,62,35,90,17,32,83,76,39,100,21,93,96,29
75.0,Xilio,Women,Married,1st,1.0,1.0,1,2.0,Kids,1.0,4804183.0,1.0,More than 1M,5.0,37.0,46.0,32.0,62.0,80.0,46.0,62.0,7.5,7.5,31.0,0 - 35,10.0,5.0,0.0,6.0,5.0,49.0,12.0,4.0,Consulting,Finance,2.1,3.0,2.6,1.8,2.0,2.9,0.9,1.5,2.5,1.1,2.9,0.9,1.2,7.4,24.7,8.8,12.0,4.8,1.9,3.1,2.5,1.75,2.35,2.2,1.5,1.7,2.45,0.75,1.25,Joyful Striver,90.0,76.0,-5.0,7.0,-4.0,2.0,1.0,27,17,32,76,93,41,13,30,10,42,32,89,99,90,96,75,45,43,41,40,46,86,93,67,90,14,41,42,35,52
76.0,HBS,Women,In a relationship,10th,3.0,1.0,1,2.0,Kids,1.0,3396612.0,4.0,More than 1M,5.0,97.0,98.0,96.0,74.0,87.0,98.0,inf,7.5,7.5,64.0,Over 55,10.0,10.0,1.0,10.0,12.0,53.0,6.0,8.0,Tech,Tech,2.2,1.3,2.6,2.6,1.7,1.6,0.1,0.5,0.7,2.2,0.8,1.6,2.6,7.6,10.7,8.7,17.3,4.0,1.0,0.4,0.9,1.8,2.36,2.2,2.15,1.45,1.3,0.1,0.45,Flourisher,44.0,45.0,-11.0,-6.0,8.0,3.0,3.0,99,14,92,13,24,18,52,37,12,90,77,24,31,65,34,99,64,12,66,24,54,56,75,88,74,80,18,12,46,67
77.0,IWF,Men,Married,25th,6.0,4.0,3+,4.0,Kids,1.0,53247.0,2.0,Less than 150K,1.0,49.0,81.0,71.0,26.0,50.0,81.0,77.0,3.1,3.1,45.0,35 - 45,3.0,5.0,3.0,3.0,4.0,49.0,12.0,0.0,Tech,Other,2.3,1.2,0.7,2.8,1.3,1.8,1.0,1.7,1.8,2.4,0.6,1.2,0.6,7.9,9.6,2.4,18.9,3.0,1.2,3.2,2.9,1.95,2.39,0.6,2.35,inf,1.55,0.8,1.45,Purpose Seeker,34.0,2.0,-25.0,-10.0,19.0,3.0,5.0,53,38,84,67,17,49,99,57,55,51,23,57,56,43,67,23,53,77,62,29,42,26,36,17,67,57,78,96,61,87
78.0,HBS,Women,Married,10th,3.0,4.0,3+,4.0,Kids,1.0,2734238.0,4.0,More than 1M,5.0,82.0,67.0,98.0,35.0,24.0,67.0,55.0,6.1,6.1,59.0,Over 55,7.0,0.0,1.0,7.0,5.0,50.0,1.0,6.0,Consulting,Other,0.2,2.0,1.4,inf,0.8,0.7,1.6,1.9,1.8,2.3,1.3,0.8,1.6,1.7,17.0,4.5,2.1,1.9,0.5,5.4,3.2,,2.04,1.15,0.25,0.7,0.6,1.35,1.6,Flourisher,74.0,27.0,-14.0,8.0,15.0,2.0,5.0,43,56,10,34,50,29,13,49,64,85,72,81,38,18,84,47,36,14,42,14,16,66,41,47,97,27,99,53,47,35
79.0,HBS,Men,Married,1st,1.0,4.0,3+,4.0,Kids,1.0,2660708.0,4.0,More than 1M,5.0,54.0,46.0,79.0,20.0,70.0,46.0,43.0,6.2,6.2,72.0,Over 55,1.0,1.0,6.0,6.0,5.0,50.0,8.0,5.0,Healthcare,Other,1.1,0.7,3.0,0.5,,1.5,1.7,inf,1.1,2.2,0.2,0.4,0.1,4.2,5.5,9.8,3.1,5.4,1.0,5.5,2.8,0.9,2.18,2.45,0.4,1.9,1.2,1.4,1.4,Purposeful Striver,62.0,36.0,-19.0,-24.0,3.0,4.0,5.0,83,77,97,56,28,99,10,75,84,36,74,22,95,71,42,17,86,19,61,16,31,63,65,35,57,15,80,96,15,47
80.0,Xilio,Women,Married,10th,3.0,2.0,2,3.0,Kids,1.0,3524679.0,4.0,More than 1M,5.0,47.0,62.0,99.0,25.0,66.0,62.0,97.0,6.2,6.2,58.0,Over 55,6.0,0.0,0.0,9.0,3.0,48.0,3.0,3.0,Finance,Other,0.3,2.8,2.3,2.8,0.7,1.3,1.1,2.2,1.5,0.6,2.9,2.5,2.3,2.0,23.7,7.7,18.9,1.6,0.9,3.6,3.7,0.3,2.06,1.95,2.35,0.55,1.05,0.9,1.85,Purposeful Striver,14.0,36.0,-11.0,9.0,-22.0,1.0,5.0,71,85,63,47,55,100,80,82,97,17,77,52,54,22,97,30,87,61,27,27,14,100,19,73,58,75,42,100,17,45
81.0,Xilio,Women,Married,25th,6.0,3.0,3+,4.0,Kids,1.0,1797640.0,4.0,More than 1M,inf,18.0,94.0,68.0,33.0,92.0,94.0,85.0,5.0,5.0,58.0,Over 55,0.0,3.0,3.0,5.0,6.0,52.0,15.0,3.0,Tech,Consulting,2.6,2.4,0.1,2.2,2.1,0.2,1.3,1.0,0.9,1.0,1.8,3.0,1.7,8.8,19.7,0.3,14.7,4.8,0.1,4.5,1.7,2.15,2.43,0.05,1.85,1.75,0.2,1.1,0.85,Joyful Striver,48.0,26.0,-5.0,14.0,-21.0,3.0,2.0,23,54,80,24,37,94,59,96,95,32,72,69,86,78,75,65,63,38,44,65,24,61,49,39,98,86,33,44,26,64
82.0,Xilio,Men,Single,25th,6.0,2.0,2,3.0,Kids,1.0,2643740.0,2.0,More than 1M,5.0,59.0,16.0,35.0,89.0,61.0,16.0,59.0,6.3,6.3,43.0,35 - 45,6.0,2.0,3.0,10.0,0.0,48.0,2.0,7.0,Healthcare,Tech,1.9,0.3,0.2,2.6,0.7,0.3,2.9,2.3,0.4,1.4,1.7,1.0,1.9,6.6,2.2,0.7,17.7,1.6,0.2,9.7,3.8,1.55,2.31,0.15,2.2,0.6,0.25,2.4,1.9,Purpose Seeker,15.0,43.0,-7.0,2.0,-15.0,4.0,3.0,57,11,98,72,100,91,82,88,73,73,99,66,18,50,39,55,57,40,21,84,30,31,26,18,11,51,98,34,85,15
83.0,Xilio,Men,Married,30th,7.0,1.0,1,2.0,Kids,1.0,1315160.0,4.0,More than 1M,5.0,13.0,11.0,22.0,46.0,25.0,11.0,84.0,5.3,5.3,69.0,Over 55,1.0,7.0,8.0,0.0,6.0,49.0,6.0,1.0,Healthcare,Finance,1.0,1.3,1.4,0.6,1.9,2.5,1.1,1.3,0.6,1.0,2.0,1.1,0.2,4.0,10.4,4.6,4.1,4.4,1.7,3.8,2.2,0.85,2.17,1.15,0.5,1.55,2.1,0.95,1.1,Joyful Striver,72.0,27.0,3.0,13.0,-5.0,4.0,1.0,24,36,94,30,77,86,70,86,54,29,90,80,33,86,90,52,39,75,60,100,98,92,67,41,98,61,78,95,71,12
84.0,HBS,Women,In a relationship,25th,6.0,3.0,3+,4.0,Kids,1.0,1455472.0,4.0,More than 1M,5.0,69.0,35.0,29.0,37.0,33.0,35.0,18.0,4.5,4.5,59.0,Over 55,0.0,10.0,6.0,,1.0,49.0,,2.0,Other,Consulting,0.2,2.6,2.7,1.8,2.2,0.7,0.8,1.5,0.3,2.3,1.5,1.9,0.6,1.6,22.0,9.1,11.8,5.2,0.5,2.6,2.4,0.15,2.03,2.25,1.45,1.85,0.6,0.65,1.2,Striver,78.0,69.0,-1.0,-20.0,9.0,5.0,2.0,81,45,24,66,24,89,44,32,35,25,96,26,24,10,43,55,48,85,98,99,26,48,15,20,23,20,47,17,95,74
85.0,Xilio,Men,Married,25th,6.0,3.0,3+,4.0,Kids,1.0,78984.0,4.0,Less than 150K,1.0,32.0,56.0,10.0,36.0,57.0,56.0,11.0,2.7,2.7,74.0,Over 55,6.0,6.0,5.0,9.0,9.0,52.0,19.0,3.0,Healthcare,Other,0.9,2.8,1.6,2.1,0.7,0.6,0.7,1.9,2.0,1.0,0.1,2.2,0.2,3.8,23.6,5.4,14.0,1.5,0.4,2.4,3.2,0.8,2.16,1.35,1.75,0.55,,0.6,1.6,Joy Seeker,87.0,20.0,7.0,-17.0,-14.0,4.0,5.0,87,45,74,62,46,82,17,90,86,26,73,59,45,98,95,57,22,100,19,54,65,22,48,95,26,35,20,71,87,73
86.0,IWF,Women,In a relationship,20th,5.0,4.0,3+,4.0,Kids,1.0,2430070.0,3.0,More than 1M,5.0,76.0,27.0,76.0,74.0,58.0,27.0,45.0,5.6,5.6,48.0,inf,6.0,5.0,6.0,2.0,11.0,48.0,2.0,9.0,Tech,Other,1.0,1.4,1.5,2.0,0.2,1.5,1.4,0.1,2.0,0.4,1.8,1.2,0.9,inf,11.7,5.0,13.6,0.4,1.0,4.6,0.1,0.8,2.16,1.25,1.7,0.15,1.25,1.15,0.05,Striver,62.0,11.0,6.0,-6.0,0.0,3.0,5.0,96,35,85,55,10,72,33,57,74,89,41,41,22,56,78,79,25,78,61,37,59,87,27,43,40,30,41,27,43,67
87.0,Xilio,Men,Married,20th,5.0,2.0,2,3.0,Kids,1.0,3295879.0,3.0,More than 1M,5.0,15.0,20.0,59.0,95.0,41.0,20.0,50.0,7.4,7.4,53.0,45 - 55,10.0,9.0,2.0,0.0,7.0,55.0,4.0,4.0,Tech,Finance,2.2,1.8,0.3,1.2,0.4,2.3,2.3,2.0,2.9,1.2,2.1,2.7,1.9,7.6,15.3,1.1,8.2,0.9,1.5,7.6,3.3,1.8,2.36,0.25,1.0,0.35,1.9,1.9,1.65,Joy Seeker,40.0,74.0,9.0,-25.0,-7.0,3.0,1.0,71,52,80,23,76,85,92,11,33,28,88,31,100,13,57,93,53,46,43,59,16,75,82,27,19,75,73,37,28,67
88.0,IWF,Women,Single,20th,5.0,3.0,3+,4.0,Kids,1.0,1534384.0,2.0,More than 1M,5.0,61.0,23.0,91.0,inf,28.0,23.0,51.0,5.0,5.0,36.0,35 - 45,2.0,9.0,7.0,10.0,9.0,49.0,7.0,4.0,Finance,Other,1.9,0.5,2.0,0.0,1.8,0.2,0.6,1.9,2.2,2.9,1.3,1.7,1.7,6.7,4.2,6.6,0.3,4.2,0.1,2.1,3.1,1.6,2.32,1.65,0.05,1.5,0.15,0.5,1.55,Purposeful Striver,85.0,38.0,18.0,-18.0,19.0,1.0,5.0,49,36,24,85,33,53,45,93,83,17,22,64,53,72,49,40,80,36,76,11,59,61,81,28,79,49,81,84,79,27
89.0,Xilio,Women,Married,25th,6.0,3.0,inf,4.0,Kids,1.0,2260919.0,4.0,More than 1M,5.0,59.0,58.0,84.0,30.0,72.0,58.0,44.0,5.4,5.4,58.0,Over 55,5.0,8.0,2.0,10.0,,50.0,8.0,2.0,Other,Tech,2.7,3.0,2.5,1.7,2.5,1.7,2.1,0.9,0.2,0.7,2.3,1.4,1.8,9.0,24.8,8.2,11.7,5.9,1.2,7.1,1.5,2.2,2.44,2.05,1.45,2.1,1.45,1.75,0.75,Purposeful Striver,80.0,6.0,12.0,-3.0,-19.0,5.0,3.0,94,78,30,26,36,47,59,29,44,47,75,66,80,61,60,42,36,96,48,93,69,23,98,63,98,65,29,21,91,32
90.0,IWF,Women,Married,40th+,9.0,2.0,2,3.0,Kids,1.0,1782126.0,4.0,More than 1M,5.0,71.0,82.0,41.0,17.0,17.0,82.0,23.0,5.4,5.4,67.0,Over 55,10.0,0.0,4.0,3.0,11.0,54.0,1.0,4.0,Healthcare,Consulting,1.4,0.7,1.1,0.8,0.1,0.4,0.1,0.3,2.7,1.8,0.7,1.9,1.6,5.2,5.8,3.8,,0.3,0.2,0.2,0.4,1.2,2.24,0.95,0.65,0.1,0.3,0.05,0.2,Striver,82.0,72.0,0.0,-23.0,-19.0,4.0,2.0,89,29,28,48,49,92,52,68,33,47,28,22,81,19,89,53,54,42,17,77,92,82,51,91,46,60,43,73,46,38
91.0,IWF,Men,Single,25th,6.0,2.0,2,3.0,Kids,1.0,4360634.0,3.0,More than 1M,5.0,70.0,24.0,90.0,52.0,21.0,24.0,40.0,8.3,8.3,52.0,45 - 55,3.0,7.0,2.0,2.0,8.0,49.0,14.0,5.0,Consulting,Tech,0.4,2.8,2.3,1.4,2.2,0.1,1.3,0.3,2.6,1.3,,2.9,0.8,2.1,23.6,7.8,9.0,5.1,0.1,4.2,0.5,0.3,2.06,1.95,1.15,1.85,0.1,1.05,0.25,Joyful Striver,53.0,23.0,-15.0,-22.0,0.0,2.0,3.0,91,20,69,18,72,69,36,55,37,62,33,56,87,37,22,80,44,77,38,86,16,83,13,46,73,29,51,11,47,32
92.0,Xilio,Women,Married,1st,1.0,2.0,2,3.0,Kids,1.0,1767095.0,2.0,More than 1M,5.0,23.0,30.0,73.0,87.0,67.0,30.0,63.0,5.6,5.6,36.0,35 - 45,0.0,6.0,5.0,5.0,3.0,51.0,13.0,5.0,Consulting,Consulting,2.1,1.9,2.9,2.9,1.0,0.2,2.3,2.8,1.3,0.2,0.5,2.4,0.7,7.4,16.2,9.6,19.2,2.4,0.1,7.8,4.6,1.8,2.36,2.4,2.4,0.85,0.15,1.95,2.3,inf,24.0,47.0,9.0,-1.0,14.0,2.0,2.0,62,83,98,86,70,80,41,12,89,99,97,96,85,15,99,17,88,68,31,33,49,72,29,91,39,90,17,68,24,45
93.0,Xilio,Women,Single,15th,4.0,4.0,3+,4.0,Kids,,2141138.0,4.0,More than 1M,5.0,16.0,66.0,85.0,67.0,56.0,66.0,28.0,5.2,5.2,68.0,Over 55,7.0,2.0,1.0,9.0,10.0,54.0,0.0,3.0,Consulting,Finance,2.3,1.8,0.6,1.2,1.4,2.5,1.0,2.1,1.8,1.5,1.1,0.1,0.4,7.8,inf,2.0,8.0,3.3,1.7,3.4,3.4,1.9,2.38,0.5,1.0,1.2,2.1,0.85,1.7,Purpose Seeker,26.0,90.0,-18.0,12.0,-21.0,2.0,1.0,33,47,42,88,45,57,87,64,25,40,20,71,45,36,40,82,37,73,93,57,54,80,37,21,43,89,75,46,49,79
inf,HBS,Men,In a relationship,30th,inf,2.0,2,3.0,Kids,1.0,4810450.0,3.0,More than 1M,5.0,27.0,97.0,38.0,30.0,58.0,97.0,65.0,8.6,8.6,50.0,45 - 55,10.0,6.0,6.0,2.0,4.0,52.0,5.0,9.0,Finance,Other,1.7,1.5,1.6,2.5,2.8,0.4,1.7,0.4,2.9,2.1,2.5,1.0,2.5,6.1,12.8,5.2,16.8,6.5,0.2,5.6,0.6,1.4,2.28,1.3,2.1,2.3,0.3,1.4,0.3,Flourisher,89.0,46.0,20.0,-11.0,-5.0,1.0,5.0,35,15,58,91,33,27,27,21,68,53,68,63,70,21,48,11,16,94,79,54,68,37,49,13,27,66,30,13,18,90
95.0,Xilio,Men,In a relationship,30th,7.0,2.0,2,3.0,Kids,1.0,2139818.0,2.0,More than 1M,5.0,13.0,50.0,71.0,46.0,59.0,50.0,50.0,5.4,5.4,36.0,35 - 45,7.0,5.0,1.0,11.0,2.0,48.0,8.0,5.0,Other,Other,2.3,0.7,0.9,0.6,1.0,0.1,0.6,1.1,1.6,1.5,2.5,1.4,1.8,7.9,5.8,2.9,3.8,2.3,0.1,2.0,1.8,1.95,2.39,0.7,0.45,0.85,0.1,0.5,0.9,Triumvirate,60.0,12.0,-12.0,-5.0,-12.0,5.0,,98,81,44,15,33,25,37,49,90,69,95,38,90,71,72,26,71,97,70,67,97,98,74,52,97,14,88,50,62,91
96.0,Xilio,Women,,10th,3.0,1.0,1,2.0,Kids,1.0,2261785.0,2.0,More than 1M,5.0,99.0,31.0,57.0,49.0,inf,,69.0,5.0,5.0,36.0,35 - 45,1.0,3.0,4.0,3.0,11.0,53.0,16.0,8.0,Consulting,Finance,1.5,0.5,2.4,2.0,1.4,1.3,2.2,1.8,2.7,2.6,1.1,0.9,0.6,5.4,4.4,7.9,13.4,3.3,0.9,7.4,3.0,1.25,2.25,2.0,1.7,1.15,1.1,1.85,1.5,Purpose Seeker,41.0,90.0,-16.0,9.0,-22.0,2.0,1.0,69,32,53,100,13,64,38,75,63,85,24,31,49,61,57,61,60,53,52,45,84,55,53,36,72,23,79,54,79,15
97.0,IWF,Men,In a relationship,20th,5.0,2.0,2,3.0,Kids,1.0,4513302.0,4.0,More than 1M,5.0,23.0,10.0,29.0,32.0,20.0,10.0,44.0,8.6,8.6,59.0,Over 55,0.0,0.0,3.0,11.0,4.0,49.0,10.0,3.0,Finance,Healthcare,1.6,0.7,1.7,2.9,0.0,2.5,0.2,2.5,,0.9,1.8,2.1,0.5,5.7,5.5,5.8,19.5,0.1,1.7,inf,4.2,1.3,2.26,1.45,2.45,0.05,2.1,0.15,2.1,Flourisher,29.0,13.0,-24.0,20.0,-3.0,1.0,4.0,50,56,99,32,76,48,25,87,88,26,19,74,36,57,96,54,55,97,58,11,64,37,32,60,58,33,14,43,75,43
98.0,HBS,Men,Married,25th,6.0,inf,3+,4.0,Kids,1.0,2978089.0,2.0,More than 1M,5.0,23.0,78.0,97.0,40.0,42.0,78.0,80.0,6.7,6.7,39.0,35 - 45,10.0,10.0,1.0,0.0,5.0,48.0,19.0,5.0,Consulting,Healthcare,1.3,,1.9,0.3,0.2,0.8,2.6,0.1,0.6,0.3,2.2,2.5,2.6,4.8,4.7,6.3,2.0,0.6,0.5,8.5,0.2,1.05,2.21,1.6,0.25,0.2,0.65,2.15,0.1,,15.0,62.0,20.0,-12.0,16.0,2.0,4.0,38,99,20,68,43,77,56,25,25,88,50,38,10,76,57,46,29,58,38,27,73,11,66,14,65,77,76,96,89,53
99.0,IWF,Men,Married,20th,5.0,3.0,3+,4.0,Kids,1.0,2755928.0,3.0,More than 1M,5.0,77.0,27.0,26.0,45.0,17.0,27.0,77.0,6.3,6.3,49.0,45 - 55,6.0,4.0,10.0,8.0,2.0,55.0,3.0,6.0,Tech,Healthcare,0.1,inf,2.4,0.0,0.8,1.3,0.6,0.7,1.3,2.8,0.7,2.2,2.2,1.2,19.5,8.0,0.2,1.8,0.8,2.0,inf,0.05,2.01,2.0,0.0,inf,1.05,,0.6,Triumvirate,45.0,82.0,-17.0,10.0,-6.0,3.0,4.0,24,55,81,100,66,68,68,92,24,82,36,57,43,55,70,51,47,62,90,58,74,26,56,15,100,61,52,22,61,53
100.0,IWF,Men,In a relationship,5th,2.0,2.0,2,3.0,Kids,inf,3883339.0,1.0,inf,5.0,93.0,60.0,34.0,76.0,56.0,60.0,95.0,7.5,7.5,32.0,0 - 35,6.0,4.0,10.0,3.0,3.0,48.0,11.0,7.0,Other,Other,0.3,1.1,1.2,1.3,0.1,0.1,2.6,2.7,1.8,1.1,0.5,3.0,2.0,2.0,8.8,4.0,8.7,0.2,0.1,8.7,4.4,0.25,2.05,1.0,1.1,0.05,0.1,2.2,2.2,Flourisher,65.0,89.0,-23.0,-14.0,-11.0,5.0,5.0,54,21,87,55,58,98,40,43,20,48,69,14,77,83,21,53,70,83,40,17,63,68,22,86,67,57,25,16,10,36
inf,HBS,Men,Married,40th+,9.0,2.0,2,3.0,Kids,1.0,1873400.0,2.0,More than 1M,5.0,11.0,65.0,75.0,41.0,91.0,65.0,35.0,4.5,4.5,38.0,35 - 45,4.0,0.0,5.0,8.0,7.0,51.0,5.0,inf,Consulting,Tech,,0.2,2.7,0.3,1.9,1.3,1.1,0.0,2.4,1.7,2.9,0.8,1.2,1.3,1.4,9.2,1.9,4.4,0.9,3.5,0.0,0.1,2.02,2.3,0.25,1.6,1.1,0.9,0.0,Joy Seeker,89.0,60.0,-5.0,-9.0,19.0,2.0,3.0,74,99,83,47,96,71,13,53,74,51,82,44,97,24,87,90,41,58,62,67,49,61,25,96,36,97,82,41,39,61
102.0,HBS,Women,Single,1st,1.0,3.0,3+,4.0,Kids,1.0,1109111.0,3.0,More than 1M,5.0,43.0,73.0,41.0,99.0,34.0,73.0,64.0,4.1,4.1,49.0,45 - 55,9.0,10.0,2.0,9.0,11.0,55.0,18.0,7.0,Finance,Finance,1.9,2.9,1.6,2.2,inf,1.7,2.2,0.6,3.0,2.4,1.9,2.6,0.8,6.7,24.2,5.3,15.0,3.0,1.2,7.2,1.0,1.6,2.32,1.35,1.85,1.05,1.45,1.8,0.5,Purpose Seeker,71.0,43.0,0.0,13.0,3.0,1.0,1.0,98,22,75,23,62,22,46,15,88,57,61,83,30,80,65,47,35,75,43,24,62,13,99,65,64,56,44,32,10,51
103.0,HBS,Women,Married,40th+,9.0,1.0,1,2.0,Kids,1.0,1026107.0,4.0,More than 1M,5.0,94.0,29.0,46.0,58.0,60.0,29.0,21.0,4.0,4.0,56.0,Over 55,0.0,4.0,2.0,inf,9.0,55.0,14.0,5.0,Other,Healthcare,0.9,2.7,0.5,2.7,1.6,1.7,1.0,inf,1.2,1.0,2.9,2.3,2.9,3.8,22.1,1.6,18.3,3.8,1.1,inf,4.8,0.8,2.16,0.4,2.3,1.35,1.45,0.8,2.4,Joyful Striver,9.0,76.0,-18.0,-17.0,-18.0,5.0,4.0,80,71,55,81,32,90,26,86,99,21,37,92,42,45,27,15,67,72,47,26,53,86,64,98,94,69,92,58,48,34
104.0,Xilio,Women,Married,1st,1.0,1.0,1,2.0,Kids,1.0,3551441.0,4.0,More than 1M,5.0,87.0,16.0,57.0,50.0,95.0,16.0,53.0,6.9,6.9,78.0,Over 55,8.0,2.0,9.0,10.0,0.0,54.0,15.0,6.0,Other,Healthcare,1.5,2.8,2.1,1.3,0.5,1.0,2.7,1.8,0.1,2.1,1.0,1.1,2.4,5.6,23.2,7.0,8.7,1.2,,9.1,3.1,1.25,2.25,1.75,1.1,0.45,0.85,2.25,1.55,Purpose Seeker,88.0,68.0,-24.0,9.0,15.0,inf,4.0,18,91,18,71,78,15,48,73,77,98,74,80,16,23,36,77,48,34,66,32,72,91,74,77,28,82,52,81,25,83
105.0,Xilio,Men,Single,5th,2.0,2.0,2,3.0,Kids,1.0,4575583.0,4.0,More than 1M,5.0,18.0,60.0,23.0,85.0,73.0,60.0,83.0,8.4,8.4,67.0,Over 55,4.0,6.0,2.0,6.0,6.0,48.0,13.0,3.0,Tech,Tech,2.7,3.0,2.4,0.8,0.9,0.9,0.4,0.8,2.4,0.4,2.1,2.2,0.9,9.2,24.9,7.9,5.2,2.1,0.6,1.3,1.3,2.25,2.45,2.0,0.65,0.75,0.8,0.3,0.65,Joyful Striver,1.0,5.0,-20.0,-13.0,-7.0,3.0,3.0,97,98,12,44,62,92,57,31,52,27,26,55,74,87,37,60,29,13,13,75,11,12,90,53,32,12,48,56,26,48
106.0,HBS,Women,In a relationship,10th,3.0,4.0,3+,4.0,Kids,1.0,1900230.0,4.0,More than 1M,5.0,51.0,26.0,68.0,34.0,33.0,26.0,55.0,5.5,5.5,72.0,Over 55,7.0,2.0,2.0,1.0,4.0,55.0,4.0,6.0,Healthcare,Healthcare,0.7,0.5,1.0,1.3,2.0,0.3,0.5,0.2,1.8,0.9,0.7,0.3,2.5,3.2,4.3,3.2,8.7,4.6,0.2,1.8,0.3,0.6,2.12,0.8,1.1,1.65,0.25,0.45,0.15,Joy Seeker,8.0,37.0,2.0,-11.0,13.0,4.0,4.0,10,69,94,28,71,86,55,27,78,88,53,44,12,12,91,44,91,60,11,79,88,46,25,24,56,18,19,46,91,48
107.0,HBS,Women,In a relationship,15th,4.0,0.0,0,1.0,No Kids,2.0,3777389.0,2.0,More than 1M,5.0,40.0,35.0,36.0,44.0,43.0,35.0,13.0,8.5,8.5,39.0,35 - 45,5.0,1.0,0.0,4.0,14.0,48.0,6.0,8.0,Healthcare,Healthcare,1.2,1.2,2.6,2.2,2.9,1.1,1.5,0.1,0.6,0.4,0.8,2.4,2.3,4.7,9.9,8.6,14.5,6.8,0.7,4.9,0.1,1.05,2.21,2.15,1.8,2.4,0.9,1.25,0.05,Purpose Seeker,88.0,72.0,3.0,-8.0,20.0,4.0,4.0,17,52,35,39,50,69,99,21,22,15,19,54,60,76,89,67,59,20,21,36,30,33,46,99,88,91,83,57,31,21
108.0,HBS,Women,Single,5th,2.0,2.0,2,3.0,Kids,1.0,4172807.0,3.0,More than 1M,,34.0,84.0,11.0,73.0,39.0,84.0,64.0,8.1,8.1,52.0,45 - 55,8.0,3.0,8.0,9.0,1.0,48.0,15.0,6.0,Tech,Tech,2.3,2.3,2.7,0.0,0.2,0.3,0.2,0.7,1.5,2.4,1.5,1.6,0.9,7.8,19.0,9.1,0.2,0.4,0.2,0.8,1.2,1.9,,2.25,0.0,0.15,0.25,0.2,0.6,Purpose Seeker,63.0,31.0,0.0,7.0,2.0,3.0,3.0,97,85,81,87,66,99,57,61,19,52,72,22,88,95,61,66,88,26,44,46,97,81,61,51,75,92,29,38,95,20
109.0,HBS,Men,Married,1st,1.0,3.0,3+,4.0,Kids,1.0,4713874.0,4.0,More than 1M,5.0,45.0,98.0,89.0,22.0,44.0,98.0,33.0,8.8,8.8,65.0,Over 55,0.0,0.0,2.0,5.0,1.0,51.0,16.0,6.0,Finance,Tech,0.7,2.1,0.8,1.8,2.7,2.3,0.6,2.6,2.2,0.7,inf,0.9,1.3,3.1,17.4,2.8,11.8,6.2,1.5,2.0,4.4,0.55,2.11,0.7,1.45,2.25,1.9,0.5,2.2,Purposeful Striver,11.0,9.0,-1.0,-20.0,20.0,1.0,3.0,72,77,57,93,69,23,48,60,84,44,91,19,63,28,25,82,61,75,79,58,59,44,19,20,60,33,10,46,40,12
110.0,HBS,Women,Married,25th,6.0,2.0,2,3.0,Kids,1.0,3632279.0,,More than 1M,5.0,91.0,81.0,39.0,74.0,63.0,81.0,46.0,7.3,7.3,45.0,35 - 45,8.0,7.0,0.0,2.0,3.0,55.0,6.0,3.0,Other,Other,0.2,0.5,3.0,1.8,1.7,2.9,2.8,1.2,2.3,2.2,0.5,2.0,0.6,1.7,3.8,9.8,12.3,4.0,1.9,9.4,2.1,0.2,2.04,2.45,1.55,1.45,2.4,2.35,1.05,Joyful Striver,81.0,51.0,-14.0,1.0,1.0,5.0,5.0,20,14,75,34,63,63,13,80,91,63,56,75,89,85,86,15,95,79,81,73,90,11,47,82,93,13,15,32,49,31
111.0,Xilio,Women,Single,5th,2.0,2.0,2,3.0,Kids,1.0,2151690.0,2.0,More than 1M,5.0,11.0,65.0,87.0,89.0,82.0,65.0,17.0,4.6,4.6,40.0,35 - 45,6.0,7.0,0.0,2.0,4.0,54.0,17.0,1.0,Tech,Tech,0.9,2.4,0.4,1.9,1.7,2.9,2.9,2.2,1.5,2.8,0.8,1.9,0.3,3.6,20.4,1.4,12.8,3.9,1.9,9.8,3.6,0.7,2.14,0.35,1.6,1.4,2.45,2.45,1.8,Purpose Seeker,8.0,29.0,-21.0,-3.0,-22.0,3.0,3.0,90,46,79,49,79,13,39,57,50,71,47,79,83,63,67,22,31,82,30,43,61,42,53,20,37,18,62,47,36,13
112.0,Xilio,Men,Single,1st,1.0,0.0,0,1.0,No Kids,2.0,3021650.0,3.0,More than 1M,5.0,95.0,34.0,96.0,34.0,98.0,34.0,12.0,6.6,6.6,51.0,45 - 55,9.0,5.0,6.0,10.0,7.0,52.0,7.0,4.0,Finance,Tech,0.5,,0.6,0.7,1.5,2.6,1.1,2.8,0.9,,0.1,0.6,2.2,2.5,5.6,2.0,4.8,3.5,1.7,3.8,4.6,0.4,2.08,0.5,0.6,1.25,2.15,0.95,2.3,Joy Seeker,35.0,78.0,8.0,1.0,-11.0,1.0,3.0,17,81,37,97,66,48,39,28,59,78,79,81,68,78,18,68,62,78,70,27,18,85,83,75,66,10,55,53,45,17
113.0,HBS,Men,Married,5th,2.0,2.0,2,3.0,Kids,1.0,521234.0,2.0,500K - 1M,4.0,80.0,38.0,32.0,87.0,90.0,38.0,92.0,3.6,3.6,39.0,35 - 45,2.0,6.0,9.0,2.0,12.0,54.0,14.0,7.0,Tech,Tech,2.8,0.7,0.6,2.1,0.2,1.8,2.8,1.2,2.9,1.6,2.1,0.1,0.8,9.4,5.6,1.8,14.3,0.5,1.2,9.2,2.0,2.3,2.46,0.45,1.8,0.15,1.5,2.3,1.0,Purpose Seeker,35.0,40.0,11.0,8.0,9.0,3.0,3.0,44,40,35,23,19,81,31,15,96,91,85,34,15,19,35,95,94,93,44,73,29,95,63,36,67,44,75,14,13,23
114.0,Xilio,Men,Single,5th,2.0,4.0,3+,4.0,Kids,1.0,1978260.0,1.0,More than 1M,5.0,93.0,26.0,39.0,71.0,41.0,26.0,14.0,6.6,6.6,32.0,0 - 35,3.0,6.0,inf,2.0,7.0,51.0,18.0,5.0,Other,Healthcare,2.4,1.6,2.7,0.3,0.3,2.1,1.6,0.6,2.0,1.4,1.5,1.3,2.5,8.3,13.4,8.9,1.8,0.6,,5.4,1.0,2.0,2.4,2.25,0.25,0.2,1.75,1.35,0.5,Purposeful Striver,33.0,41.0,-11.0,20.0,11.0,5.0,4.0,44,18,34,35,49,34,84,93,80,25,62,53,38,42,37,39,75,38,57,83,92,86,60,67,24,83,47,61,78,93
115.0,HBS,Men,In a relationship,30th,7.0,0.0,0,1.0,No Kids,2.0,4363486.0,3.0,More than 1M,5.0,78.0,78.0,25.0,55.0,88.0,78.0,57.0,8.1,8.1,51.0,45 - 55,10.0,9.0,3.0,7.0,5.0,48.0,9.0,6.0,,Other,1.9,1.8,2.0,0.6,1.8,0.9,0.8,1.6,1.2,1.0,0.3,1.7,3.0,6.7,14.8,6.5,4.0,4.2,0.6,2.7,2.6,1.6,2.32,1.65,0.5,1.5,0.7,0.65,1.3,Striver,5.0,86.0,18.0,12.0,-25.0,3.0,5.0,42,60,21,96,16,86,75,36,68,17,87,69,26,22,86,11,52,94,24,53,27,19,61,99,25,21,42,49,34,97
116.0,HBS,Women,Married,25th,6.0,1.0,1,2.0,Kids,1.0,1551101.0,4.0,More than 1M,5.0,21.0,54.0,inf,18.0,63.0,54.0,43.0,5.0,5.0,78.0,Over 55,8.0,1.0,2.0,8.0,14.0,49.0,2.0,0.0,Consulting,Other,2.6,1.7,0.5,2.6,1.0,1.9,2.1,2.7,0.8,1.4,0.5,2.6,0.2,8.8,14.5,1.5,17.5,,1.3,7.0,4.5,2.2,2.44,0.4,2.2,0.85,1.6,1.75,2.25,Triumvirate,41.0,11.0,10.0,-12.0,-23.0,2.0,5.0,14,38,14,31,47,41,21,62,48,98,53,56,69,60,45,67,91,82,80,26,93,90,79,81,56,27,76,20,87,23
117.0,IWF,Men,Single,20th,5.0,2.0,2,3.0,Kids,1.0,4408368.0,4.0,More than 1M,5.0,13.0,44.0,53.0,27.0,37.0,44.0,67.0,8.3,8.3,58.0,Over 55,5.0,7.0,0.0,0.0,,54.0,4.0,8.0,Consulting,inf,2.4,0.3,1.3,2.2,2.8,1.4,2.0,2.4,2.2,1.8,0.3,2.8,1.4,8.2,2.3,4.4,14.8,6.4,0.9,6.6,4.0,2.0,2.4,1.1,1.85,2.3,1.15,1.65,2.0,Joyful Striver,28.0,23.0,,10.0,-2.0,2.0,4.0,50,87,57,57,94,68,45,57,12,99,83,49,31,41,18,45,32,81,24,68,39,71,68,30,72,87,86,87,39,25
118.0,HBS,Women,Single,10th,3.0,0.0,0,1.0,No Kids,2.0,4438324.0,4.0,More than 1M,5.0,10.0,32.0,18.0,59.0,82.0,32.0,97.0,7.7,7.7,71.0,Over 55,0.0,6.0,6.0,4.0,1.0,54.0,8.0,6.0,Healthcare,Tech,0.6,2.6,1.8,0.0,1.2,1.4,3.0,0.2,0.7,3.0,1.8,1.6,2.4,2.7,21.9,6.2,0.3,2.8,1.0,9.9,0.3,0.45,2.09,1.55,0.05,1.0,1.2,2.45,0.15,Striver,7.0,1.0,17.0,-18.0,,4.0,3.0,37,49,46,92,70,72,27,16,85,95,63,16,33,84,56,81,86,29,15,22,74,52,22,30,21,19,44,11,56,41
119.0,HBS,Women,Married,15th,4.0,0.0,0,1.0,No Kids,2.0,3166729.0,4.0,More than 1M,5.0,31.0,49.0,38.0,46.0,48.0,49.0,92.0,7.4,7.4,71.0,Over 55,5.0,4.0,10.0,2.0,9.0,51.0,13.0,6.0,Consulting,Tech,2.7,0.8,0.3,0.7,0.4,2.3,0.8,2.1,0.5,2.8,0.3,2.3,2.4,9.0,6.6,0.8,,1.0,1.5,2.7,3.5,2.25,2.45,0.2,0.6,0.35,1.9,0.65,1.75,Joy Seeker,73.0,46.0,-3.0,9.0,14.0,2.0,3.0,16,50,88,60,93,47,99,68,16,40,29,55,90,33,87,54,73,36,90,61,33,78,50,81,52,83,88,44,21,73
120.0,HBS,Men,Single,5th,2.0,3.0,3+,4.0,Kids,1.0,927421.0,4.0,500K - 1M,4.0,inf,32.0,79.0,80.0,42.0,32.0,86.0,4.5,4.5,60.0,Over 55,3.0,8.0,7.0,5.0,1.0,54.0,0.0,5.0,Healthcare,Healthcare,1.6,0.4,2.6,0.6,2.1,0.8,2.0,1.7,1.6,2.6,2.3,1.3,2.3,5.9,3.2,8.8,4.3,5.0,0.6,6.7,2.9,1.35,2.27,2.2,0.55,1.8,0.7,1.7,1.45,Purpose Seeker,72.0,21.0,-20.0,-7.0,10.0,4.0,4.0,82,95,53,12,12,62,62,78,58,19,88,32,94,44,60,18,18,17,77,69,97,68,21,10,93,27,54,54,36,85
121.0,HBS,Men,In a relationship,25th,6.0,3.0,3+,4.0,Kids,1.0,152409.0,4.0,150K – 250K,2.0,59.0,20.0,47.0,13.0,62.0,20.0,86.0,3.5,inf,73.0,Over 55,10.0,4.0,7.0,0.0,3.0,50.0,14.0,1.0,Tech,Healthcare,2.4,2.7,2.4,0.8,0.9,1.0,0.2,2.7,0.9,2.7,0.1,2.2,1.0,8.3,22.2,8.0,5.4,2.1,0.6,0.5,4.5,2.0,2.4,2.0,0.7,0.75,0.8,0.15,2.25,Joyful Striver,12.0,90.0,20.0,4.0,8.0,3.0,4.0,81,20,24,51,60,76,80,20,35,65,40,92,60,92,85,74,16,94,31,51,56,18,59,67,38,33,31,58,54,25
122.0,IWF,Men,Single,40th+,9.0,1.0,1,2.0,Kids,1.0,2046716.0,4.0,More than 1M,5.0,49.0,65.0,48.0,41.0,43.0,65.0,65.0,5.0,5.0,59.0,Over 55,2.0,10.0,1.0,4.0,10.0,49.0,15.0,2.0,Healthcare,Tech,2.7,2.9,1.5,0.7,1.6,2.8,0.3,0.4,1.9,1.4,0.7,0.6,1.4,9.1,23.9,5.1,5.0,3.7,inf,1.1,0.6,2.25,2.45,1.25,0.6,1.3,2.3,0.3,0.3,Flourisher,34.0,36.0,18.0,-12.0,3.0,4.0,inf,21,32,52,28,95,37,10,24,42,85,16,55,59,79,66,86,50,70,41,100,92,86,66,22,58,10,77,44,97,61
123.0,,Women,Single,30th,7.0,0.0,0,1.0,No Kids,2.0,2380770.0,2.0,More than 1M,5.0,58.0,90.0,30.0,54.0,49.0,90.0,18.0,6.5,6.5,36.0,35 - 45,2.0,2.0,4.0,3.0,7.0,48.0,13.0,7.0,Other,Healthcare,1.0,2.6,2.9,0.2,2.1,0.2,0.0,1.6,0.4,2.0,2.7,1.1,1.8,3.9,21.6,9.7,1.3,4.9,0.1,0.0,2.7,0.8,2.16,2.4,0.15,1.75,0.15,0.0,1.35,Purposeful Striver,33.0,54.0,17.0,-6.0,-2.0,5.0,4.0,43,10,57,82,56,12,67,73,57,79,67,95,20,49,41,59,63,37,31,73,99,69,59,82,12,88,26,81,72,28
124.0,Xilio,Men,,15th,4.0,1.0,1,2.0,Kids,inf,799598.0,4.0,500K - 1M,4.0,46.0,72.0,33.0,33.0,inf,72.0,97.0,3.2,3.2,73.0,Over 55,8.0,1.0,9.0,2.0,1.0,54.0,6.0,9.0,Other,Finance,0.3,2.4,1.3,1.4,2.7,1.5,3.0,2.6,2.0,2.7,2.2,1.9,2.9,2.0,20.2,4.2,9.2,6.3,1.0,10.0,4.4,0.3,2.06,1.05,1.15,2.25,1.2,2.5,2.2,Striver,48.0,87.0,19.0,-1.0,-2.0,5.0,1.0,42,55,96,37,77,89,99,12,88,29,19,22,65,63,76,88,74,96,36,75,53,72,66,15,78,81,14,41,64,78
125.0,HBS,Women,In a relationship,25th,6.0,0.0,0,1.0,No Kids,2.0,3297824.0,4.0,More than 1M,5.0,94.0,10.0,18.0,23.0,46.0,10.0,44.0,7.2,7.2,72.0,Over 55,6.0,10.0,7.0,10.0,7.0,51.0,6.0,2.0,Finance,Finance,0.7,2.0,3.0,2.2,2.4,2.7,2.4,1.2,0.8,1.2,0.2,0.1,1.0,3.1,16.4,9.8,14.7,5.5,1.8,8.0,inf,0.55,2.11,2.45,1.85,2.0,2.3,2.0,1.05,Joy Seeker,23.0,57.0,-5.0,14.0,16.0,1.0,1.0,57,30,79,93,85,31,96,78,11,14,19,30,80,53,66,41,11,79,24,43,38,61,63,96,69,91,94,77,39,21
126.0,IWF,Men,Married,10th,3.0,1.0,1,2.0,Kids,1.0,3361068.0,4.0,More than 1M,5.0,90.0,12.0,72.0,43.0,32.0,12.0,15.0,8.1,8.1,76.0,Over 55,3.0,0.0,3.0,3.0,12.0,52.0,0.0,,Healthcare,Healthcare,1.3,1.7,2.0,1.8,2.0,1.8,2.4,1.4,0.0,2.9,2.5,2.2,2.8,4.8,13.8,6.7,12.1,4.7,1.2,7.9,2.4,1.05,2.21,1.65,1.5,1.7,1.55,1.95,1.2,Purposeful Striver,62.0,1.0,-3.0,-2.0,-22.0,4.0,4.0,32,99,55,54,47,47,99,32,80,32,48,10,51,71,63,52,13,12,53,96,86,32,75,67,75,25,66,80,91,14
127.0,HBS,Men,Married,20th,5.0,0.0,0,1.0,No Kids,2.0,3286415.0,2.0,More than 1M,inf,89.0,87.0,23.0,57.0,67.0,87.0,63.0,6.4,6.4,37.0,35 - 45,5.0,3.0,7.0,11.0,11.0,55.0,,2.0,Consulting,Other,2.5,0.3,1.9,2.0,2.0,1.6,1.5,0.2,0.4,1.2,1.5,2.5,0.8,8.4,2.2,6.3,13.5,4.8,1.1,5.1,0.4,inf,2.41,1.6,1.7,1.7,1.35,1.25,0.2,Joy Seeker,88.0,63.0,17.0,-12.0,-23.0,2.0,5.0,71,45,52,80,45,81,15,62,41,18,37,28,48,77,25,87,87,78,95,80,77,39,17,26,96,94,97,48,23,51
128.0,HBS,Women,In a relationship,,1.0,3.0,3+,4.0,Kids,1.0,904371.0,1.0,500K - 1M,4.0,44.0,57.0,37.0,57.0,68.0,57.0,10.0,3.8,3.8,31.0,0 - 35,7.0,4.0,4.0,7.0,14.0,53.0,2.0,2.0,Other,inf,2.6,1.2,0.5,0.2,2.8,0.7,0.9,0.8,2.8,1.8,2.5,1.2,3.0,8.7,10.2,1.7,1.6,6.6,0.5,3.0,1.4,2.15,inf,0.4,0.2,2.35,0.6,0.75,0.7,Joyful Striver,37.0,54.0,-10.0,0.0,8.0,5.0,4.0,97,63,30,87,50,81,79,46,13,67,39,69,78,42,71,63,41,82,18,73,26,52,72,82,99,24,49,57,65,26
129.0,HBS,Women,In a relationship,30th,7.0,3.0,3+,4.0,Kids,1.0,2862868.0,4.0,More than 1M,5.0,45.0,78.0,63.0,63.0,29.0,78.0,92.0,6.5,6.5,75.0,Over 55,1.0,6.0,7.0,5.0,11.0,50.0,19.0,3.0,Consulting,Finance,0.0,1.1,inf,2.9,0.9,1.0,0.5,1.0,2.6,2.1,1.8,1.3,2.0,1.1,9.3,8.8,19.0,2.1,0.7,1.5,1.6,0.0,2.0,2.2,2.4,0.75,0.85,0.4,0.8,Joyful Striver,44.0,55.0,-11.0,12.0,-3.0,2.0,1.0,46,96,32,72,78,71,53,18,29,68,46,42,57,86,93,56,11,16,43,42,14,77,18,21,35,71,39,100,28,81
130.0,HBS,Men,Single,20th,5.0,0.0,0,1.0,No Kids,2.0,3902998.0,4.0,More than 1M,5.0,80.0,88.0,47.0,44.0,28.0,88.0,81.0,7.4,7.4,75.0,Over 55,4.0,4.0,4.0,4.0,14.0,53.0,3.0,2.0,Consulting,Healthcare,1.5,0.8,1.3,2.5,0.0,2.6,0.9,2.8,0.7,2.9,2.0,2.6,1.4,5.6,6.5,4.3,16.8,0.0,1.7,2.8,4.7,1.3,2.26,1.05,2.1,0.0,2.15,0.7,2.35,Striver,86.0,40.0,-1.0,-3.0,inf,2.0,4.0,53,66,89,82,22,66,81,24,45,89,76,13,66,65,65,23,73,69,82,21,97,30,69,95,80,14,51,46,95,19
131.0,Xilio,Women,Single,10th,3.0,3.0,3+,4.0,Kids,1.0,1003548.0,4.0,More than 1M,5.0,52.0,23.0,56.0,74.0,51.0,23.0,37.0,3.4,3.4,78.0,Over 55,5.0,2.0,5.0,0.0,8.0,53.0,9.0,1.0,Tech,Finance,1.3,2.2,0.5,2.4,0.8,1.7,1.1,0.8,2.3,0.7,3.0,2.3,1.8,4.8,18.1,1.6,16.1,1.9,1.1,3.8,1.4,1.05,2.21,0.4,2.0,0.7,1.4,0.95,0.7,Purposeful Striver,35.0,15.0,10.0,-4.0,19.0,3.0,1.0,95,10,56,28,96,15,33,12,41,63,52,12,30,45,32,57,23,13,24,85,90,52,72,61,83,54,16,69,35,93
132.0,IWF,Men,Married,1st,1.0,3.0,3+,4.0,Kids,1.0,3374014.0,4.0,More than 1M,5.0,41.0,25.0,94.0,82.0,27.0,25.0,96.0,7.1,7.1,77.0,Over 55,0.0,8.0,3.0,6.0,3.0,48.0,9.0,5.0,Tech,Finance,0.7,1.5,0.0,2.5,0.7,1.5,2.3,1.4,1.8,2.2,0.7,0.9,0.8,3.0,12.4,0.1,16.5,1.5,1.0,7.6,2.3,0.55,2.11,0.05,2.05,0.55,1.3,1.9,1.15,Striver,65.0,21.0,-15.0,-7.0,-21.0,3.0,1.0,100,72,24,56,67,87,95,79,37,55,88,100,91,63,26,64,29,14,71,28,59,82,81,85,78,61,80,90,80,25
133.0,IWF,Men,In a relationship,5th,2.0,1.0,1,2.0,Kids,1.0,1243475.0,4.0,More than 1M,5.0,66.0,42.0,12.0,87.0,47.0,42.0,60.0,,3.9,59.0,Over 55,10.0,1.0,5.0,11.0,12.0,48.0,3.0,6.0,Finance,Other,0.4,0.2,1.7,2.8,2.0,0.3,1.6,2.0,2.9,1.6,1.9,1.0,0.8,2.1,2.0,5.6,18.7,4.6,0.2,5.4,3.4,0.3,2.06,1.4,2.35,1.65,0.25,,1.7,Striver,47.0,47.0,-11.0,20.0,5.0,1.0,5.0,44,63,34,23,59,41,28,26,86,31,94,61,29,28,89,38,98,20,54,18,49,16,12,79,56,80,100,83,47,25
134.0,Xilio,Women,In a relationship,25th,6.0,0.0,0,1.0,No Kids,2.0,3500495.0,2.0,More than 1M,5.0,93.0,82.0,79.0,66.0,39.0,82.0,22.0,7.4,7.4,36.0,35 - 45,1.0,3.0,4.0,5.0,14.0,49.0,11.0,3.0,Tech,Finance,1.0,0.7,1.6,1.6,1.9,0.0,0.2,0.5,1.1,0.8,1.4,2.0,0.3,4.0,5.5,5.3,10.9,inf,0.0,0.8,0.8,0.85,2.17,1.3,1.35,1.6,0.05,0.2,0.4,Purpose Seeker,78.0,73.0,-22.0,-23.0,,3.0,1.0,74,64,45,47,39,19,27,35,10,73,61,37,24,52,47,56,58,24,93,83,55,25,82,82,85,16,97,13,78,51
135.0,IWF,Women,Married,15th,4.0,2.0,2,3.0,Kids,1.0,inf,3.0,More than 1M,5.0,49.0,32.0,75.0,99.0,60.0,32.0,22.0,6.1,6.1,46.0,45 - 55,7.0,4.0,10.0,9.0,9.0,54.0,14.0,7.0,Other,Other,2.8,2.0,2.2,0.6,1.8,2.9,inf,1.5,2.0,2.3,0.1,1.7,0.3,9.5,17.1,7.2,4.0,4.2,1.9,0.2,2.4,2.35,2.47,1.8,0.5,1.5,2.4,0.05,1.2,Triumvirate,3.0,53.0,-5.0,inf,-20.0,inf,5.0,56,49,84,62,71,12,39,30,69,17,65,79,78,21,81,72,17,73,81,26,60,32,22,61,51,36,28,32,45,12
136.0,HBS,Men,In a relationship,40th+,9.0,2.0,2,3.0,Kids,1.0,4604293.0,1.0,More than 1M,5.0,36.0,62.0,22.0,51.0,95.0,62.0,58.0,9.3,9.3,35.0,0 - 35,6.0,7.0,0.0,2.0,7.0,48.0,2.0,3.0,Healthcare,Consulting,1.0,0.2,2.7,1.9,0.0,1.1,0.3,2.2,0.2,1.7,0.0,0.5,1.0,3.9,1.9,8.9,12.3,0.1,0.8,1.0,3.7,0.8,2.16,2.25,1.55,0.05,0.95,0.25,1.85,Triumvirate,1.0,9.0,-13.0,-7.0,11.0,4.0,2.0,87,24,60,70,34,68,51,81,65,29,85,79,86,20,92,28,72,22,67,59,20,67,18,46,40,98,50,23,27,32
,HBS,Men,Single,15th,4.0,1.0,1,2.0,Kids,1.0,73585.0,1.0,Less than 150K,1.0,75.0,79.0,59.0,78.0,28.0,79.0,51.0,2.7,2.7,34.0,0 - 35,1.0,10.0,10.0,9.0,8.0,48.0,13.0,1.0,Healthcare,Finance,1.6,2.6,0.2,2.2,2.2,1.8,1.2,2.6,1.2,2.0,0.4,0.9,2.3,5.7,21.3,0.8,14.9,5.1,1.2,4.1,4.3,1.3,2.26,0.2,1.85,1.8,1.5,1.05,2.15,Triumvirate,5.0,74.0,-4.0,-17.0,-16.0,4.0,,12,30,24,45,36,85,42,30,44,60,77,64,60,79,39,100,55,16,28,48,21,96,98,12,31,95,43,14,66,95
138.0,IWF,Men,,25th,6.0,1.0,1,2.0,Kids,1.0,3087213.0,2.0,More than 1M,5.0,62.0,57.0,35.0,34.0,41.0,57.0,,6.5,6.5,40.0,35 - 45,8.0,5.0,5.0,11.0,3.0,51.0,11.0,1.0,Finance,Tech,2.1,1.5,2.2,2.2,1.0,0.2,2.8,1.9,2.9,1.0,1.9,2.7,1.8,7.3,12.4,7.3,14.8,2.3,0.2,9.3,3.1,1.75,2.35,1.85,1.85,0.8,0.2,2.35,1.55,Joy Seeker,90.0,52.0,inf,2.0,14.0,1.0,3.0,10,56,77,49,60,58,83,20,39,87,18,66,85,21,67,18,30,15,25,50,22,40,61,17,26,22,31,75,87,37
139.0,IWF,Women,Married,40th+,9.0,1.0,1,2.0,Kids,1.0,2569448.0,4.0,More than 1M,5.0,35.0,20.0,79.0,54.0,70.0,20.0,78.0,6.5,6.5,78.0,Over 55,4.0,0.0,8.0,0.0,9.0,55.0,8.0,9.0,Other,Healthcare,1.1,,0.6,1.6,2.0,2.0,1.9,2.0,1.6,1.4,1.7,2.1,0.3,4.3,12.0,1.9,10.4,4.7,1.4,6.4,3.3,0.9,2.18,0.45,1.3,1.65,1.7,1.6,1.65,Triumvirate,14.0,57.0,8.0,-6.0,-19.0,5.0,4.0,14,82,30,90,87,68,21,47,63,48,32,96,71,100,87,46,96,65,84,19,73,78,71,19,93,26,61,33,32,54
140.0,HBS,Men,Single,1st,1.0,1.0,inf,2.0,Kids,1.0,139556.0,2.0,Less than 150K,1.0,86.0,26.0,49.0,41.0,75.0,26.0,92.0,2.5,2.5,38.0,35 - 45,6.0,1.0,4.0,3.0,4.0,50.0,5.0,2.0,Consulting,Other,2.9,1.8,2.6,0.2,1.7,2.8,2.4,0.4,0.9,1.9,1.7,3.0,2.6,9.7,14.8,8.6,1.4,3.9,1.9,8.0,0.6,2.45,2.49,2.15,0.15,1.4,2.35,2.0,0.3,Joyful Striver,27.0,26.0,-12.0,19.0,13.0,2.0,5.0,99,62,22,39,66,40,36,81,45,46,72,25,94,50,31,61,41,73,17,21,17,15,17,56,29,53,100,27,23,77
141.0,IWF,Men,Married,15th,4.0,4.0,3+,4.0,Kids,1.0,1605557.0,2.0,More than 1M,5.0,76.0,77.0,43.0,43.0,24.0,inf,48.0,5.0,5.0,39.0,35 - 45,4.0,7.0,4.0,7.0,0.0,53.0,11.0,9.0,Healthcare,Consulting,2.9,2.5,2.5,1.1,1.0,1.7,1.4,2.8,0.4,1.2,0.1,2.3,1.8,9.7,20.6,8.2,7.4,2.4,1.2,4.7,4.7,2.4,2.48,2.05,0.95,0.85,1.45,1.15,2.35,Flourisher,9.0,41.0,-22.0,-19.0,12.0,4.0,2.0,23,18,95,18,56,78,48,97,64,59,70,33,46,34,26,66,17,59,42,88,74,74,54,50,17,22,15,36,78,33
142.0,HBS,Women,Single,30th,7.0,3.0,3+,4.0,inf,1.0,4057419.0,4.0,More than 1M,5.0,72.0,37.0,46.0,26.0,43.0,37.0,68.0,8.5,8.5,65.0,Over 55,4.0,10.0,5.0,5.0,2.0,50.0,4.0,0.0,Other,Healthcare,0.8,1.0,1.6,2.8,0.4,0.4,1.1,0.4,2.1,0.6,1.4,2.8,2.9,3.3,8.7,5.4,18.4,0.9,0.3,3.6,0.7,0.65,2.13,1.35,2.3,0.35,0.3,0.9,0.35,Joy Seeker,79.0,35.0,20.0,-12.0,-5.0,5.0,4.0,36,83,28,73,48,71,18,44,98,43,49,78,15,12,24,97,25,39,83,24,18,68,62,73,58,99,83,33,31,28
143.0,Xilio,Men,Single,1st,1.0,1.0,1,2.0,Kids,1.0,4424539.0,3.0,More than 1M,5.0,89.0,43.0,83.0,26.0,12.0,43.0,20.0,7.5,7.5,52.0,45 - 55,1.0,7.0,9.0,11.0,4.0,53.0,3.0,0.0,Other,Consulting,1.5,2.0,2.1,1.8,0.3,1.7,0.3,2.3,1.9,2.9,2.8,0.6,2.0,5.5,17.0,7.1,11.7,0.7,1.2,1.1,3.9,1.25,2.25,1.8,1.45,0.25,1.45,0.25,1.95,Purposeful Striver,15.0,63.0,1.0,-17.0,-6.0,5.0,2.0,18,61,43,42,25,61,30,23,89,84,53,50,80,12,57,37,49,31,27,37,11,37,72,51,96,82,34,38,37,84
144.0,IWF,Women,In a relationship,15th,4.0,4.0,3+,4.0,,1.0,2153091.0,3.0,More than 1M,5.0,90.0,97.0,60.0,73.0,94.0,97.0,57.0,5.7,5.7,55.0,45 - 55,0.0,0.0,6.0,8.0,14.0,53.0,14.0,2.0,Finance,inf,0.9,1.7,0.9,1.6,2.5,2.3,2.6,0.8,1.1,1.5,1.2,2.3,0.5,3.7,14.1,3.1,10.8,5.8,1.5,8.8,1.3,0.75,2.15,0.8,1.35,2.1,1.9,2.2,0.65,Purpose Seeker,90.0,,3.0,-7.0,-23.0,1.0,2.0,88,66,87,61,31,98,85,23,67,42,95,86,35,93,41,45,36,34,44,13,87,27,90,52,47,14,75,20,52,49
145.0,Xilio,Women,Married,25th,6.0,4.0,3+,4.0,Kids,1.0,2039021.0,2.0,More than 1M,5.0,48.0,19.0,85.0,30.0,40.0,19.0,32.0,5.6,5.6,45.0,35 - 45,4.0,7.0,1.0,10.0,7.0,50.0,12.0,5.0,Consulting,Tech,0.9,0.8,1.4,0.8,2.8,1.2,2.3,2.8,2.9,2.2,1.9,0.1,1.4,3.6,6.7,4.7,5.4,6.4,0.8,7.8,4.7,0.7,2.14,1.2,0.65,2.3,1.0,1.95,2.35,Purposeful Striver,42.0,90.0,2.0,-12.0,-4.0,2.0,3.0,24,35,77,98,94,50,38,19,92,40,33,56,17,37,86,73,27,37,52,45,22,97,66,18,62,42,19,27,85,55
146.0,HBS,Women,In a relationship,1st,1.0,3.0,3+,4.0,Kids,1.0,1231482.0,4.0,More than 1M,5.0,54.0,58.0,58.0,80.0,50.0,58.0,88.0,4.8,4.8,67.0,Over 55,0.0,0.0,9.0,1.0,4.0,51.0,16.0,4.0,Finance,Other,0.1,2.6,2.5,1.1,1.9,2.6,0.5,2.2,0.1,1.2,2.3,2.0,1.9,1.3,22.0,8.2,7.4,4.5,1.8,1.7,3.6,0.1,2.02,2.05,0.9,1.6,2.2,0.4,1.8,Joyful Striver,77.0,75.0,9.0,12.0,inf,1.0,5.0,99,50,61,23,63,40,42,21,74,63,60,85,82,32,94,27,44,93,59,74,11,86,63,23,37,13,83,13,27,49
147.0,HBS,Women,In a relationship,40th+,9.0,2.0,2,3.0,Kids,1.0,572335.0,4.0,500K - 1M,4.0,90.0,75.0,55.0,78.0,39.0,75.0,39.0,3.0,3.0,80.0,Over 55,8.0,6.0,3.0,4.0,12.0,48.0,6.0,1.0,Other,Other,1.8,2.4,1.4,2.7,0.3,1.9,1.5,2.3,0.9,1.1,2.4,1.4,0.1,6.5,19.9,4.6,17.9,0.7,1.3,5.1,3.8,1.5,2.3,1.15,2.25,0.25,1.6,1.3,1.9,Purposeful Striver,51.0,38.0,-18.0,10.0,2.0,5.0,5.0,51,44,36,84,30,94,71,47,78,53,67,78,100,57,49,98,61,48,12,56,77,19,28,100,86,35,35,42,86,71
148.0,Xilio,Women,Married,40th+,9.0,inf,2,3.0,Kids,1.0,3463977.0,4.0,More than 1M,5.0,18.0,18.0,59.0,93.0,35.0,18.0,34.0,6.5,6.5,75.0,Over 55,0.0,6.0,0.0,1.0,6.0,48.0,18.0,8.0,Consulting,Other,1.5,2.0,1.1,2.0,1.2,2.7,1.5,0.7,2.8,inf,1.6,1.0,0.0,5.5,16.5,3.6,13.3,2.8,1.8,4.9,1.1,1.25,2.25,0.9,1.65,1.0,2.25,1.2,0.55,Flourisher,63.0,2.0,-10.0,14.0,-14.0,2.0,5.0,86,72,38,62,81,93,24,43,60,43,99,40,13,76,66,44,24,76,100,90,85,16,76,13,38,77,14,87,93,27
149.0,HBS,,In a relationship,25th,6.0,2.0,2,3.0,Kids,1.0,4300070.0,1.0,More than 1M,5.0,87.0,59.0,13.0,43.0,85.0,59.0,89.0,8.4,8.4,32.0,0 - 35,8.0,8.0,7.0,,3.0,48.0,1.0,8.0,Healthcare,Finance,0.2,2.6,1.5,2.4,2.2,1.9,1.9,1.3,1.0,1.2,2.6,2.6,0.4,1.5,21.3,4.9,15.7,5.1,1.2,6.3,2.2,0.15,2.03,1.25,1.95,1.8,1.55,1.55,1.1,Triumvirate,52.0,7.0,16.0,-9.0,12.0,4.0,1.0,60,34,37,68,25,31,11,50,31,80,42,39,30,51,67,77,72,14,68,48,57,46,55,11,81,25,95,51,45,21
150.0,IWF,Men,Single,10th,3.0,2.0,2,3.0,Kids,1.0,3590920.0,4.0,More than 1M,5.0,,13.0,75.0,37.0,73.0,13.0,72.0,7.5,7.5,77.0,Over 55,5.0,7.0,4.0,0.0,14.0,51.0,inf,,Tech,Finance,0.8,2.6,2.5,1.4,2.3,0.4,2.8,1.9,0.8,1.6,1.2,2.6,0.8,3.5,21.7,8.3,9.1,5.5,0.3,9.5,3.1,0.7,2.14,2.05,1.15,1.95,0.35,2.35,1.55,Joyful Striver,4.0,82.0,10.0,4.0,10.0,3.0,1.0,72,99,44,87,68,13,61,19,97,71,25,27,40,97,100,87,62,74,37,47,83,54,19,94,20,31,77,41,16,23
151.0,Xilio,Men,In a relationship,25th,6.0,4.0,3+,4.0,Kids,1.0,2514413.0,4.0,More than 1M,5.0,74.0,85.0,59.0,63.0,89.0,85.0,30.0,6.1,6.1,58.0,Over 55,10.0,8.0,4.0,9.0,10.0,48.0,12.0,1.0,Other,Healthcare,2.7,2.1,1.0,1.9,0.4,0.9,1.7,2.3,,1.6,2.7,0.1,1.3,9.2,17.7,3.4,12.6,0.8,,5.8,3.8,2.25,2.45,0.85,1.6,0.3,0.75,1.45,1.9,Triumvirate,23.0,34.0,4.0,-17.0,15.0,5.0,4.0,61,84,17,50,40,22,53,26,62,32,31,53,30,49,25,48,100,24,55,53,12,95,27,10,56,45,80,60,32,91
152.0,IWF,Men,Married,5th,2.0,2.0,2,3.0,Kids,1.0,2937360.0,4.0,More than 1M,5.0,95.0,70.0,53.0,40.0,77.0,70.0,87.0,6.7,6.7,59.0,Over 55,5.0,4.0,2.0,5.0,1.0,53.0,15.0,7.0,Tech,Consulting,inf,2.5,0.5,0.7,0.0,0.6,1.6,0.3,2.5,,0.7,1.8,1.5,3.2,20.9,1.7,5.0,0.0,0.4,5.4,0.5,0.6,2.12,0.45,0.6,0.0,0.5,1.35,0.25,Purpose Seeker,15.0,17.0,-8.0,7.0,-21.0,3.0,2.0,13,47,25,77,51,54,63,26,45,55,66,36,34,15,37,99,90,99,73,60,77,25,21,84,54,67,59,13,43,70
153.0,HBS,Women,Married,5th,2.0,inf,0,1.0,No Kids,2.0,2812592.0,4.0,More than 1M,5.0,49.0,31.0,52.0,93.0,62.0,31.0,81.0,6.0,6.0,63.0,Over 55,6.0,4.0,7.0,5.0,7.0,54.0,12.0,4.0,Consulting,Consulting,0.4,2.1,2.1,2.1,2.1,2.7,0.2,2.9,0.3,0.4,0.8,1.1,,2.3,17.4,7.1,14.1,5.0,,0.5,4.8,0.35,2.07,1.8,1.75,1.8,2.25,0.15,2.4,Purposeful Striver,43.0,43.0,-24.0,-1.0,-13.0,2.0,2.0,32,11,45,77,83,51,27,76,77,65,71,35,24,29,10,17,75,76,79,94,15,97,58,74,27,64,26,29,30,21
154.0,HBS,Women,Married,40th+,9.0,0.0,0,1.0,No Kids,2.0,2265000.0,3.0,More than 1M,5.0,14.0,36.0,96.0,21.0,74.0,36.0,65.0,5.8,5.8,,45 - 55,1.0,8.0,0.0,6.0,9.0,54.0,18.0,9.0,Consulting,Finance,1.5,2.0,2.5,1.3,1.1,2.3,0.2,2.7,2.8,1.5,0.2,1.2,inf,5.4,17.0,8.3,8.6,2.5,1.5,0.6,4.5,1.2,2.24,2.05,1.05,0.9,1.9,0.15,2.25,Purpose Seeker,29.0,59.0,-13.0,-12.0,inf,2.0,1.0,24,16,39,17,41,58,12,71,45,16,91,69,44,20,50,97,40,49,56,35,96,23,32,55,59,44,20,94,79,36
155.0,HBS,Women,Married,15th,4.0,4.0,3+,4.0,Kids,1.0,4352252.0,1.0,More than 1M,5.0,85.0,68.0,80.0,92.0,59.0,68.0,67.0,8.4,8.4,30.0,0 - 35,0.0,6.0,5.0,8.0,6.0,50.0,10.0,8.0,Tech,Tech,3.0,1.9,0.3,1.3,0.8,2.0,0.6,0.8,2.4,0.5,2.4,2.5,1.8,9.9,15.5,1.0,8.9,1.8,1.4,1.9,1.4,2.45,2.49,0.25,1.1,0.65,1.7,0.45,0.7,Purpose Seeker,36.0,51.0,-22.0,-15.0,4.0,3.0,inf,52,91,27,11,68,29,16,10,61,98,80,27,58,36,57,89,70,78,23,45,14,20,71,68,98,34,62,76,89,15
156.0,Xilio,Men,Married,30th,7.0,3.0,3+,4.0,Kids,1.0,432690.0,4.0,250K – 500K,3.0,48.0,85.0,22.0,65.0,15.0,85.0,26.0,3.1,3.1,57.0,Over 55,4.0,7.0,10.0,8.0,4.0,50.0,15.0,3.0,Healthcare,Tech,0.7,2.3,0.7,1.9,0.0,0.9,0.1,inf,0.5,0.4,1.3,0.9,0.9,3.2,18.8,2.4,13.0,0.1,0.6,0.3,4.1,0.6,2.12,0.6,1.6,0.05,0.75,0.1,2.05,Flourisher,13.0,54.0,0.0,9.0,11.0,4.0,3.0,38,100,11,95,43,86,52,21,62,70,99,98,52,30,40,93,73,86,16,78,12,92,20,84,58,81,59,98,56,97
157.0,IWF,Women,Single,15th,4.0,4.0,3+,4.0,Kids,1.0,inf,3.0,More than 1M,5.0,58.0,94.0,78.0,91.0,35.0,94.0,28.0,9.6,9.6,53.0,45 - 55,7.0,1.0,2.0,1.0,15.0,54.0,17.0,4.0,Other,Tech,2.0,0.5,0.4,2.8,1.6,0.6,2.2,1.6,2.1,2.8,0.7,2.8,0.0,7.0,4.0,1.4,18.7,3.8,0.4,7.4,2.6,1.7,2.34,0.35,2.35,1.35,0.45,1.85,1.3,Purpose Seeker,32.0,24.0,-1.0,15.0,-1.0,5.0,3.0,45,43,58,50,18,90,91,13,91,12,81,65,50,22,45,24,43,52,83,10,19,96,82,16,31,90,17,77,62,42
158.0,IWF,Men,Single,30th,7.0,0.0,0,1.0,No Kids,2.0,2578421.0,4.0,More than 1M,5.0,38.0,68.0,47.0,42.0,34.0,68.0,93.0,6.3,6.3,72.0,Over 55,9.0,5.0,5.0,4.0,4.0,48.0,0.0,3.0,Healthcare,Tech,2.3,2.6,1.0,0.2,2.6,2.3,2.2,1.4,1.2,1.8,0.7,0.5,0.2,7.9,22.0,3.5,1.3,6.0,1.5,7.2,2.3,1.9,2.38,0.85,0.15,2.15,1.9,inf,1.15,Purposeful Striver,71.0,25.0,4.0,-12.0,1.0,4.0,3.0,22,100,86,64,90,63,47,51,59,47,79,40,46,95,42,16,64,10,88,62,52,43,65,75,54,70,71,71,93,89
159.0,IWF,Women,In a relationship,40th+,9.0,2.0,2,3.0,Kids,1.0,4246263.0,inf,More than 1M,5.0,15.0,,60.0,91.0,80.0,87.0,28.0,7.5,7.5,57.0,Over 55,5.0,9.0,2.0,4.0,2.0,48.0,13.0,5.0,Finance,Healthcare,0.7,2.6,1.4,2.5,2.9,1.4,0.4,0.9,1.2,2.0,2.7,2.0,1.2,3.1,21.8,4.5,16.5,6.7,0.9,1.4,1.6,0.6,2.12,1.15,2.05,2.4,1.2,0.35,0.8,Triumvirate,59.0,71.0,-15.0,4.0,-12.0,1.0,4.0,41,26,13,25,20,45,46,22,89,93,39,68,66,44,42,26,68,31,40,15,28,69,97,24,70,27,98,67,50,59
160.0,IWF,Men,Married,40th+,9.0,2.0,2,3.0,Kids,1.0,3836618.0,3.0,More than 1M,5.0,98.0,71.0,92.0,85.0,29.0,inf,46.0,7.9,7.9,55.0,45 - 55,9.0,0.0,8.0,1.0,10.0,48.0,17.0,6.0,Tech,Consulting,2.2,0.1,2.2,0.9,1.7,0.7,2.5,1.7,2.3,1.2,2.5,2.0,0.5,7.6,0.7,7.5,5.8,4.0,0.5,8.4,2.9,1.8,2.36,1.85,0.75,1.4,0.55,2.1,1.45,Purposeful Striver,86.0,52.0,-19.0,15.0,10.0,3.0,2.0,80,52,99,71,19,10,67,94,50,43,32,11,51,56,91,95,12,71,90,46,23,22,98,81,30,67,94,56,84,21
161.0,HBS,Women,Single,20th,5.0,3.0,3+,4.0,Kids,1.0,1984109.0,4.0,More than 1M,5.0,11.0,89.0,87.0,35.0,28.0,89.0,92.0,4.9,4.9,66.0,inf,10.0,0.0,8.0,7.0,9.0,50.0,5.0,0.0,Healthcare,,1.1,2.5,2.0,1.3,1.5,1.8,0.5,2.2,2.9,2.7,1.7,0.8,1.1,4.3,20.6,6.5,8.9,3.6,1.2,1.5,3.6,0.9,2.18,1.65,1.1,1.3,1.55,0.4,1.8,Triumvirate,28.0,70.0,5.0,-22.0,13.0,4.0,3.0,68,68,98,57,95,24,42,95,27,53,41,48,56,95,32,95,26,88,60,11,30,48,64,56,80,85,85,84,41,66
162.0,HBS,Men,Single,10th,3.0,0.0,0,1.0,No Kids,2.0,4452880.0,4.0,More than 1M,5.0,96.0,52.0,20.0,90.0,73.0,52.0,79.0,8.7,8.7,71.0,Over 55,8.0,5.0,7.0,7.0,3.0,52.0,10.0,9.0,Tech,Other,1.9,0.4,1.9,0.1,0.3,0.1,0.9,1.2,0.4,1.9,1.8,1.0,1.9,6.7,3.2,6.2,0.4,0.6,0.1,3.0,2.1,1.6,2.32,1.55,0.05,0.2,0.1,0.75,1.05,Flourisher,66.0,88.0,18.0,-22.0,-10.0,3.0,5.0,95,60,84,39,26,86,68,13,31,39,95,70,70,37,69,73,87,35,38,78,52,53,34,99,70,66,99,89,23,62
163.0,HBS,Men,Single,1st,1.0,4.0,3+,4.0,Kids,1.0,3142754.0,4.0,More than 1M,5.0,59.0,34.0,47.0,16.0,82.0,34.0,76.0,7.3,7.3,77.0,Over 55,9.0,1.0,8.0,11.0,1.0,51.0,3.0,1.0,Consulting,Other,1.9,1.0,1.1,0.9,inf,1.0,0.7,1.9,1.3,2.3,,2.5,1.6,6.7,8.4,3.5,6.0,3.8,0.7,2.5,3.1,1.6,2.32,0.9,0.75,1.35,0.8,0.6,1.55,Purpose Seeker,42.0,33.0,-16.0,2.0,-4.0,2.0,5.0,37,63,16,21,77,26,20,91,75,26,66,72,23,30,96,21,87,27,24,99,37,37,18,49,85,96,38,68,97,22
164.0,IWF,Men,Single,15th,4.0,2.0,2,3.0,Kids,1.0,1414250.0,2.0,More than 1M,5.0,88.0,95.0,93.0,80.0,59.0,,88.0,4.3,4.3,38.0,35 - 45,1.0,3.0,1.0,0.0,3.0,55.0,19.0,7.0,Healthcare,Consulting,1.6,2.2,2.5,1.5,1.1,1.4,1.1,2.1,1.4,1.1,1.2,2.3,0.7,5.8,18.6,8.4,10.1,2.7,0.9,3.7,3.5,1.35,2.27,2.1,1.25,0.95,1.15,0.95,1.75,Joy Seeker,45.0,49.0,13.0,-18.0,-5.0,4.0,2.0,75,33,83,44,57,33,77,78,30,68,18,27,77,27,88,91,55,57,99,50,30,49,21,51,45,72,53,15,26,81
165.0,Xilio,Men,In a relationship,25th,6.0,3.0,3+,4.0,Kids,1.0,4055717.0,,More than 1M,5.0,30.0,18.0,,37.0,12.0,18.0,29.0,8.3,8.3,43.0,35 - 45,8.0,9.0,5.0,11.0,15.0,48.0,16.0,3.0,Consulting,Healthcare,0.3,0.5,1.4,0.2,1.8,0.4,0.8,2.1,1.1,2.9,2.7,1.0,1.0,1.8,4.0,4.7,1.1,4.2,0.3,2.5,3.6,0.25,2.05,1.2,0.15,1.5,0.35,0.65,1.8,Joyful Striver,62.0,29.0,-13.0,-24.0,-5.0,2.0,4.0,51,34,48,20,61,67,91,28,53,19,40,26,62,40,99,65,47,18,85,60,45,25,20,60,33,21,54,49,34,12
166.0,Xilio,Men,Married,15th,4.0,3.0,3+,inf,Kids,1.0,91087.0,3.0,Less than 150K,1.0,83.0,52.0,81.0,48.0,62.0,52.0,84.0,3.3,3.3,55.0,45 - 55,6.0,8.0,6.0,1.0,0.0,55.0,13.0,1.0,Finance,Other,2.5,2.5,2.9,1.5,1.2,3.0,1.5,0.2,1.1,2.5,0.4,1.6,1.8,8.5,20.4,9.8,9.8,2.7,2.0,4.9,inf,2.1,2.42,2.45,1.25,0.95,2.45,1.2,0.15,Purpose Seeker,57.0,63.0,,15.0,-18.0,1.0,5.0,54,80,22,73,34,81,77,11,56,93,80,48,93,69,39,55,44,10,34,56,33,59,47,44,41,20,38,86,73,73
167.0,Xilio,Women,In a relationship,10th,3.0,3.0,3+,4.0,Kids,1.0,1526176.0,2.0,More than 1M,5.0,11.0,22.0,70.0,57.0,40.0,22.0,19.0,5.2,5.2,37.0,35 - 45,7.0,5.0,9.0,4.0,15.0,54.0,0.0,4.0,Healthcare,Healthcare,1.0,2.5,1.9,2.8,0.7,0.6,1.2,2.6,0.2,2.6,1.3,0.2,2.6,3.9,20.8,6.3,18.5,1.7,0.4,4.1,4.3,0.8,2.16,1.6,2.3,0.6,0.5,1.0,2.15,Purpose Seeker,6.0,22.0,-19.0,20.0,-10.0,4.0,4.0,71,61,40,59,30,100,97,21,48,27,18,80,43,46,98,56,10,18,70,22,63,37,37,50,100,22,97,32,82,93
168.0,IWF,Women,In a relationship,25th,6.0,0.0,0,1.0,No Kids,2.0,1916013.0,4.0,More than 1M,5.0,62.0,78.0,13.0,94.0,91.0,78.0,66.0,6.2,6.2,60.0,Over 55,10.0,0.0,9.0,3.0,0.0,48.0,16.0,7.0,Other,Other,0.6,1.5,0.4,0.3,0.3,0.4,3.0,1.4,2.1,0.5,1.0,0.6,2.3,2.7,12.7,1.3,2.1,0.7,0.3,9.9,2.3,0.45,2.09,0.3,inf,0.25,0.35,2.45,1.15,Striver,28.0,26.0,16.0,-4.0,5.0,5.0,5.0,66,79,80,94,74,32,31,90,38,54,22,63,85,30,54,88,38,32,50,85,47,77,17,94,68,44,68,61,95,67
169.0,IWF,Men,Married,25th,6.0,2.0,2,3.0,Kids,1.0,4664096.0,3.0,More than 1M,5.0,12.0,83.0,37.0,51.0,10.0,83.0,74.0,8.5,8.5,48.0,45 - 55,6.0,7.0,8.0,7.0,6.0,50.0,9.0,9.0,Consulting,Other,0.1,0.0,2.0,2.3,0.9,0.6,0.2,0.8,1.3,0.8,1.5,1.5,1.7,1.4,0.2,6.8,15.3,2.2,0.4,0.6,1.3,0.1,2.02,1.7,1.9,0.8,0.5,0.15,0.65,Striver,28.0,28.0,16.0,15.0,16.0,2.0,5.0,15,97,72,30,72,55,75,83,63,100,67,85,33,23,89,25,13,54,78,78,26,69,83,66,99,36,24,13,57,13
170.0,IWF,Men,Single,1st,1.0,3.0,3+,4.0,Kids,1.0,69353.0,4.0,Less than 150K,1.0,52.0,96.0,39.0,91.0,49.0,96.0,93.0,2.7,2.7,58.0,Over 55,1.0,3.0,8.0,8.0,6.0,55.0,12.0,6.0,Healthcare,Tech,1.8,0.9,1.0,1.2,0.3,2.3,0.4,0.7,0.6,0.9,1.4,0.3,1.1,6.3,7.2,3.3,8.2,0.7,1.5,1.4,1.2,1.5,2.3,0.8,1.0,0.25,1.9,0.35,0.6,Purposeful Striver,44.0,85.0,10.0,-10.0,-16.0,4.0,3.0,37,42,65,78,98,81,53,15,99,68,12,44,29,98,48,78,70,11,13,75,31,21,98,47,84,98,79,46,44,54
171.0,Xilio,Women,Single,40th+,9.0,0.0,0,1.0,No Kids,2.0,3390011.0,1.0,More than 1M,5.0,48.0,35.0,84.0,29.0,23.0,35.0,86.0,6.6,6.6,33.0,0 - 35,3.0,8.0,0.0,5.0,12.0,52.0,0.0,8.0,Tech,Consulting,2.0,1.9,2.1,2.0,0.5,1.3,0.2,1.4,2.4,0.8,1.6,2.5,1.1,7.1,15.4,6.9,13.1,1.2,0.9,0.5,2.4,1.7,2.34,1.7,1.65,0.45,1.05,0.15,1.2,Joyful Striver,84.0,49.0,-6.0,3.0,6.0,3.0,2.0,37,58,51,57,60,17,15,17,94,71,44,20,78,100,54,11,26,23,66,68,92,25,56,81,91,76,53,51,46,75
172.0,Xilio,Women,In a relationship,25th,6.0,0.0,0,1.0,No Kids,2.0,4289622.0,2.0,More than 1M,5.0,55.0,61.0,66.0,68.0,86.0,61.0,77.0,7.7,7.7,36.0,35 - 45,8.0,3.0,0.0,5.0,12.0,50.0,11.0,2.0,Healthcare,Finance,0.0,2.9,0.2,0.8,3.0,1.7,1.9,2.7,2.4,2.6,0.4,2.2,2.6,1.1,24.5,0.7,5.2,6.9,1.1,6.3,4.4,0.05,2.01,0.15,0.65,2.45,1.4,1.55,2.2,Joy Seeker,30.0,71.0,-22.0,4.0,8.0,4.0,,53,38,70,29,45,68,51,60,26,68,30,70,39,69,87,63,37,47,40,77,54,62,45,17,14,98,45,53,64,45
173.0,HBS,Men,Married,inf,7.0,4.0,3+,4.0,Kids,1.0,4989617.0,3.0,More than 1M,5.0,82.0,92.0,79.0,63.0,28.0,92.0,70.0,9.0,9.0,49.0,45 - 55,4.0,9.0,8.0,11.0,15.0,50.0,6.0,3.0,Consulting,Finance,1.5,1.9,0.5,0.5,1.3,0.1,0.2,1.1,1.5,0.1,1.5,2.8,0.1,5.6,15.8,1.7,3.2,3.1,0.0,0.5,1.9,1.3,2.26,0.45,0.4,1.1,0.05,0.15,0.95,Purpose Seeker,62.0,81.0,-19.0,-14.0,-17.0,2.0,1.0,93,72,51,76,90,99,34,20,89,58,73,53,97,32,90,36,59,49,12,68,83,63,59,83,25,54,93,51,26,32
174.0,Xilio,Women,Married,1st,1.0,1.0,1,2.0,Kids,1.0,446880.0,2.0,250K – 500K,3.0,23.0,78.0,44.0,32.0,59.0,78.0,30.0,3.7,3.7,44.0,35 - 45,2.0,7.0,6.0,inf,3.0,49.0,0.0,4.0,Other,Tech,0.7,0.8,2.6,0.5,1.6,0.1,2.5,2.2,0.9,0.2,0.7,2.1,3.0,3.0,6.5,inf,3.2,3.7,0.1,8.4,3.7,,2.11,2.15,0.4,1.35,0.1,2.1,1.85,Striver,75.0,84.0,-25.0,9.0,-9.0,5.0,3.0,39,31,65,53,97,68,66,72,69,72,61,77,16,38,21,40,99,72,76,100,70,58,18,72,20,83,66,38,37,28
175.0,Xilio,Men,In a relationship,5th,2.0,3.0,3+,,,1.0,4995050.0,4.0,More than 1M,5.0,78.0,61.0,35.0,29.0,22.0,61.0,22.0,9.1,9.1,65.0,Over 55,1.0,1.0,9.0,8.0,5.0,54.0,19.0,8.0,Finance,Finance,1.9,1.9,0.7,0.2,2.6,1.3,1.5,0.3,1.9,0.8,0.6,2.8,2.0,6.8,15.9,2.3,1.4,,0.9,5.1,0.5,1.6,2.32,0.55,0.2,2.2,1.1,1.3,0.25,Joy Seeker,89.0,49.0,18.0,-15.0,-15.0,1.0,1.0,71,35,45,42,75,22,94,66,40,96,43,34,45,56,41,50,17,91,99,19,20,45,69,96,44,90,73,28,10,49
176.0,IWF,Men,Married,10th,3.0,3.0,3+,4.0,Kids,1.0,843168.0,3.0,500K - 1M,,66.0,26.0,30.0,95.0,21.0,26.0,66.0,4.4,4.4,53.0,45 - 55,0.0,0.0,1.0,10.0,6.0,50.0,13.0,0.0,Healthcare,Finance,0.5,1.6,2.5,0.6,3.0,2.4,1.6,1.4,0.9,0.6,0.2,1.7,2.0,2.6,13.5,8.4,3.7,7.0,1.6,5.3,2.4,0.45,2.09,2.1,0.45,2.5,2.05,1.3,1.2,Flourisher,62.0,20.0,19.0,20.0,6.0,4.0,1.0,84,37,93,82,24,48,64,21,82,41,44,57,47,39,65,45,43,25,59,22,70,71,81,13,84,76,85,93,62,81
177.0,Xilio,Men,Married,40th+,9.0,0.0,0,1.0,No Kids,2.0,255281.0,2.0,250K – 500K,3.0,17.0,19.0,98.0,78.0,76.0,19.0,89.0,3.3,3.3,39.0,35 - 45,6.0,1.0,1.0,10.0,10.0,48.0,14.0,3.0,Healthcare,Healthcare,2.1,2.3,0.8,2.0,1.7,inf,1.7,3.0,0.7,0.7,2.3,1.8,0.1,7.2,19.5,2.8,13.3,4.1,1.8,5.6,5.0,1.75,2.35,0.7,1.65,1.45,2.2,1.4,2.5,Joy Seeker,1.0,86.0,16.0,-5.0,-16.0,4.0,4.0,98,94,77,70,48,37,25,82,87,19,24,41,89,99,33,56,68,84,26,11,47,93,76,57,51,31,47,41,82,25
178.0,HBS,Women,In a relationship,20th,5.0,0.0,0,1.0,No Kids,2.0,inf,2.0,More than 1M,5.0,72.0,17.0,11.0,38.0,44.0,17.0,70.0,7.5,7.5,40.0,35 - 45,,9.0,9.0,11.0,11.0,52.0,17.0,3.0,Consulting,Finance,1.2,0.3,1.9,2.6,2.4,0.3,0.5,2.3,2.2,2.4,1.3,2.9,1.8,4.5,2.7,6.4,17.6,5.7,0.2,1.7,3.9,0.95,2.19,1.6,2.2,2.05,0.2,0.45,1.95,Striver,27.0,63.0,-13.0,-5.0,-4.0,2.0,1.0,71,58,16,18,79,98,23,11,58,20,15,93,61,93,22,52,27,15,69,99,75,35,62,61,96,87,26,53,64,67
179.0,HBS,Women,In a relationship,25th,6.0,3.0,3+,4.0,Kids,1.0,3812875.0,4.0,More than 1M,5.0,21.0,89.0,77.0,51.0,93.0,89.0,86.0,7.4,7.4,58.0,Over 55,4.0,7.0,4.0,11.0,6.0,51.0,10.0,8.0,Consulting,Other,2.8,2.3,2.1,2.4,1.0,1.6,0.6,0.6,0.1,1.7,1.9,1.9,inf,9.4,19.0,6.9,16.3,2.3,1.1,2.0,1.1,2.35,2.47,1.75,2.05,0.8,1.35,0.5,0.55,Flourisher,62.0,61.0,-4.0,-21.0,-9.0,2.0,5.0,10,80,63,77,10,70,48,17,11,79,94,13,24,47,29,74,68,12,83,24,42,65,91,47,90,100,36,64,70,27
180.0,HBS,Men,In a relationship,5th,2.0,1.0,1,2.0,Kids,1.0,3025765.0,3.0,More than 1M,5.0,19.0,74.0,33.0,19.0,23.0,74.0,35.0,8.0,8.0,55.0,inf,10.0,10.0,0.0,5.0,13.0,50.0,3.0,inf,Other,Healthcare,0.4,1.6,1.5,2.1,0.9,2.7,1.0,1.5,0.3,0.0,2.2,0.1,0.3,2.2,13.5,5.1,13.7,2.1,1.8,3.2,2.5,0.35,2.07,1.3,1.7,0.75,2.3,0.8,1.25,Purpose Seeker,77.0,49.0,-5.0,-6.0,-22.0,5.0,4.0,36,90,10,44,32,25,37,20,57,71,41,47,55,92,88,59,36,23,75,55,52,99,26,96,19,51,26,89,22,45
181.0,IWF,Men,Married,15th,4.0,2.0,2,3.0,Kids,1.0,,3.0,250K – 500K,3.0,60.0,73.0,67.0,19.0,69.0,73.0,89.0,3.6,3.6,49.0,45 - 55,0.0,6.0,4.0,9.0,13.0,51.0,1.0,,Consulting,Other,1.0,2.9,0.9,0.3,1.2,1.2,1.8,0.7,0.0,1.3,2.0,2.2,0.8,4.1,24.1,3.1,2.2,2.8,0.8,5.9,1.2,0.85,2.17,0.75,0.3,1.0,0.95,1.5,0.6,Joy Seeker,3.0,71.0,-4.0,11.0,-1.0,2.0,5.0,71,93,53,90,48,11,60,62,23,56,61,72,32,36,65,10,25,75,97,66,40,31,62,14,91,29,72,14,56,33
182.0,HBS,Women,Married,20th,5.0,2.0,2,3.0,Kids,1.0,4402093.0,3.0,More than 1M,5.0,32.0,24.0,75.0,42.0,94.0,24.0,25.0,7.9,7.9,52.0,45 - 55,0.0,3.0,7.0,4.0,11.0,54.0,11.0,5.0,inf,Healthcare,0.3,1.0,0.6,0.9,2.0,2.5,0.6,1.2,0.5,1.2,1.4,2.7,2.7,2.0,8.5,2.1,5.8,4.7,1.7,2.1,2.0,0.3,2.06,0.55,0.7,1.7,2.05,0.55,1.0,Purpose Seeker,70.0,1.0,inf,-23.0,-5.0,5.0,4.0,86,58,54,97,66,91,58,19,68,43,92,56,21,98,62,81,19,84,84,19,44,82,37,94,17,57,20,55,73,10
183.0,IWF,Women,Married,30th,7.0,1.0,1,2.0,Kids,1.0,1591729.0,1.0,More than 1M,5.0,82.0,93.0,74.0,28.0,70.0,93.0,59.0,4.4,4.4,30.0,0 - 35,10.0,1.0,4.0,2.0,3.0,54.0,4.0,5.0,Other,Consulting,2.8,1.9,0.1,0.9,2.0,0.4,0.3,2.3,0.2,0.3,1.2,2.4,1.6,9.3,15.8,0.3,6.2,4.8,inf,1.2,3.9,2.3,2.46,0.1,0.75,1.7,0.35,0.3,1.95,Triumvirate,72.0,13.0,-17.0,18.0,11.0,5.0,2.0,12,29,56,74,90,26,18,94,67,26,37,10,53,96,77,66,85,95,33,31,46,78,72,79,35,27,73,85,41,10
184.0,HBS,Women,In a relationship,1st,1.0,0.0,0,1.0,No Kids,2.0,2252809.0,2.0,More than 1M,5.0,64.0,73.0,70.0,85.0,91.0,73.0,89.0,5.9,5.9,37.0,35 - 45,2.0,6.0,0.0,7.0,4.0,55.0,6.0,3.0,Other,Healthcare,2.6,2.8,0.9,0.7,0.9,2.8,2.9,2.3,3.0,2.0,1.1,1.8,1.2,8.9,23.3,3.0,5.0,2.2,1.9,9.7,3.9,2.2,2.44,0.75,0.6,0.8,2.35,2.45,1.95,Striver,27.0,87.0,0.0,inf,12.0,5.0,4.0,79,95,22,17,43,39,67,93,67,63,94,12,24,24,63,25,31,76,96,98,56,90,24,90,12,86,48,54,37,73
185.0,Xilio,Women,In a relationship,10th,3.0,3.0,3+,4.0,Kids,1.0,711669.0,4.0,500K - 1M,4.0,55.0,67.0,97.0,22.0,81.0,67.0,48.0,3.7,3.7,56.0,Over 55,6.0,3.0,2.0,11.0,3.0,49.0,4.0,9.0,Consulting,Consulting,0.8,0.3,2.0,1.5,0.4,2.3,0.1,0.7,inf,2.1,1.9,2.0,0.2,3.3,2.6,6.5,10.3,0.9,1.5,0.2,1.1,0.65,2.13,1.65,1.3,0.35,1.9,0.05,,Joy Seeker,9.0,51.0,-17.0,-17.0,-25.0,2.0,2.0,81,72,31,54,50,22,54,17,60,85,73,95,58,68,43,37,25,40,41,88,32,58,28,98,68,79,11,30,62,71
186.0,IWF,Men,Married,40th+,9.0,inf,3+,4.0,Kids,1.0,3894822.0,2.0,inf,5.0,52.0,14.0,76.0,40.0,64.0,14.0,92.0,8.0,8.0,42.0,35 - 45,4.0,5.0,1.0,8.0,7.0,48.0,2.0,3.0,Finance,Consulting,2.0,2.8,2.8,1.6,1.9,2.8,2.4,2.8,0.4,2.2,1.5,3.0,2.1,6.9,23.4,9.4,10.7,4.4,1.9,8.0,4.6,1.65,2.33,2.35,1.35,1.6,2.35,2.0,2.3,Triumvirate,62.0,56.0,-11.0,-17.0,-1.0,1.0,2.0,36,70,30,96,82,91,31,45,93,94,88,71,30,12,37,95,21,42,96,86,45,11,95,33,97,83,75,87,40,45
187.0,HBS,Women,Married,1st,1.0,4.0,3+,4.0,Kids,1.0,1149043.0,4.0,More than 1M,5.0,31.0,62.0,32.0,97.0,21.0,62.0,12.0,4.6,4.6,61.0,Over 55,10.0,2.0,4.0,9.0,3.0,51.0,5.0,7.0,Other,Tech,2.5,2.1,2.6,1.1,0.4,2.0,2.4,1.8,0.7,2.2,2.5,0.3,2.1,8.4,17.2,8.7,7.1,0.9,1.4,7.9,3.0,2.05,2.41,2.2,0.9,0.3,1.7,1.95,1.5,Joy Seeker,37.0,83.0,-16.0,-22.0,10.0,5.0,3.0,18,58,95,56,22,22,41,85,11,49,87,73,24,19,59,91,84,97,28,17,49,62,79,95,12,15,63,31,17,84
188.0,Xilio,Men,Single,15th,4.0,1.0,1,2.0,Kids,1.0,3359462.0,2.0,More than 1M,,42.0,67.0,84.0,85.0,58.0,67.0,10.0,7.0,7.0,45.0,35 - 45,9.0,3.0,5.0,0.0,6.0,50.0,17.0,5.0,Tech,Consulting,1.7,0.2,2.3,1.1,1.7,1.1,0.9,1.1,2.8,0.0,2.6,2.0,1.8,6.0,1.7,7.7,7.1,4.0,inf,3.0,1.9,1.4,2.28,1.9,0.9,1.45,0.9,0.75,0.95,Striver,51.0,62.0,-2.0,9.0,-9.0,3.0,2.0,71,80,18,49,79,52,78,23,50,28,28,26,23,88,11,31,93,10,75,30,99,16,56,86,47,48,38,39,81,27
189.0,Xilio,Men,Single,30th,7.0,0.0,0,1.0,No Kids,2.0,2236903.0,4.0,More than 1M,5.0,12.0,73.0,71.0,86.0,90.0,73.0,99.0,5.2,5.2,71.0,Over 55,0.0,6.0,3.0,7.0,8.0,52.0,1.0,0.0,Consulting,Consulting,1.6,0.9,2.4,2.5,2.1,2.8,0.4,1.5,1.6,2.9,0.5,0.9,1.5,5.8,7.5,7.9,16.6,4.9,1.9,1.4,2.5,1.3,2.26,1.95,2.05,1.75,2.35,0.35,1.25,Flourisher,44.0,32.0,16.0,-9.0,15.0,2.0,2.0,46,10,35,85,15,94,96,63,92,76,24,87,51,89,35,50,60,53,69,94,98,86,80,26,11,20,54,32,96,25
190.0,HBS,Women,In a relationship,30th,7.0,3.0,3+,4.0,Kids,1.0,1771093.0,1.0,More than 1M,5.0,76.0,89.0,36.0,16.0,inf,89.0,74.0,4.3,4.3,35.0,0 - 35,1.0,8.0,0.0,9.0,7.0,53.0,17.0,9.0,Healthcare,Other,0.7,2.1,2.0,2.4,2.1,0.8,0.4,1.8,1.1,2.4,0.4,1.9,1.3,3.2,17.7,6.6,15.8,4.9,0.6,1.5,3.0,0.6,2.12,1.65,1.95,1.75,0.7,0.35,1.5,Purpose Seeker,24.0,30.0,-18.0,8.0,-2.0,4.0,5.0,60,22,18,63,93,30,78,94,91,91,15,71,89,26,60,85,10,24,75,31,90,29,57,87,26,34,97,14,83,26
191.0,IWF,Men,Married,25th,6.0,0.0,0,1.0,No Kids,2.0,2588231.0,2.0,More than 1M,5.0,44.0,21.0,92.0,29.0,75.0,21.0,27.0,5.9,5.9,41.0,35 - 45,5.0,6.0,6.0,9.0,11.0,51.0,16.0,8.0,Healthcare,Finance,0.3,0.2,0.8,0.9,2.3,1.0,2.1,1.7,2.6,2.7,1.9,inf,1.8,1.8,1.7,2.6,6.2,5.3,0.7,7.0,2.8,0.25,2.05,0.65,0.75,1.9,0.85,1.75,1.4,Flourisher,79.0,29.0,-2.0,inf,-24.0,4.0,1.0,53,96,24,85,61,64,51,95,25,62,82,44,24,92,56,28,36,46,24,54,24,39,82,99,82,64,97,72,34,33
192.0,HBS,Men,In a relationship,30th,7.0,0.0,0,1.0,No Kids,2.0,4330385.0,2.0,More than 1M,5.0,62.0,14.0,72.0,60.0,71.0,14.0,53.0,8.6,8.6,43.0,35 - 45,10.0,10.0,2.0,10.0,5.0,55.0,18.0,8.0,Tech,Consulting,2.7,1.7,2.7,2.7,2.6,2.1,1.9,1.5,1.2,0.0,0.9,0.5,0.7,9.1,14.6,9.1,18.3,6.1,1.4,6.4,2.4,2.25,2.45,2.25,2.3,2.2,1.75,1.6,1.2,Purpose Seeker,59.0,49.0,-10.0,6.0,14.0,3.0,2.0,33,60,19,55,12,90,62,30,13,73,93,22,72,20,35,98,76,36,94,100,46,84,29,92,45,93,89,68,42,77
193.0,Xilio,Women,Single,25th,6.0,0.0,0,1.0,No Kids,2.0,3110389.0,3.0,More than 1M,5.0,12.0,98.0,77.0,42.0,51.0,98.0,57.0,6.8,6.8,52.0,45 - 55,8.0,10.0,6.0,10.0,13.0,54.0,18.0,0.0,Finance,Tech,2.7,1.0,2.0,2.9,1.5,2.3,2.3,1.5,1.0,2.8,0.1,0.6,2.8,9.1,8.6,6.7,19.1,3.5,1.5,7.8,2.5,2.25,2.45,1.7,2.4,1.25,1.9,1.95,1.25,Purpose Seeker,32.0,45.0,0.0,-25.0,-11.0,1.0,3.0,88,65,97,56,90,49,68,59,21,92,47,44,77,57,93,59,21,57,44,49,13,76,46,35,95,67,40,91,77,88
194.0,HBS,Men,,30th,7.0,4.0,3+,4.0,Kids,1.0,1691909.0,2.0,More than 1M,5.0,52.0,71.0,97.0,71.0,56.0,71.0,40.0,4.4,4.4,41.0,35 - 45,5.0,2.0,5.0,6.0,12.0,51.0,3.0,,Consulting,Finance,1.9,1.9,1.7,1.0,2.2,2.8,2.8,0.5,0.6,2.4,2.7,1.9,1.8,6.7,15.5,5.6,6.5,5.1,1.9,9.4,0.9,1.6,2.32,1.4,0.8,1.85,2.3,2.35,0.45,Striver,88.0,30.0,1.0,-18.0,6.0,2.0,1.0,68,92,51,24,72,92,83,48,38,56,35,52,36,14,93,68,39,36,78,31,31,68,84,12,97,46,58,61,16,11
195.0,IWF,Women,Married,15th,4.0,1.0,1,2.0,Kids,1.0,2686138.0,1.0,More than 1M,5.0,40.0,10.0,21.0,66.0,99.0,10.0,17.0,6.3,6.3,32.0,0 - 35,8.0,0.0,6.0,5.0,9.0,inf,15.0,6.0,Other,Other,1.0,,0.3,1.1,1.9,0.6,2.1,2.4,1.1,2.5,0.7,0.4,0.9,4.1,1.1,1.1,7.1,4.3,0.4,6.9,4.1,0.85,2.17,0.3,0.9,1.55,0.5,1.75,2.05,Joy Seeker,52.0,16.0,11.0,19.0,13.0,5.0,5.0,41,71,81,28,58,24,48,29,16,15,91,11,96,78,84,78,18,21,36,39,90,75,11,11,82,25,18,74,75,82
196.0,IWF,Women,In a relationship,5th,2.0,4.0,3+,4.0,Kids,1.0,140078.0,4.0,Less than 150K,1.0,25.0,57.0,65.0,35.0,83.0,57.0,28.0,3.3,3.3,77.0,Over 55,1.0,7.0,10.0,6.0,10.0,50.0,11.0,7.0,Finance,Other,1.0,2.6,1.3,,0.6,2.4,0.5,1.6,1.0,0.3,inf,0.8,1.3,4.1,21.8,4.5,10.1,1.3,1.6,1.6,2.7,0.85,2.17,1.1,1.25,0.45,2.0,0.4,1.35,Flourisher,62.0,40.0,-22.0,-3.0,-20.0,1.0,5.0,97,41,33,35,85,82,24,97,23,25,60,65,62,73,83,43,62,76,97,71,31,12,73,11,11,79,36,48,55,19
197.0,inf,Men,Single,25th,6.0,1.0,1,2.0,Kids,1.0,1945631.0,4.0,,5.0,69.0,27.0,61.0,66.0,31.0,27.0,34.0,4.9,4.9,65.0,Over 55,6.0,0.0,0.0,5.0,1.0,49.0,7.0,2.0,Finance,Consulting,inf,2.9,1.4,2.8,0.1,2.2,0.7,0.4,2.0,2.2,2.2,2.5,2.4,7.5,,4.6,18.8,0.2,1.5,2.4,0.7,1.8,2.36,1.15,2.35,0.05,1.85,0.6,0.35,Joyful Striver,58.0,19.0,-2.0,14.0,-25.0,1.0,2.0,61,39,89,61,56,61,80,96,21,81,82,86,61,23,70,48,70,39,16,82,90,65,95,31,94,82,65,90,14,62
198.0,IWF,Women,In a relationship,10th,3.0,3.0,3+,4.0,Kids,1.0,1434104.0,4.0,More than 1M,5.0,36.0,35.0,83.0,47.0,11.0,35.0,86.0,inf,4.8,80.0,Over 55,0.0,9.0,1.0,9.0,11.0,53.0,10.0,7.0,Consulting,Consulting,2.7,2.9,2.6,2.6,0.9,,2.5,2.3,0.9,2.9,2.3,1.0,0.5,9.1,24.2,8.6,17.5,2.0,0.1,8.4,3.8,2.25,2.45,2.15,2.2,0.7,0.15,2.1,1.9,Purposeful Striver,52.0,18.0,-7.0,-14.0,-3.0,2.0,2.0,71,38,58,31,64,83,38,16,14,27,62,60,72,59,32,83,63,96,15,54,87,88,45,80,43,46,87,12,26,98
199.0,HBS,Women,In a relationship,5th,2.0,4.0,3+,4.0,Kids,1.0,2038187.0,3.0,More than 1M,5.0,56.0,41.0,84.0,60.0,18.0,41.0,85.0,5.5,5.5,47.0,45 - 55,7.0,3.0,7.0,0.0,10.0,54.0,14.0,2.0,Finance,Healthcare,2.7,2.2,1.6,0.3,1.3,1.2,0.6,2.8,1.7,2.0,0.6,1.5,0.9,9.0,18.7,5.5,2.1,3.1,0.8,2.1,4.7,2.2,2.44,1.35,0.25,1.1,inf,0.5,2.35,Flourisher,12.0,1.0,10.0,inf,13.0,1.0,4.0,67,58,35,30,73,62,12,18,90,61,65,63,82,35,46,16,46,75,42,44,87,26,14,13,36,62,54,51,85,60
200.0,HBS,Men,Married,15th,4.0,4.0,3+,4.0,Kids,1.0,1689066.0,3.0,More than 1M,5.0,55.0,81.0,94.0,68.0,13.0,81.0,64.0,4.4,4.4,52.0,45 - 55,6.0,4.0,8.0,4.0,15.0,49.0,16.0,8.0,Tech,Consulting,2.3,0.4,1.1,1.2,1.9,0.8,0.2,2.8,0.2,1.7,0.7,2.8,2.0,8.0,3.3,3.8,7.9,4.3,0.6,0.7,4.7,1.95,2.39,0.95,1.0,1.55,0.7,0.2,2.35,Joyful Striver,39.0,,13.0,20.0,-9.0,3.0,2.0,61,54,100,60,74,96,92,10,41,57,68,25,62,81,50,61,74,16,67,91,26,61,73,47,46,96,98,80,61,78
201.0,HBS,Women,Married,10th,3.0,0.0,0,1.0,No Kids,2.0,4203125.0,3.0,More than 1M,5.0,55.0,19.0,,inf,85.0,19.0,81.0,8.2,8.2,inf,45 - 55,1.0,4.0,10.0,1.0,4.0,50.0,6.0,0.0,Healthcare,Tech,1.9,2.3,2.9,1.7,2.5,0.9,2.1,1.1,0.6,2.8,1.6,0.7,0.9,6.8,19.0,9.8,11.1,5.9,0.6,7.0,1.8,1.6,2.32,2.45,1.4,2.1,0.75,1.75,0.9,Striver,2.0,47.0,-16.0,-11.0,8.0,4.0,3.0,21,39,46,47,90,61,19,35,83,52,79,27,66,78,61,69,51,43,58,51,81,16,16,93,80,25,52,36,21,23
202.0,HBS,Men,Single,30th,7.0,0.0,0,1.0,No Kids,2.0,2178815.0,2.0,More than 1M,5.0,43.0,14.0,72.0,51.0,25.0,14.0,35.0,5.9,5.9,44.0,35 - 45,8.0,2.0,0.0,4.0,13.0,48.0,18.0,9.0,Finance,Healthcare,0.3,0.1,0.3,1.5,0.6,,1.2,0.4,1.2,1.3,0.5,1.2,2.4,1.8,0.6,1.1,10.1,1.4,2.0,4.0,0.7,0.2,2.04,0.3,1.25,0.5,inf,1.0,0.35,Striver,3.0,66.0,-1.0,15.0,15.0,1.0,4.0,48,25,77,29,76,39,38,47,52,48,87,16,61,16,92,61,58,41,26,14,99,14,79,79,31,27,31,37,71,75
203.0,IWF,Men,In a relationship,1st,inf,3.0,3+,4.0,Kids,1.0,4054066.0,4.0,More than 1M,5.0,65.0,88.0,76.0,88.0,63.0,88.0,47.0,8.4,8.4,71.0,Over 55,0.0,8.0,0.0,0.0,11.0,49.0,6.0,8.0,Consulting,Consulting,0.5,0.1,1.3,0.6,0.4,1.9,2.8,1.6,2.8,1.8,0.9,1.8,0.4,2.5,0.6,4.2,3.9,0.9,1.3,9.2,2.6,0.4,2.08,1.05,0.5,0.3,1.6,2.3,1.3,Joy Seeker,56.0,38.0,-8.0,-7.0,3.0,2.0,2.0,11,49,59,38,99,42,88,47,90,58,67,54,52,25,91,88,13,48,51,36,95,63,31,82,77,28,42,63,44,91
204.0,IWF,Men,In a relationship,30th,7.0,3.0,3+,4.0,Kids,1.0,4536259.0,4.0,More than 1M,5.0,65.0,57.0,70.0,70.0,99.0,57.0,87.0,9.0,inf,61.0,Over 55,2.0,8.0,2.0,6.0,12.0,54.0,3.0,8.0,Other,Healthcare,2.7,1.0,0.1,2.6,2.9,2.2,2.0,0.3,1.1,1.4,1.0,2.3,2.3,9.1,,0.4,inf,6.7,1.4,6.5,0.6,2.25,2.45,0.1,2.15,2.4,1.8,1.65,0.3,Purposeful Striver,81.0,51.0,-7.0,0.0,-17.0,5.0,4.0,12,28,33,60,24,66,44,70,78,21,97,45,16,64,58,33,73,52,81,79,89,70,83,61,23,53,36,24,71,62
205.0,HBS,inf,In a relationship,10th,3.0,0.0,0,1.0,No Kids,2.0,4165314.0,4.0,More than 1M,5.0,28.0,11.0,34.0,53.0,26.0,11.0,83.0,7.3,7.3,62.0,Over 55,7.0,9.0,inf,6.0,1.0,54.0,18.0,9.0,Tech,Consulting,1.8,1.5,2.2,2.0,0.3,2.9,0.3,2.8,2.0,2.8,0.5,2.7,0.2,6.5,12.2,7.4,13.5,0.8,2.0,0.9,4.7,1.5,2.3,1.85,1.7,0.25,2.45,0.25,2.35,Purposeful Striver,59.0,63.0,10.0,3.0,-13.0,3.0,2.0,65,27,28,13,41,61,15,53,54,19,22,50,51,87,36,35,88,52,49,71,89,25,55,40,32,11,49,62,30,93
206.0,HBS,Women,Married,25th,6.0,2.0,2,3.0,Kids,1.0,940681.0,1.0,500K - 1M,4.0,17.0,95.0,95.0,57.0,38.0,95.0,24.0,3.6,3.6,30.0,0 - 35,4.0,10.0,5.0,5.0,13.0,53.0,5.0,2.0,Consulting,Tech,0.0,,2.8,2.5,1.4,1.1,2.8,0.6,0.8,,0.6,2.7,0.0,1.1,19.3,9.2,16.8,3.3,0.8,9.5,0.9,0.0,2.0,2.3,2.1,1.2,0.95,2.35,0.45,Striver,2.0,4.0,-16.0,-4.0,-20.0,2.0,3.0,90,10,69,64,77,18,21,95,18,80,52,51,13,65,15,99,60,87,55,41,47,76,49,35,53,67,35,81,94,73
207.0,Xilio,Women,Married,30th,7.0,1.0,1,2.0,Kids,1.0,1637618.0,1.0,More than 1M,5.0,90.0,36.0,46.0,40.0,57.0,36.0,20.0,5.2,5.2,32.0,0 - 35,1.0,9.0,8.0,1.0,12.0,54.0,4.0,7.0,Other,Tech,0.3,2.0,0.8,2.6,1.8,2.4,0.8,0.8,0.4,1.5,2.4,2.3,2.7,1.9,17.1,2.8,17.2,4.1,1.6,2.6,1.3,0.25,2.05,0.7,2.15,1.45,2.0,0.65,0.65,Joy Seeker,2.0,1.0,7.0,14.0,-20.0,5.0,3.0,68,87,48,80,27,63,47,53,58,64,85,16,78,13,83,99,100,12,80,17,33,68,70,45,98,19,92,79,75,81
208.0,IWF,Men,In a relationship,5th,2.0,1.0,1,2.0,Kids,1.0,3926830.0,3.0,More than 1M,5.0,14.0,25.0,53.0,19.0,75.0,25.0,62.0,8.0,8.0,52.0,45 - 55,0.0,10.0,3.0,1.0,3.0,49.0,10.0,0.0,Other,Consulting,2.0,1.3,,2.2,1.6,1.3,1.0,1.2,0.2,2.1,0.5,0.7,1.7,,11.1,8.6,15.0,3.8,0.9,3.4,2.0,1.65,2.33,2.15,1.85,1.35,1.1,0.85,1.0,Triumvirate,54.0,8.0,-21.0,-5.0,-6.0,5.0,2.0,11,56,83,37,92,10,86,83,42,10,60,24,14,57,75,19,81,55,79,94,15,56,55,35,74,85,54,13,62,58
209.0,HBS,Men,Single,25th,6.0,,2,3.0,,1.0,4366787.0,4.0,More than 1M,5.0,82.0,48.0,45.0,33.0,53.0,48.0,50.0,8.5,8.5,,Over 55,0.0,8.0,4.0,8.0,14.0,52.0,13.0,0.0,Consulting,Consulting,0.0,0.8,0.9,,0.3,2.6,1.2,1.1,0.9,2.4,0.1,0.1,1.1,1.0,6.8,2.9,8.8,0.6,1.7,4.0,1.9,0.0,2.0,0.75,1.1,0.2,2.15,1.0,0.95,Striver,87.0,29.0,9.0,12.0,-23.0,2.0,2.0,11,75,98,13,52,53,28,71,27,58,28,69,84,26,33,26,69,41,77,27,77,57,93,37,88,55,54,26,30,99
210.0,,Men,Married,5th,2.0,2.0,2,3.0,Kids,1.0,2785423.0,4.0,More than 1M,5.0,26.0,16.0,28.0,13.0,25.0,16.0,89.0,8.3,8.3,58.0,Over 55,1.0,2.0,0.0,5.0,10.0,55.0,7.0,6.0,,Other,0.5,3.0,2.7,1.8,0.2,0.5,0.2,2.4,0.5,1.7,1.9,1.2,0.7,2.4,24.9,9.1,12.2,0.4,0.4,0.5,4.0,0.4,2.08,2.3,1.55,0.15,0.45,0.15,2.0,Triumvirate,1.0,55.0,18.0,-6.0,-9.0,3.0,5.0,63,47,27,31,44,84,76,15,18,45,30,49,89,45,47,87,96,52,10,87,91,73,37,14,87,91,35,43,24,71
211.0,HBS,Women,Single,10th,3.0,2.0,2,3.0,Kids,1.0,2063350.0,2.0,More than 1M,5.0,88.0,23.0,98.0,39.0,56.0,23.0,22.0,5.7,5.7,42.0,35 - 45,9.0,4.0,0.0,3.0,6.0,50.0,11.0,8.0,Other,Consulting,1.6,1.3,2.3,0.5,0.3,2.8,1.5,1.4,0.5,2.7,2.9,0.4,1.9,5.9,10.7,7.5,3.2,0.7,1.9,5.0,2.3,1.35,2.27,1.9,0.4,0.25,2.35,1.25,1.15,Striver,19.0,3.0,8.0,3.0,-14.0,5.0,2.0,96,60,28,85,87,89,17,26,71,30,100,92,50,79,37,11,88,90,88,24,15,59,96,83,70,28,79,15,84,46
212.0,inf,Men,Single,20th,5.0,3.0,3+,4.0,Kids,1.0,2341987.0,3.0,More than 1M,5.0,85.0,32.0,35.0,64.0,57.0,32.0,37.0,6.4,6.4,52.0,45 - 55,0.0,3.0,9.0,10.0,9.0,55.0,16.0,9.0,Other,Tech,2.1,1.4,2.4,2.0,1.8,inf,0.4,0.5,2.3,2.8,1.0,2.1,1.5,7.2,11.3,8.0,13.5,4.1,0.4,inf,0.9,1.75,2.35,2.0,1.7,1.45,0.55,0.3,0.45,Joyful Striver,inf,32.0,7.0,-22.0,19.0,5.0,3.0,10,72,45,54,67,18,17,60,66,46,92,46,13,89,37,86,100,12,98,35,35,94,44,27,94,47,76,45,83,58
213.0,Xilio,Men,Single,30th,7.0,2.0,2,3.0,Kids,1.0,4626200.0,3.0,More than 1M,5.0,77.0,56.0,46.0,46.0,64.0,56.0,62.0,9.0,9.0,53.0,45 - 55,6.0,0.0,2.0,5.0,3.0,55.0,6.0,7.0,Healthcare,Healthcare,2.0,0.5,0.1,0.5,1.6,1.0,1.2,0.8,0.0,0.2,0.4,2.0,3.0,6.9,4.1,inf,3.6,3.8,0.7,4.0,1.3,1.65,2.33,0.05,0.45,1.35,0.8,1.0,0.65,Triumvirate,53.0,10.0,-5.0,-19.0,-25.0,4.0,4.0,28,13,83,76,42,41,93,47,38,33,33,75,11,47,75,36,40,83,61,62,100,50,10,24,64,46,15,48,91,77
214.0,HBS,Men,Single,25th,6.0,4.0,3+,4.0,Kids,1.0,4701399.0,4.0,More than 1M,5.0,69.0,93.0,61.0,94.0,89.0,93.0,43.0,9.0,9.0,69.0,Over 55,3.0,10.0,2.0,2.0,11.0,54.0,15.0,9.0,Consulting,Tech,0.7,2.4,2.9,2.1,0.7,2.3,1.1,1.5,1.7,1.2,1.7,0.1,2.9,3.0,19.9,9.6,13.9,1.6,1.5,3.5,2.5,0.55,2.11,2.4,1.75,0.6,1.9,0.9,1.25,Joyful Striver,44.0,74.0,-9.0,2.0,-9.0,2.0,3.0,11,10,64,95,23,24,56,33,87,64,35,64,76,71,70,82,81,72,44,53,50,81,38,66,80,100,37,89,32,42
215.0,Xilio,Women,Single,10th,3.0,4.0,3+,4.0,Kids,1.0,101295.0,4.0,Less than 150K,1.0,70.0,62.0,45.0,24.0,26.0,62.0,70.0,2.9,2.9,60.0,Over 55,1.0,2.0,6.0,9.0,14.0,52.0,19.0,8.0,Other,Tech,2.1,2.1,2.2,0.7,1.9,1.2,2.3,0.4,1.1,0.1,2.7,2.5,1.9,7.4,17.3,7.3,4.6,4.5,0.8,7.7,0.7,1.8,2.36,1.8,0.55,1.6,1.0,1.95,0.35,Striver,90.0,83.0,-4.0,2.0,-23.0,5.0,3.0,62,17,78,75,43,21,13,60,34,34,54,86,30,57,55,80,67,49,78,41,84,31,18,14,94,87,76,75,40,31
216.0,HBS,Women,Single,5th,2.0,1.0,1,2.0,inf,1.0,773974.0,2.0,500K - 1M,4.0,37.0,77.0,64.0,37.0,28.0,77.0,22.0,4.3,4.3,38.0,35 - 45,3.0,8.0,7.0,1.0,12.0,48.0,15.0,6.0,Healthcare,Consulting,0.7,0.7,0.9,0.4,2.5,1.8,2.4,1.8,1.5,1.0,2.4,0.7,1.3,3.1,inf,3.0,2.4,5.7,1.2,8.0,3.1,0.6,2.12,0.75,0.3,2.05,1.5,2.0,1.55,Joyful Striver,32.0,34.0,11.0,-22.0,0.0,4.0,2.0,53,38,56,97,70,87,60,19,24,16,37,89,79,19,78,57,91,27,14,37,47,63,18,46,59,54,22,17,63,79
217.0,IWF,Men,Married,40th+,9.0,0.0,0,1.0,No Kids,2.0,3475376.0,2.0,More than 1M,5.0,19.0,37.0,66.0,10.0,70.0,37.0,40.0,6.8,6.8,37.0,inf,5.0,8.0,8.0,11.0,11.0,50.0,3.0,2.0,Tech,Consulting,1.0,0.2,2.5,0.5,0.1,1.3,0.5,1.7,1.7,1.6,1.9,1.3,1.5,3.9,2.1,8.3,3.3,0.3,0.9,1.5,2.8,0.8,2.16,2.05,0.4,0.1,1.1,0.4,1.4,Flourisher,70.0,87.0,-11.0,-4.0,-11.0,3.0,2.0,99,64,58,43,13,66,94,81,15,90,91,65,52,45,84,83,13,76,26,48,89,14,31,95,21,43,72,24,64,42
218.0,IWF,Women,In a relationship,15th,4.0,1.0,1,2.0,Kids,1.0,3642600.0,4.0,More than 1M,5.0,92.0,85.0,57.0,60.0,69.0,85.0,60.0,7.2,7.2,74.0,Over 55,7.0,4.0,9.0,6.0,6.0,55.0,2.0,1.0,Other,Tech,2.2,2.0,0.8,0.0,1.5,2.2,1.1,2.1,0.9,2.7,0.9,2.0,2.0,7.7,17.0,2.8,0.0,3.5,1.5,3.7,3.6,1.85,2.37,0.7,0.0,1.25,1.85,0.9,1.8,Joyful Striver,32.0,55.0,9.0,-14.0,10.0,5.0,3.0,41,12,42,100,97,17,76,30,51,80,38,53,91,38,83,18,31,71,62,41,92,26,72,95,88,11,22,72,35,37
219.0,IWF,Women,In a relationship,30th,7.0,2.0,2,3.0,Kids,1.0,855816.0,1.0,500K - 1M,4.0,30.0,68.0,18.0,34.0,96.0,68.0,84.0,3.8,3.8,35.0,0 - 35,2.0,5.0,6.0,2.0,13.0,54.0,13.0,8.0,Tech,Finance,1.9,2.0,2.6,2.2,2.1,0.7,1.1,2.8,0.9,2.5,1.6,1.3,0.3,6.8,16.4,8.7,14.4,4.8,0.5,3.7,4.7,1.6,2.32,2.2,1.8,1.7,0.55,0.95,2.35,Striver,68.0,32.0,2.0,19.0,6.0,3.0,1.0,79,41,30,64,68,81,54,79,38,80,26,66,78,87,52,95,12,19,61,86,52,87,75,31,24,53,86,100,62,97
220.0,Xilio,Women,Single,25th,6.0,4.0,3+,4.0,Kids,1.0,404705.0,2.0,250K – 500K,3.0,18.0,26.0,98.0,32.0,87.0,26.0,57.0,3.5,3.5,36.0,35 - 45,6.0,8.0,8.0,6.0,12.0,54.0,7.0,7.0,Other,Other,2.5,0.8,0.3,2.2,0.8,0.2,0.5,2.7,,0.4,0.3,1.3,1.0,8.6,6.8,1.1,14.6,1.8,0.1,1.5,4.6,2.1,2.42,0.3,1.85,0.65,0.15,0.4,2.3,Purpose Seeker,55.0,inf,-19.0,-23.0,6.0,5.0,5.0,41,19,90,10,38,36,17,94,88,33,77,15,18,13,68,32,88,61,23,88,62,50,89,61,26,92,10,89,75,13
221.0,HBS,Men,Married,30th,7.0,3.0,3+,4.0,Kids,1.0,3747270.0,4.0,More than 1M,5.0,36.0,72.0,74.0,34.0,29.0,72.0,57.0,8.6,8.6,71.0,Over 55,2.0,3.0,2.0,11.0,1.0,48.0,11.0,1.0,Healthcare,Tech,2.0,2.9,2.1,1.5,0.9,0.9,2.4,2.8,2.6,0.3,2.0,0.2,0.2,6.9,23.8,7.0,10.3,2.2,0.6,8.0,4.7,1.65,2.33,1.75,1.3,0.75,0.75,2.0,2.35,Striver,75.0,7.0,6.0,-4.0,-22.0,4.0,3.0,77,83,31,81,92,71,96,66,13,20,53,41,93,53,11,80,56,82,38,27,24,90,67,24,43,36,49,74,48,75
222.0,Xilio,Men,Single,25th,6.0,1.0,1,2.0,,1.0,1886926.0,2.0,More than 1M,5.0,71.0,25.0,89.0,61.0,95.0,25.0,11.0,4.3,4.3,39.0,35 - 45,5.0,8.0,5.0,6.0,9.0,51.0,10.0,7.0,Finance,Healthcare,1.7,0.5,1.6,0.5,1.8,1.4,2.1,0.7,0.6,1.8,2.2,1.2,0.2,6.1,3.8,5.4,3.2,4.3,0.9,7.1,1.2,1.4,2.28,1.35,0.4,1.55,1.2,1.75,0.6,Purposeful Striver,56.0,8.0,-15.0,18.0,-8.0,1.0,4.0,64,92,57,96,15,21,25,48,91,82,70,83,37,65,24,82,47,55,17,79,99,44,79,26,44,57,46,68,16,86
223.0,IWF,Women,In a relationship,20th,5.0,0.0,0,1.0,No Kids,2.0,1688845.0,4.0,More than 1M,5.0,98.0,inf,16.0,24.0,46.0,56.0,87.0,5.3,5.3,78.0,Over 55,9.0,0.0,4.0,9.0,6.0,54.0,0.0,4.0,Finance,Finance,0.3,1.3,0.3,0.3,2.7,0.5,0.6,0.4,0.3,1.6,2.9,2.3,0.6,1.8,10.8,1.0,1.7,6.3,0.3,1.9,0.7,0.25,2.05,0.25,0.2,2.25,0.4,0.5,0.35,Joy Seeker,17.0,65.0,-16.0,-24.0,-7.0,1.0,1.0,84,43,46,47,58,74,86,97,66,21,77,27,35,51,46,36,42,64,10,20,65,49,64,60,48,16,40,19,97,58
224.0,IWF,Men,In a relationship,30th,7.0,2.0,2,3.0,Kids,1.0,2056793.0,4.0,More than 1M,5.0,28.0,33.0,77.0,62.0,39.0,33.0,12.0,4.6,4.6,60.0,Over 55,1.0,0.0,0.0,8.0,4.0,51.0,2.0,0.0,Other,Finance,1.1,2.8,0.7,0.1,2.4,1.1,1.1,0.9,2.7,0.8,0.8,2.7,1.5,4.3,23.6,2.4,0.4,5.7,0.7,3.7,1.5,0.9,2.18,0.6,0.05,2.0,0.9,0.9,0.75,Joy Seeker,38.0,57.0,-17.0,-2.0,17.0,5.0,1.0,65,96,24,15,49,51,76,42,58,44,83,77,91,22,80,97,87,55,38,41,65,31,22,54,87,36,26,16,48,20
225.0,IWF,Men,Married,1st,1.0,4.0,3+,4.0,Kids,1.0,584594.0,4.0,500K - 1M,4.0,80.0,46.0,83.0,92.0,10.0,46.0,94.0,3.4,3.4,75.0,Over 55,6.0,1.0,3.0,9.0,7.0,55.0,19.0,5.0,Other,Consulting,0.8,1.3,0.0,0.5,1.7,1.2,0.3,2.7,1.0,2.7,0.1,1.2,2.4,3.4,10.5,0.1,3.3,4.1,0.8,1.1,4.5,0.65,2.13,0.05,0.4,1.45,1.0,0.25,2.25,Triumvirate,inf,67.0,-12.0,8.0,9.0,5.0,2.0,26,64,44,95,92,71,18,68,53,72,34,82,92,55,29,90,57,84,45,29,40,57,28,72,64,94,18,83,41,44
226.0,HBS,Women,Married,40th+,9.0,4.0,3+,4.0,Kids,1.0,177718.0,2.0,150K – 250K,2.0,39.0,86.0,48.0,11.0,48.0,86.0,52.0,3.7,3.7,38.0,35 - 45,10.0,10.0,6.0,10.0,9.0,53.0,8.0,1.0,Consulting,Finance,0.7,1.9,1.4,2.7,2.2,0.2,1.9,2.9,1.7,2.8,1.6,1.3,1.5,3.2,16.0,4.7,17.8,5.1,0.1,6.3,4.9,0.6,2.12,1.15,2.25,1.85,0.15,1.55,2.45,Joyful Striver,69.0,inf,-13.0,1.0,14.0,2.0,1.0,47,41,80,34,74,20,69,27,89,77,76,16,12,91,44,93,74,69,60,49,92,62,88,37,68,80,73,85,35,48
227.0,Xilio,Men,Single,25th,6.0,2.0,2,3.0,Kids,1.0,4869567.0,4.0,More than 1M,5.0,47.0,23.0,79.0,57.0,70.0,23.0,89.0,8.9,8.9,76.0,Over 55,1.0,7.0,3.0,0.0,3.0,49.0,3.0,7.0,,Tech,2.9,1.2,0.9,0.7,1.1,1.7,0.4,2.6,1.1,1.2,2.1,2.1,1.0,9.8,9.9,3.0,4.8,2.6,1.2,1.2,4.3,2.45,2.49,0.75,0.6,0.9,1.45,0.3,2.15,Flourisher,70.0,87.0,-1.0,15.0,-12.0,1.0,3.0,33,59,41,91,78,52,87,65,84,66,11,17,82,42,43,80,35,35,46,17,66,19,42,68,14,98,66,90,96,19
228.0,IWF,Men,Single,30th,7.0,2.0,2,3.0,Kids,1.0,3534473.0,2.0,More than 1M,5.0,36.0,31.0,14.0,57.0,88.0,31.0,41.0,6.7,6.7,41.0,35 - 45,0.0,2.0,6.0,0.0,14.0,55.0,13.0,9.0,Consulting,Tech,1.2,0.8,1.8,1.1,1.9,2.7,3.0,0.3,0.4,2.7,2.4,2.8,0.2,4.5,6.9,6.0,7.1,4.5,1.8,9.9,0.6,1.0,2.2,1.5,0.9,1.6,2.2,2.45,0.3,Joy Seeker,86.0,59.0,-24.0,-25.0,7.0,2.0,3.0,78,16,20,26,36,26,86,66,23,22,98,73,58,30,95,52,17,36,78,44,60,27,83,95,39,27,22,21,87,83
229.0,IWF,Men,Married,40th+,9.0,0.0,0,1.0,No Kids,2.0,2234664.0,4.0,More than 1M,5.0,68.0,70.0,65.0,21.0,84.0,70.0,53.0,5.3,5.3,74.0,Over 55,10.0,5.0,4.0,2.0,9.0,51.0,1.0,1.0,Consulting,Tech,2.7,3.0,0.9,0.3,1.4,0.5,2.3,2.8,1.8,1.2,0.6,0.8,1.7,9.0,24.6,3.0,2.1,3.3,0.3,7.8,4.7,2.25,2.45,0.75,0.25,1.15,0.4,1.95,2.35,Purpose Seeker,inf,72.0,9.0,-18.0,-12.0,2.0,3.0,79,17,19,70,89,41,80,85,12,32,58,16,26,89,40,16,59,47,62,78,33,89,74,30,13,42,46,88,38,81
230.0,Xilio,Women,Single,10th,3.0,,3+,4.0,Kids,1.0,4371747.0,4.0,More than 1M,5.0,25.0,43.0,80.0,86.0,28.0,43.0,42.0,8.6,8.6,61.0,Over 55,0.0,10.0,8.0,1.0,5.0,51.0,2.0,0.0,Healthcare,Consulting,1.9,1.2,0.9,0.7,0.6,1.8,1.2,1.3,1.6,2.2,0.8,1.3,0.8,6.7,10.2,3.0,4.4,1.3,1.2,3.9,2.1,1.6,2.32,0.75,0.55,0.45,1.5,1.0,1.05,Joyful Striver,16.0,54.0,-19.0,-3.0,8.0,4.0,2.0,95,74,82,21,15,94,24,57,71,92,79,50,72,88,96,92,89,31,61,87,67,58,69,51,24,42,23,55,34,78
231.0,Xilio,Women,In a relationship,40th+,9.0,2.0,2,3.0,Kids,1.0,1549163.0,4.0,More than 1M,5.0,13.0,88.0,42.0,88.0,31.0,88.0,74.0,4.5,4.5,inf,Over 55,8.0,0.0,2.0,3.0,8.0,53.0,8.0,2.0,Other,Other,2.4,2.7,2.2,1.6,2.1,2.0,1.7,0.0,0.6,1.4,1.5,2.4,1.8,8.2,22.4,7.4,10.4,4.9,1.3,5.8,0.0,2.0,2.4,1.85,1.3,1.75,1.65,1.45,0.0,Triumvirate,73.0,67.0,-5.0,12.0,-22.0,5.0,5.0,20,66,87,15,22,94,80,51,73,48,35,49,64,66,28,72,47,35,97,30,82,80,21,90,44,34,84,41,65,32
232.0,IWF,Women,Married,15th,4.0,1.0,1,2.0,Kids,1.0,4597920.0,4.0,More than 1M,5.0,41.0,13.0,19.0,46.0,46.0,13.0,52.0,8.6,8.6,70.0,Over 55,8.0,5.0,7.0,10.0,15.0,55.0,9.0,9.0,Tech,Finance,1.5,0.7,0.1,1.8,1.7,1.3,2.7,1.3,1.4,0.4,1.0,1.8,2.9,5.5,5.7,0.5,inf,3.9,0.8,9.1,2.2,1.25,2.25,0.1,1.5,1.4,1.05,2.3,1.1,Purpose Seeker,,51.0,-8.0,-20.0,-2.0,3.0,1.0,25,76,86,99,73,49,50,36,54,97,81,12,32,78,77,93,19,95,92,33,96,39,52,78,83,23,34,41,40,43
233.0,HBS,Women,In a relationship,30th,7.0,3.0,3+,4.0,Kids,1.0,716976.0,3.0,500K - 1M,4.0,77.0,60.0,29.0,40.0,92.0,60.0,52.0,3.9,3.9,50.0,45 - 55,0.0,10.0,1.0,10.0,6.0,51.0,2.0,5.0,Other,Tech,1.7,0.6,2.7,0.7,1.1,2.1,1.7,0.1,2.4,2.8,2.6,0.3,0.3,6.2,5.3,9.0,4.9,2.5,1.4,5.5,0.2,1.45,2.29,2.25,0.6,0.9,1.75,1.4,0.1,Joy Seeker,70.0,8.0,-23.0,-4.0,3.0,5.0,3.0,82,97,66,36,71,32,31,83,91,89,36,26,43,79,33,53,51,78,21,26,13,28,26,91,64,47,87,99,75,41
234.0,Xilio,Men,Single,25th,6.0,1.0,1,2.0,Kids,1.0,2502189.0,4.0,More than 1M,5.0,12.0,40.0,17.0,20.0,57.0,40.0,81.0,5.7,5.7,62.0,Over 55,5.0,6.0,8.0,11.0,1.0,51.0,5.0,4.0,Healthcare,Healthcare,1.5,0.1,2.6,0.2,2.7,1.2,0.5,1.6,1.8,1.4,1.4,1.9,0.6,5.4,0.8,8.5,1.2,6.4,0.8,1.7,2.7,1.25,2.25,2.15,0.15,2.3,1.05,0.45,1.35,Joyful Striver,80.0,34.0,16.0,-1.0,-7.0,,4.0,68,96,34,17,28,65,33,61,67,21,98,75,78,76,93,48,46,44,61,27,19,64,77,26,75,47,66,87,11,25
235.0,Xilio,Women,In a relationship,15th,4.0,1.0,,2.0,Kids,1.0,3171259.0,3.0,More than 1M,5.0,,98.0,70.0,52.0,93.0,98.0,57.0,7.9,7.9,54.0,45 - 55,7.0,8.0,7.0,5.0,9.0,51.0,16.0,6.0,Tech,Healthcare,0.6,2.0,2.0,1.2,0.1,1.5,1.1,1.0,0.3,2.2,2.4,0.6,1.4,2.8,16.3,6.7,7.8,0.1,1.0,3.8,1.7,0.5,2.1,1.65,1.0,0.05,1.25,0.95,0.85,Triumvirate,3.0,35.0,13.0,-8.0,-20.0,3.0,4.0,79,68,11,92,85,15,53,51,29,43,27,88,24,57,48,49,35,75,10,21,72,69,38,77,69,13,80,99,96,77
236.0,HBS,Women,Married,10th,,2.0,2,3.0,Kids,1.0,147796.0,1.0,,1.0,71.0,20.0,37.0,95.0,75.0,20.0,65.0,3.5,3.5,35.0,0 - 35,9.0,0.0,10.0,8.0,5.0,51.0,5.0,3.0,Consulting,Tech,2.2,1.1,1.8,0.7,0.9,0.0,2.5,1.4,1.6,1.1,1.7,1.5,2.9,7.5,9.2,5.9,4.7,2.2,0.0,8.4,2.4,1.8,2.36,1.5,0.6,,0.0,2.1,1.2,Triumvirate,20.0,88.0,15.0,-9.0,7.0,2.0,3.0,89,81,73,74,89,95,10,41,67,80,63,61,56,85,63,16,21,82,16,25,82,96,64,16,33,71,97,70,56,63
237.0,Xilio,Women,In a relationship,5th,2.0,3.0,3+,4.0,Kids,1.0,1271082.0,1.0,More than 1M,5.0,86.0,25.0,58.0,93.0,89.0,25.0,76.0,3.5,3.5,34.0,0 - 35,0.0,1.0,8.0,11.0,6.0,55.0,19.0,1.0,Healthcare,Consulting,0.8,2.6,2.7,0.7,0.2,2.1,1.9,1.8,2.1,0.1,2.3,1.6,2.3,3.5,21.6,8.9,4.4,0.4,1.4,6.4,3.1,0.7,2.14,2.25,0.55,0.15,1.75,1.6,1.55,Purposeful Striver,59.0,78.0,-15.0,-14.0,14.0,4.0,2.0,12,63,44,66,52,59,19,35,98,84,10,31,12,42,48,79,93,60,26,13,92,81,16,98,31,91,51,78,84,37
238.0,IWF,Men,Single,10th,3.0,2.0,2,3.0,Kids,1.0,4922680.0,2.0,More than 1M,5.0,78.0,12.0,71.0,27.0,98.0,12.0,56.0,9.0,9.0,36.0,35 - 45,2.0,4.0,3.0,4.0,3.0,52.0,19.0,3.0,Other,Tech,0.1,1.4,0.6,2.9,2.3,2.0,2.0,2.6,2.4,0.3,1.0,2.6,2.7,1.2,11.8,1.9,19.2,,1.3,6.5,4.3,0.05,2.01,0.45,,1.9,1.65,1.65,2.15,Purpose Seeker,36.0,32.0,13.0,-20.0,-7.0,5.0,3.0,29,76,16,49,83,46,89,34,66,40,70,13,92,45,26,34,58,27,52,98,24,90,53,49,53,19,51,70,38,69
239.0,Xilio,Men,Married,1st,1.0,1.0,1,2.0,Kids,1.0,4922306.0,3.0,More than 1M,5.0,89.0,89.0,64.0,39.0,16.0,89.0,52.0,8.6,8.6,55.0,45 - 55,1.0,2.0,7.0,4.0,7.0,51.0,14.0,0.0,Consulting,Finance,1.9,2.9,0.2,1.8,2.1,0.1,2.6,2.0,1.9,1.5,2.5,1.4,1.0,6.8,24.2,0.8,12.3,4.9,0.1,8.7,3.3,1.6,2.32,0.2,1.55,1.75,0.1,2.15,1.65,Flourisher,19.0,46.0,-2.0,0.0,-25.0,2.0,1.0,68,60,94,23,98,73,81,84,86,71,12,15,37,42,28,68,23,52,80,43,72,30,86,49,41,44,56,55,58,87
240.0,HBS,Men,In a relationship,1st,1.0,2.0,2,3.0,Kids,1.0,4144639.0,1.0,More than 1M,5.0,16.0,50.0,37.0,15.0,34.0,50.0,83.0,8.4,8.4,31.0,0 - 35,5.0,inf,9.0,10.0,7.0,55.0,14.0,8.0,Finance,Healthcare,0.5,0.6,0.7,1.7,1.0,1.1,2.7,1.3,0.5,2.1,0.8,0.8,3.0,2.6,4.6,2.4,11.1,2.3,0.7,8.9,2.2,0.45,2.09,0.6,1.4,0.85,0.9,2.25,1.1,,90.0,16.0,20.0,1.0,-21.0,1.0,4.0,45,17,27,44,29,63,65,32,77,22,77,47,12,40,57,22,55,21,26,55,28,35,14,52,92,32,53,77,82,85
241.0,Xilio,Men,In a relationship,30th,7.0,2.0,2,3.0,Kids,1.0,2718130.0,3.0,More than 1M,5.0,26.0,75.0,50.0,86.0,22.0,75.0,92.0,5.9,5.9,52.0,45 - 55,8.0,7.0,1.0,11.0,1.0,50.0,16.0,6.0,Tech,Other,2.8,2.6,2.4,1.2,2.0,2.9,2.8,2.5,2.1,1.0,1.6,0.7,0.3,9.5,21.7,7.9,8.3,4.7,2.0,9.2,4.1,2.35,2.47,2.0,1.05,1.7,2.45,2.3,2.05,Triumvirate,67.0,68.0,-7.0,-18.0,1.0,3.0,5.0,28,43,76,57,77,81,98,66,87,40,50,35,13,30,44,95,44,12,68,84,72,37,69,82,60,98,50,64,41,69
242.0,Xilio,Women,In a relationship,10th,3.0,0.0,0,1.0,No Kids,2.0,inf,2.0,More than 1M,5.0,54.0,42.0,29.0,11.0,93.0,42.0,58.0,7.4,7.4,36.0,35 - 45,7.0,0.0,10.0,10.0,15.0,51.0,2.0,2.0,Healthcare,Finance,2.9,2.3,0.1,1.3,1.2,1.3,0.3,2.7,2.0,2.1,0.6,2.6,0.2,9.6,19.4,0.3,8.6,2.8,0.8,0.9,4.5,2.4,2.48,0.1,1.05,inf,1.05,0.25,2.25,inf,19.0,37.0,-22.0,-7.0,-10.0,4.0,1.0,99,44,51,93,53,58,59,61,61,11,46,20,97,36,41,90,38,91,12,86,65,48,15,92,94,74,12,10,39,94
243.0,IWF,Women,Married,15th,4.0,4.0,3+,4.0,Kids,1.0,1609159.0,2.0,More than 1M,5.0,47.0,24.0,16.0,34.0,84.0,24.0,35.0,5.2,5.2,40.0,35 - 45,7.0,2.0,3.0,6.0,0.0,53.0,0.0,9.0,Healthcare,Consulting,2.7,2.3,1.7,1.6,2.3,1.5,1.6,0.4,0.1,inf,1.4,0.5,2.6,9.2,19.3,5.8,10.8,5.3,1.0,,0.6,2.3,2.46,1.45,1.35,1.9,1.25,1.35,0.3,Joyful Striver,20.0,54.0,0.0,16.0,-20.0,4.0,2.0,76,97,48,65,32,20,21,96,46,24,60,99,40,100,56,95,21,16,38,40,30,42,16,60,12,91,99,86,24,89
244.0,HBS,Men,In a relationship,10th,3.0,2.0,2,3.0,Kids,1.0,937317.0,4.0,500K - 1M,4.0,78.0,55.0,71.0,30.0,59.0,55.0,88.0,4.5,4.5,79.0,Over 55,4.0,9.0,6.0,8.0,14.0,51.0,,9.0,Tech,Healthcare,1.1,2.5,3.0,2.1,1.4,2.7,2.2,1.6,1.2,2.1,1.0,1.3,2.8,4.3,21.1,,13.9,3.2,1.8,7.4,2.7,0.95,2.19,2.5,1.75,inf,2.25,1.85,1.35,Flourisher,71.0,85.0,12.0,-25.0,14.0,3.0,4.0,28,87,50,58,11,97,98,40,17,66,24,26,54,81,56,71,91,15,31,34,43,49,55,82,79,88,99,76,71,53
245.0,IWF,Men,Single,25th,6.0,1.0,1,2.0,Kids,1.0,2515367.0,3.0,More than 1M,5.0,57.0,81.0,19.0,59.0,32.0,81.0,49.0,5.4,5.4,47.0,45 - 55,6.0,9.0,3.0,11.0,6.0,50.0,8.0,5.0,Consulting,Consulting,0.0,2.3,2.6,2.1,1.2,2.2,2.3,0.9,1.0,1.5,0.8,0.6,0.3,1.1,19.0,8.6,14.0,2.9,1.4,7.6,1.4,0.05,2.01,2.15,1.75,1.05,1.8,1.9,0.7,Purposeful Striver,52.0,14.0,16.0,3.0,-13.0,2.0,2.0,29,41,84,22,31,58,90,73,53,84,17,97,68,71,73,17,53,91,47,83,26,92,66,32,41,34,10,58,87,11
246.0,HBS,Women,Married,10th,3.0,0.0,0,1.0,No Kids,2.0,4545488.0,3.0,More than 1M,5.0,60.0,27.0,25.0,26.0,51.0,27.0,56.0,8.3,8.3,53.0,45 - 55,4.0,3.0,1.0,6.0,12.0,53.0,14.0,2.0,Consulting,Healthcare,2.8,1.9,1.6,0.5,2.8,1.7,1.8,0.1,2.0,2.7,2.9,2.3,0.3,9.4,15.7,5.2,3.4,6.5,1.2,6.1,0.2,2.3,2.46,1.3,0.45,2.35,1.45,1.5,0.1,Flourisher,33.0,55.0,6.0,19.0,9.0,2.0,4.0,80,55,33,70,66,30,69,80,14,43,47,40,54,35,55,54,75,54,63,33,27,38,63,41,11,62,88,34,26,32
247.0,HBS,Women,In a relationship,5th,2.0,2.0,2,3.0,Kids,inf,698234.0,3.0,500K - 1M,4.0,57.0,88.0,99.0,55.0,89.0,88.0,98.0,3.6,3.6,47.0,45 - 55,1.0,6.0,7.0,1.0,9.0,48.0,17.0,4.0,Healthcare,Other,1.3,0.4,0.2,1.5,0.8,2.4,0.5,2.0,0.6,1.5,0.5,1.4,0.1,4.9,3.3,0.6,10.0,1.8,1.6,1.7,3.3,1.05,2.21,0.15,1.25,0.65,2.0,0.4,1.65,Purpose Seeker,40.0,48.0,13.0,9.0,-7.0,4.0,5.0,61,25,69,58,81,75,35,42,78,77,92,86,84,75,44,27,11,95,59,74,90,29,55,40,97,93,20,25,31,55
248.0,HBS,Men,In a relationship,15th,4.0,0.0,0,1.0,No Kids,2.0,408480.0,4.0,250K – 500K,3.0,53.0,89.0,64.0,64.0,70.0,89.0,55.0,3.1,3.1,77.0,inf,4.0,9.0,0.0,1.0,6.0,54.0,10.0,4.0,Tech,Consulting,2.9,0.1,2.5,inf,0.4,2.6,2.4,2.6,1.8,1.4,2.4,1.1,0.3,9.7,0.8,8.3,8.2,0.8,1.7,8.0,4.3,2.4,2.48,2.1,1.05,0.3,2.15,2.0,2.15,Joyful Striver,39.0,82.0,19.0,14.0,-14.0,3.0,2.0,42,77,55,55,16,72,87,94,40,84,65,44,46,21,26,97,68,48,78,34,75,29,19,26,68,26,16,94,39,82
249.0,HBS,Women,Single,10th,3.0,1.0,1,2.0,Kids,1.0,821971.0,4.0,500K - 1M,4.0,11.0,72.0,70.0,73.0,48.0,72.0,99.0,4.8,4.8,73.0,Over 55,8.0,3.0,3.0,1.0,7.0,51.0,17.0,7.0,Healthcare,Consulting,2.9,2.8,1.8,2.6,1.8,1.4,2.2,0.5,2.7,0.6,3.0,1.1,0.6,9.7,23.0,6.0,17.4,4.1,0.9,7.2,0.8,2.4,2.48,1.5,2.2,1.45,1.15,1.8,0.4,Flourisher,82.0,7.0,20.0,-12.0,-10.0,4.0,2.0,49,46,28,71,87,92,50,11,54,38,56,25,74,31,51,69,26,60,39,37,60,83,13,67,100,66,21,22,90,63
250.0,IWF,Women,In a relationship,1st,1.0,3.0,3+,4.0,Kids,1.0,531157.0,4.0,500K - 1M,4.0,68.0,17.0,70.0,40.0,45.0,17.0,50.0,3.8,3.8,65.0,Over 55,7.0,3.0,10.0,7.0,11.0,55.0,19.0,4.0,Consulting,Other,2.6,1.8,0.3,1.9,2.9,1.4,0.3,2.4,2.4,0.9,0.1,2.6,2.9,8.7,15.4,1.1,12.6,6.8,1.0,0.9,4.1,2.15,2.43,0.3,1.6,2.4,,0.2,2.05,Triumvirate,1.0,74.0,10.0,9.0,17.0,2.0,5.0,48,63,77,17,65,37,45,27,18,75,99,88,18,26,38,69,19,18,32,45,74,21,76,95,82,84,47,61,25,80
251.0,Xilio,Men,Married,1st,1.0,1.0,1,2.0,Kids,1.0,4408727.0,2.0,More than 1M,5.0,42.0,88.0,48.0,58.0,,88.0,57.0,7.7,7.7,43.0,35 - 45,9.0,5.0,0.0,3.0,4.0,48.0,18.0,0.0,Consulting,Tech,0.9,2.4,0.3,1.6,1.1,1.2,1.4,2.6,2.8,0.1,2.1,1.7,2.0,3.7,19.9,0.9,10.7,2.6,0.8,4.6,4.3,0.75,2.15,0.25,1.35,0.95,0.95,1.15,2.15,Flourisher,11.0,7.0,14.0,19.0,-16.0,2.0,3.0,91,94,99,52,76,26,32,56,41,25,19,27,26,16,79,11,27,32,94,91,52,34,34,44,86,86,63,45,61,90
252.0,HBS,Women,Married,10th,3.0,4.0,3+,4.0,Kids,1.0,4154499.0,3.0,More than 1M,5.0,31.0,65.0,95.0,24.0,35.0,65.0,71.0,8.4,8.4,53.0,45 - 55,6.0,9.0,7.0,10.0,9.0,53.0,8.0,1.0,Consulting,Healthcare,inf,1.4,2.7,0.3,0.2,2.9,0.5,2.7,2.9,1.9,0.8,2.2,2.3,4.5,12.0,9.1,,0.4,1.9,1.7,4.6,0.95,2.19,2.25,0.3,,2.4,0.45,2.3,Joy Seeker,57.0,33.0,11.0,-6.0,-1.0,2.0,4.0,10,23,51,29,25,15,52,42,42,48,87,71,74,77,26,75,31,21,99,15,66,34,96,39,23,98,76,81,17,18
253.0,IWF,Men,In a relationship,40th+,9.0,4.0,3+,4.0,Kids,1.0,2643501.0,4.0,More than 1M,5.0,46.0,15.0,27.0,17.0,57.0,15.0,25.0,7.2,7.2,59.0,Over 55,2.0,0.0,1.0,11.0,14.0,54.0,10.0,0.0,Tech,Finance,2.6,0.4,2.0,1.8,1.0,2.1,1.0,0.8,0.0,0.7,0.1,2.7,2.3,8.7,2.9,6.7,12.1,2.4,1.4,3.4,1.3,2.15,2.43,1.65,1.5,0.85,1.75,0.85,0.65,Purposeful Striver,89.0,23.0,7.0,-13.0,-6.0,3.0,1.0,20,64,41,99,92,28,15,93,76,86,58,36,12,46,90,100,92,97,56,75,19,13,100,73,60,29,62,53,73,79
254.0,IWF,Men,Married,10th,3.0,0.0,0,1.0,No Kids,inf,2951944.0,1.0,More than 1M,5.0,74.0,80.0,27.0,30.0,72.0,80.0,96.0,7.0,7.0,33.0,0 - 35,0.0,inf,4.0,8.0,2.0,53.0,0.0,9.0,Healthcare,Consulting,1.0,0.4,2.5,0.4,1.5,0.2,0.1,2.7,1.9,0.9,1.2,2.7,1.6,3.9,3.1,8.3,2.3,3.5,0.2,0.2,4.5,0.8,2.16,2.05,0.3,1.25,0.2,0.05,2.25,Triumvirate,50.0,85.0,10.0,12.0,5.0,4.0,2.0,66,57,48,48,60,65,78,44,39,46,50,44,35,47,23,23,67,71,30,76,46,13,87,62,20,34,99,92,48,53
255.0,IWF,Women,Single,10th,3.0,2.0,2,3.0,Kids,1.0,4357576.0,2.0,More than 1M,5.0,68.0,89.0,76.0,51.0,29.0,89.0,37.0,7.5,7.5,45.0,35 - 45,9.0,4.0,1.0,11.0,13.0,50.0,18.0,6.0,Healthcare,Tech,0.5,2.1,2.6,1.0,0.5,2.6,1.2,1.0,1.2,2.3,2.8,1.0,2.4,2.5,17.1,8.8,6.7,1.1,1.7,4.0,1.6,,2.08,2.2,0.85,0.4,2.15,1.0,0.8,Striver,23.0,19.0,-23.0,20.0,-22.0,4.0,3.0,98,91,45,94,91,37,52,60,85,90,92,54,62,20,33,57,62,82,29,81,57,18,70,60,87,51,41,56,40,93
256.0,Xilio,Women,Married,5th,2.0,0.0,0,1.0,No Kids,2.0,4992140.0,4.0,More than 1M,5.0,45.0,57.0,33.0,97.0,88.0,57.0,24.0,8.8,8.8,61.0,Over 55,8.0,0.0,2.0,8.0,5.0,55.0,,0.0,Finance,Consulting,1.7,1.3,1.7,0.4,2.0,1.4,1.6,1.7,2.6,1.0,0.0,2.9,1.8,6.0,10.8,5.7,2.9,4.6,1.0,5.5,2.8,1.4,2.28,1.45,,1.65,1.2,1.35,1.4,Flourisher,31.0,19.0,-17.0,-18.0,18.0,1.0,2.0,59,16,45,58,89,75,34,27,38,30,39,44,40,10,66,65,10,86,32,57,78,24,47,46,89,54,54,89,21,83
257.0,IWF,Women,Single,5th,2.0,3.0,3+,4.0,Kids,1.0,3113153.0,4.0,More than 1M,5.0,20.0,89.0,,82.0,22.0,89.0,84.0,7.4,,79.0,Over 55,3.0,9.0,2.0,1.0,5.0,49.0,18.0,1.0,Tech,Other,2.8,0.6,1.6,2.1,3.0,0.2,1.9,0.2,0.8,0.7,1.8,0.1,0.9,9.4,5.0,5.2,13.8,7.0,0.1,6.2,0.3,2.35,2.47,1.3,1.75,2.5,0.15,1.55,0.15,Purpose Seeker,42.0,36.0,-18.0,17.0,-3.0,3.0,5.0,32,83,12,73,81,47,27,97,12,53,14,37,35,34,59,21,97,49,77,92,65,35,41,99,19,40,60,85,42,82
258.0,IWF,Men,Single,25th,6.0,0.0,0,1.0,No Kids,2.0,2829487.0,4.0,More than 1M,5.0,41.0,29.0,45.0,22.0,36.0,29.0,35.0,6.0,6.0,65.0,Over 55,8.0,5.0,1.0,9.0,13.0,48.0,12.0,8.0,Healthcare,Tech,2.1,1.5,1.3,0.6,1.4,1.6,2.0,0.1,2.9,0.5,1.5,1.1,1.7,7.3,12.3,4.3,4.1,3.2,1.1,6.6,0.2,1.75,2.35,1.1,0.5,1.15,1.35,1.65,0.1,Purpose Seeker,7.0,29.0,7.0,-6.0,-24.0,4.0,3.0,40,16,82,71,21,46,71,81,99,28,80,18,32,51,66,64,70,63,30,79,85,88,32,15,93,74,46,29,67,21
259.0,HBS,Women,Single,20th,5.0,3.0,3+,4.0,Kids,1.0,2934941.0,4.0,More than 1M,inf,,84.0,39.0,82.0,77.0,84.0,93.0,6.7,6.7,78.0,Over 55,0.0,3.0,9.0,10.0,14.0,53.0,4.0,8.0,Consulting,Other,1.7,inf,1.0,1.2,1.1,1.3,2.5,2.2,1.8,2.3,2.6,2.7,1.6,6.1,1.6,3.2,7.8,2.5,0.8,8.4,3.6,1.45,2.29,0.8,1.0,0.9,1.05,2.1,1.8,Triumvirate,16.0,60.0,-20.0,7.0,-4.0,2.0,5.0,51,42,17,63,62,77,22,39,66,80,92,85,39,61,70,37,98,90,30,87,45,99,46,43,89,61,68,27,21,41
260.0,Xilio,Women,Single,30th,7.0,0.0,0,1.0,No Kids,2.0,2130021.0,4.0,More than 1M,5.0,73.0,20.0,34.0,82.0,73.0,20.0,93.0,5.9,5.9,61.0,Over 55,8.0,3.0,6.0,5.0,13.0,48.0,10.0,0.0,Finance,Tech,0.3,1.7,1.3,2.7,1.2,2.6,0.6,1.3,2.4,0.4,0.3,0.8,2.5,1.9,14.5,4.3,17.9,2.8,1.8,2.2,2.2,0.25,2.05,1.1,2.25,1.0,,0.55,1.1,Triumvirate,90.0,82.0,15.0,0.0,11.0,1.0,3.0,16,32,79,18,84,95,52,53,39,17,40,24,19,33,48,98,40,16,10,76,40,80,12,65,67,89,63,63,34,43
261.0,IWF,Men,Married,15th,4.0,2.0,2,3.0,Kids,1.0,1390828.0,4.0,More than 1M,5.0,78.0,50.0,64.0,73.0,14.0,50.0,60.0,4.2,4.2,71.0,Over 55,1.0,3.0,6.0,0.0,15.0,51.0,2.0,3.0,Healthcare,Healthcare,1.8,0.8,2.3,,0.3,0.6,0.4,0.8,0.3,1.4,2.0,0.8,2.9,6.5,6.7,7.7,4.1,0.8,0.4,1.2,,1.55,2.31,1.95,0.5,0.3,0.5,0.3,0.65,Joy Seeker,60.0,2.0,13.0,13.0,-18.0,4.0,4.0,25,94,50,97,14,99,87,62,18,86,61,30,81,62,64,13,40,26,24,57,64,41,22,34,43,30,27,21,47,92
262.0,Xilio,Men,Married,40th+,9.0,3.0,3+,4.0,Kids,1.0,648467.0,4.0,500K - 1M,4.0,20.0,76.0,95.0,36.0,21.0,76.0,84.0,3.7,3.7,64.0,Over 55,5.0,8.0,9.0,0.0,7.0,48.0,18.0,6.0,Other,Tech,3.0,2.4,1.8,1.5,2.6,2.5,2.6,0.6,0.6,1.5,2.0,0.9,1.2,9.9,19.9,6.0,10.2,6.2,1.7,8.5,1.0,2.5,2.5,1.5,1.25,2.2,2.05,2.15,0.5,Flourisher,2.0,1.0,-22.0,-5.0,-19.0,5.0,3.0,99,28,77,46,36,58,37,19,35,75,97,61,98,65,45,99,75,59,26,74,47,85,43,22,89,39,10,34,57,42
263.0,Xilio,Women,Married,10th,3.0,2.0,2,3.0,Kids,1.0,2165619.0,3.0,More than 1M,5.0,37.0,23.0,37.0,32.0,21.0,23.0,93.0,,4.0,51.0,45 - 55,2.0,10.0,8.0,6.0,4.0,55.0,15.0,9.0,Tech,Finance,0.4,0.9,2.7,1.3,1.2,1.7,0.5,2.0,2.3,2.1,2.0,1.8,2.3,2.3,7.8,8.9,8.4,2.9,1.1,1.6,3.3,0.35,2.07,2.25,1.05,1.05,inf,0.4,1.65,Purpose Seeker,1.0,47.0,-13.0,16.0,-12.0,3.0,1.0,69,28,22,58,21,52,27,96,11,50,32,44,73,72,46,45,28,33,60,53,82,61,97,72,87,12,30,69,91,73
264.0,Xilio,Men,In a relationship,30th,7.0,0.0,0,1.0,No Kids,2.0,3985488.0,4.0,More than 1M,5.0,11.0,78.0,88.0,77.0,79.0,78.0,12.0,7.3,7.3,70.0,Over 55,0.0,1.0,0.0,5.0,2.0,48.0,9.0,9.0,Healthcare,Healthcare,1.6,1.4,1.3,0.1,1.2,0.2,2.9,0.0,0.1,1.9,2.8,inf,0.3,5.7,11.4,4.4,0.4,2.7,0.1,9.7,0.0,1.3,2.26,1.1,0.05,0.95,0.15,2.45,0.0,Joy Seeker,48.0,69.0,-24.0,17.0,-23.0,4.0,4.0,11,45,58,50,26,45,68,61,71,84,57,60,31,90,23,59,62,11,72,72,99,41,74,75,62,79,37,84,92,57
inf,HBS,Women,Married,25th,6.0,4.0,3+,4.0,Kids,1.0,4704351.0,2.0,More than 1M,5.0,55.0,90.0,87.0,58.0,79.0,90.0,87.0,8.5,8.5,41.0,35 - 45,1.0,6.0,3.0,9.0,2.0,55.0,6.0,4.0,Other,Other,2.6,0.0,1.8,2.4,2.0,2.9,2.5,2.4,2.5,2.4,2.5,2.2,2.3,8.9,0.3,6.1,15.9,4.6,1.9,8.4,,2.2,2.44,1.5,2.0,1.65,2.45,2.1,2.0,Purposeful Striver,12.0,20.0,-21.0,15.0,-10.0,5.0,5.0,10,38,69,26,15,67,69,58,12,97,49,92,24,17,36,12,85,92,23,55,24,18,85,14,37,52,25,95,64,25
266.0,Xilio,Women,Single,15th,4.0,0.0,0,1.0,No Kids,2.0,1737923.0,2.0,More than 1M,5.0,43.0,,75.0,18.0,65.0,27.0,63.0,4.4,4.4,42.0,35 - 45,0.0,0.0,7.0,4.0,14.0,51.0,7.0,0.0,Healthcare,Tech,2.2,0.2,1.9,0.2,1.3,1.5,1.5,0.2,0.0,0.1,0.1,2.7,1.1,7.7,1.8,6.3,1.4,3.1,1.0,5.0,0.4,1.85,2.37,1.6,0.15,1.1,1.3,,0.2,Purpose Seeker,69.0,11.0,18.0,-17.0,-7.0,4.0,3.0,57,69,11,97,14,22,72,20,55,79,15,64,65,68,92,10,83,42,68,28,25,87,17,84,27,38,57,43,12,59
267.0,HBS,Men,Married,40th+,9.0,3.0,3+,4.0,Kids,1.0,158391.0,3.0,150K – 250K,2.0,96.0,72.0,64.0,22.0,47.0,72.0,70.0,4.0,4.0,53.0,45 - 55,2.0,7.0,6.0,0.0,1.0,49.0,12.0,1.0,Consulting,Healthcare,2.1,1.2,1.8,1.4,inf,0.9,2.9,0.6,2.0,0.9,1.4,2.0,0.1,7.3,9.8,5.9,9.5,4.5,0.6,9.8,1.0,1.75,2.35,1.5,1.2,1.6,0.75,2.45,0.5,Joy Seeker,37.0,2.0,1.0,-2.0,-8.0,2.0,4.0,21,91,69,30,66,61,66,75,77,70,47,96,83,54,40,26,31,30,92,73,86,22,92,20,35,12,37,22,78,32
268.0,Xilio,Women,Single,1st,1.0,2.0,2,3.0,Kids,1.0,1047026.0,4.0,More than 1M,5.0,19.0,81.0,69.0,97.0,17.0,81.0,35.0,3.5,3.5,77.0,Over 55,9.0,2.0,3.0,1.0,11.0,48.0,2.0,7.0,Finance,Other,2.1,1.4,2.1,1.7,0.2,1.4,0.3,1.2,1.1,0.8,1.2,,1.1,7.3,12.0,7.0,11.2,0.4,0.9,1.0,1.9,1.75,2.35,1.75,1.4,0.15,1.15,0.25,0.95,Joy Seeker,32.0,67.0,6.0,11.0,-10.0,1.0,5.0,78,11,14,60,37,67,60,67,34,35,50,86,29,36,82,80,32,83,59,92,98,65,18,97,16,67,31,47,44,35
269.0,IWF,Men,Single,5th,2.0,3.0,3+,4.0,Kids,1.0,4331754.0,1.0,More than 1M,5.0,72.0,53.0,inf,28.0,91.0,53.0,36.0,8.0,8.0,35.0,0 - 35,10.0,6.0,4.0,9.0,15.0,48.0,16.0,8.0,Consulting,Other,1.1,1.8,0.7,1.9,2.4,2.6,0.9,1.5,1.8,0.4,0.9,2.8,1.8,4.2,15.0,2.4,12.6,5.7,1.7,,2.4,0.9,2.18,0.6,1.55,2.05,2.15,0.75,1.2,Flourisher,9.0,87.0,-5.0,15.0,-18.0,2.0,inf,46,10,53,68,87,41,65,99,60,80,36,53,56,61,90,71,96,62,43,82,62,53,37,87,54,42,92,21,60,63
270.0,Xilio,Men,Single,25th,6.0,0.0,0,1.0,No Kids,2.0,2299042.0,4.0,More than 1M,5.0,44.0,62.0,51.0,90.0,53.0,62.0,67.0,5.8,5.8,56.0,Over 55,8.0,1.0,10.0,3.0,9.0,54.0,7.0,6.0,Consulting,Healthcare,0.9,0.9,,2.1,2.8,0.9,1.9,1.1,2.1,0.9,1.4,0.8,0.4,3.6,7.3,5.1,13.8,6.6,0.6,6.4,inf,0.75,2.15,1.3,1.7,2.35,0.75,1.6,0.9,Purposeful Striver,19.0,12.0,-18.0,-9.0,7.0,2.0,4.0,41,56,36,48,78,90,36,45,22,92,84,74,96,27,92,57,24,55,15,80,65,92,87,53,54,84,10,45,36,53
271.0,HBS,Men,Married,5th,2.0,0.0,0,1.0,No Kids,2.0,2013509.0,4.0,More than 1M,5.0,84.0,89.0,24.0,88.0,51.0,89.0,35.0,6.1,6.1,79.0,Over 55,1.0,5.0,9.0,5.0,0.0,48.0,9.0,9.0,Other,Other,2.4,2.1,0.3,0.8,1.9,0.6,1.1,1.0,1.0,0.9,1.2,0.4,2.8,8.3,17.4,1.0,5.1,4.5,0.4,3.5,1.6,2.0,2.4,0.25,0.65,1.6,0.5,0.9,0.8,Joyful Striver,48.0,20.0,12.0,-2.0,-14.0,5.0,5.0,18,78,41,64,68,69,41,42,53,79,78,97,62,100,53,71,35,54,58,59,16,39,100,94,80,54,51,37,46,46
272.0,HBS,Men,In a relationship,10th,3.0,0.0,0,1.0,No Kids,2.0,146381.0,2.0,Less than 150K,1.0,78.0,65.0,94.0,65.0,10.0,65.0,95.0,2.4,2.4,41.0,35 - 45,8.0,2.0,8.0,11.0,15.0,54.0,15.0,3.0,Finance,Finance,2.4,2.6,1.2,0.0,2.9,0.4,2.8,2.9,0.3,1.6,1.3,0.3,0.2,8.3,21.5,3.8,0.2,6.7,0.3,9.3,4.8,2.05,2.41,0.95,inf,2.4,0.3,2.3,2.4,Triumvirate,80.0,5.0,-18.0,-5.0,-15.0,1.0,1.0,28,29,30,50,42,92,18,56,44,38,66,89,62,95,77,78,12,18,15,72,66,25,27,78,44,78,79,100,94,18
273.0,Xilio,Men,Single,30th,7.0,4.0,3+,4.0,Kids,1.0,1551701.0,4.0,More than 1M,5.0,13.0,67.0,69.0,79.0,43.0,67.0,87.0,5.4,5.4,72.0,Over 55,6.0,9.0,5.0,2.0,9.0,54.0,9.0,1.0,Other,Tech,2.6,2.3,1.5,2.2,0.5,0.9,0.2,1.9,0.2,2.0,2.9,1.7,2.8,8.8,19.5,4.9,14.5,1.1,0.6,0.7,,2.15,2.43,1.2,1.8,0.4,0.75,0.15,1.6,Joyful Striver,3.0,37.0,-23.0,13.0,-21.0,5.0,3.0,57,20,17,48,71,67,93,22,64,75,26,34,10,25,57,28,96,15,78,50,64,21,51,11,61,41,12,48,25,22
274.0,Xilio,Men,Single,30th,7.0,1.0,1,2.0,Kids,1.0,1650197.0,4.0,More than 1M,5.0,49.0,98.0,38.0,17.0,92.0,98.0,98.0,5.0,5.0,69.0,Over 55,inf,8.0,2.0,5.0,12.0,54.0,4.0,7.0,Consulting,Consulting,2.7,0.1,2.0,1.6,1.4,2.3,1.6,0.1,1.8,1.1,0.3,0.3,2.1,9.2,1.0,6.5,10.7,3.3,1.6,5.5,0.1,2.3,2.46,1.65,1.35,1.2,1.95,1.35,0.05,Joyful Striver,20.0,38.0,18.0,15.0,1.0,2.0,2.0,89,11,81,22,59,65,77,49,96,28,80,96,11,75,66,43,29,60,16,16,61,83,50,49,30,91,89,86,34,69
275.0,HBS,Women,Single,10th,3.0,0.0,0,1.0,No Kids,2.0,2261660.0,4.0,More than 1M,5.0,92.0,54.0,39.0,65.0,73.0,54.0,36.0,5.2,5.2,58.0,Over 55,1.0,0.0,9.0,6.0,0.0,54.0,1.0,6.0,Consulting,Healthcare,1.5,1.4,2.9,2.5,1.8,1.4,1.8,1.3,1.6,2.2,2.8,0.4,1.0,5.6,12.0,9.5,16.7,4.2,0.9,5.9,2.2,1.3,2.26,2.4,2.1,1.5,1.2,1.5,1.1,Joy Seeker,24.0,9.0,-23.0,13.0,-14.0,2.0,4.0,12,76,59,73,28,37,55,98,18,77,100,56,67,14,84,58,49,44,86,18,13,75,79,46,37,93,90,52,42,89
276.0,HBS,Women,Single,15th,4.0,3.0,3+,4.0,Kids,1.0,1808226.0,4.0,More than 1M,5.0,96.0,27.0,72.0,45.0,67.0,27.0,26.0,5.4,5.4,56.0,Over 55,5.0,,10.0,3.0,7.0,49.0,16.0,0.0,Tech,Other,1.5,0.3,1.8,2.5,1.7,0.7,2.0,2.6,2.2,1.0,1.4,0.9,1.2,inf,2.6,6.0,16.4,4.1,0.5,6.5,4.4,1.25,2.25,1.5,2.05,1.45,0.55,1.65,2.2,Striver,54.0,53.0,-4.0,-13.0,-9.0,3.0,5.0,29,96,76,20,95,10,76,77,11,67,56,89,28,91,31,89,48,91,60,13,52,27,42,58,53,61,53,100,71,11
277.0,Xilio,Women,In a relationship,5th,2.0,4.0,3+,4.0,Kids,1.0,1229386.0,4.0,More than 1M,5.0,89.0,41.0,57.0,28.0,10.0,41.0,39.0,4.5,4.5,63.0,Over 55,2.0,7.0,5.0,11.0,7.0,52.0,11.0,7.0,Tech,Healthcare,2.4,0.7,2.2,2.5,1.2,0.5,0.8,0.9,1.5,0.9,1.9,0.8,2.2,8.2,6.1,7.4,16.9,2.8,0.3,2.6,1.5,2.0,2.4,1.85,2.1,1.0,0.4,0.65,0.75,Purpose Seeker,33.0,44.0,-20.0,-15.0,-20.0,3.0,4.0,33,21,53,28,78,51,35,51,70,79,88,65,71,12,13,56,81,62,10,98,49,22,98,84,89,73,36,40,26,69
278.0,Xilio,Women,In a relationship,1st,1.0,0.0,0,1.0,No Kids,2.0,3468618.0,4.0,More than 1M,5.0,67.0,55.0,94.0,88.0,31.0,55.0,86.0,6.9,6.9,80.0,Over 55,7.0,8.0,9.0,0.0,4.0,52.0,4.0,9.0,Finance,Tech,1.9,3.0,1.5,1.5,1.0,1.0,1.1,0.3,1.3,inf,2.5,1.8,1.8,6.8,24.7,5.1,9.7,2.4,0.7,3.6,0.5,1.6,2.32,1.25,1.2,0.85,0.85,0.9,0.25,Triumvirate,24.0,86.0,-24.0,20.0,7.0,1.0,3.0,63,29,67,20,75,91,17,28,50,66,22,47,87,100,90,100,27,28,22,58,39,33,86,45,65,49,60,11,52,66
279.0,HBS,Men,Married,30th,7.0,0.0,0,1.0,No Kids,2.0,2044484.0,1.0,More than 1M,5.0,19.0,82.0,30.0,82.0,99.0,82.0,81.0,5.5,5.5,34.0,0 - 35,9.0,2.0,7.0,7.0,6.0,51.0,4.0,7.0,Other,Consulting,2.1,0.4,1.9,1.0,0.4,2.8,2.5,2.3,1.2,0.1,1.1,2.5,2.0,7.3,3.6,6.3,6.7,0.9,1.9,8.4,3.8,1.75,2.35,1.6,0.85,0.3,2.35,2.1,1.9,Joy Seeker,75.0,24.0,-3.0,-7.0,-21.0,5.0,2.0,42,14,12,86,56,57,15,91,53,46,20,20,81,90,81,59,50,78,52,85,19,21,63,84,19,22,33,91,39,52
280.0,IWF,Women,In a relationship,5th,2.0,4.0,3+,4.0,Kids,1.0,2967629.0,3.0,More than 1M,5.0,59.0,28.0,15.0,70.0,55.0,28.0,65.0,6.4,6.4,53.0,45 - 55,4.0,4.0,5.0,1.0,13.0,53.0,10.0,0.0,Finance,Finance,2.4,1.5,0.2,2.4,1.2,1.0,0.6,1.8,0.1,0.2,1.3,2.3,1.2,8.2,12.5,0.7,15.8,2.7,0.7,1.9,3.0,2.0,2.4,0.2,2.0,1.0,0.85,inf,1.5,Joyful Striver,72.0,81.0,18.0,-15.0,2.0,1.0,1.0,33,46,95,55,48,49,89,28,73,70,99,76,21,89,55,98,79,34,36,15,16,69,96,82,32,99,29,99,50,28
281.0,Xilio,Men,In a relationship,15th,4.0,4.0,3+,4.0,Kids,1.0,2487184.0,3.0,More than 1M,5.0,64.0,98.0,56.0,83.0,74.0,98.0,84.0,6.0,6.0,53.0,45 - 55,4.0,0.0,5.0,3.0,10.0,55.0,10.0,0.0,Healthcare,Healthcare,2.7,1.9,0.8,1.4,0.5,3.0,2.5,1.7,1.0,1.3,1.2,0.8,1.5,9.0,15.5,2.5,9.0,1.1,2.0,8.3,2.9,2.25,2.45,0.65,1.15,0.4,2.45,2.05,1.45,Purpose Seeker,36.0,74.0,-24.0,-13.0,-12.0,4.0,4.0,84,47,79,54,77,72,33,67,40,39,95,24,35,79,68,35,36,20,80,91,45,69,45,79,57,89,41,51,13,20
282.0,HBS,Men,Single,5th,2.0,2.0,2,3.0,Kids,1.0,3173963.0,2.0,More than 1M,5.0,82.0,91.0,98.0,60.0,21.0,91.0,80.0,7.1,7.1,45.0,35 - 45,8.0,1.0,0.0,4.0,1.0,48.0,2.0,7.0,Consulting,Tech,1.0,2.1,1.1,0.6,2.2,1.5,1.7,,2.9,2.8,1.1,0.7,3.0,4.0,17.6,3.6,3.7,5.1,1.0,5.6,0.3,0.85,2.17,0.9,inf,1.85,1.2,1.4,0.15,Joyful Striver,38.0,30.0,12.0,20.0,-21.0,2.0,3.0,81,18,11,10,42,85,57,32,56,80,33,10,36,16,43,65,24,83,12,30,44,95,94,43,61,98,22,40,75,87
283.0,HBS,Women,Married,10th,3.0,4.0,3+,4.0,Kids,1.0,4133022.0,4.0,More than 1M,5.0,94.0,77.0,43.0,11.0,17.0,77.0,46.0,8.8,8.8,63.0,Over 55,8.0,10.0,10.0,5.0,6.0,50.0,2.0,6.0,Finance,Other,inf,1.7,1.4,2.6,0.6,0.5,2.3,0.4,,2.2,2.8,2.9,0.6,4.4,14.0,4.7,17.1,1.5,0.4,7.6,0.7,0.95,2.19,1.2,2.15,0.5,0.45,1.9,,Joy Seeker,84.0,59.0,-9.0,19.0,7.0,1.0,5.0,45,62,96,49,22,81,54,63,11,82,82,16,38,59,20,87,46,26,67,24,97,10,65,67,24,83,52,70,69,56
284.0,IWF,Women,Married,15th,4.0,0.0,0,1.0,No Kids,2.0,1448175.0,4.0,More than 1M,5.0,60.0,33.0,41.0,60.0,89.0,33.0,33.0,4.1,4.1,78.0,Over 55,9.0,1.0,4.0,9.0,12.0,54.0,14.0,6.0,Tech,Tech,0.3,0.0,0.1,2.6,0.2,2.7,2.1,1.9,1.0,0.3,2.5,0.0,1.3,1.8,0.2,0.5,17.7,0.4,1.8,7.1,3.1,0.25,2.05,0.1,2.2,0.15,2.25,1.8,1.55,Striver,89.0,87.0,9.0,-25.0,15.0,3.0,3.0,47,53,53,28,93,97,22,89,91,34,13,10,24,23,40,23,67,45,98,76,48,52,26,46,64,38,29,65,18,98
285.0,IWF,Men,Married,25th,6.0,3.0,3+,4.0,Kids,1.0,3836688.0,4.0,More than 1M,5.0,11.0,69.0,76.0,41.0,16.0,69.0,77.0,8.7,8.7,76.0,Over 55,9.0,1.0,3.0,6.0,4.0,51.0,1.0,8.0,Other,Finance,1.7,1.0,0.4,1.4,1.7,1.4,0.6,0.6,1.8,2.5,0.3,2.6,0.9,6.2,8.2,1.4,9.3,3.9,0.9,2.1,1.0,1.45,2.29,0.35,1.15,1.4,1.15,0.5,0.5,Striver,25.0,81.0,8.0,14.0,-7.0,5.0,1.0,93,95,11,85,63,89,78,74,86,74,55,58,55,47,20,87,14,99,26,75,45,64,19,69,52,72,11,95,40,72
286.0,HBS,Men,,20th,5.0,0.0,0,1.0,No Kids,2.0,4954207.0,3.0,More than 1M,5.0,76.0,96.0,33.0,55.0,72.0,96.0,76.0,8.0,8.0,,45 - 55,2.0,0.0,1.0,4.0,8.0,53.0,0.0,2.0,Other,Healthcare,0.1,1.6,0.8,0.2,1.8,2.1,1.7,1.5,2.5,2.2,0.3,0.6,2.3,1.3,12.9,2.8,1.5,4.2,1.4,5.7,2.5,0.1,2.02,0.7,0.2,1.5,1.75,1.4,1.25,Joy Seeker,18.0,81.0,-3.0,18.0,-4.0,5.0,4.0,98,33,90,81,16,13,34,21,78,15,27,82,10,88,65,34,82,30,54,65,29,49,96,21,59,93,77,92,98,16
287.0,Xilio,Men,Single,30th,7.0,4.0,3+,4.0,Kids,1.0,3802962.0,4.0,More than 1M,inf,43.0,23.0,15.0,77.0,26.0,23.0,12.0,7.5,7.5,63.0,Over 55,10.0,8.0,5.0,2.0,9.0,51.0,11.0,8.0,Healthcare,Other,1.4,0.3,2.9,1.2,2.6,3.0,2.6,1.6,1.3,1.8,1.3,2.8,2.3,5.2,2.2,9.7,7.8,6.1,2.0,,2.7,1.15,2.23,2.45,0.95,2.2,2.45,2.15,1.35,Joy Seeker,82.0,14.0,4.0,-7.0,-21.0,4.0,5.0,34,90,44,81,88,47,29,33,67,27,52,38,69,56,47,13,16,27,87,77,58,73,53,41,15,35,100,23,78,88
288.0,Xilio,Men,Single,20th,5.0,4.0,3+,4.0,Kids,1.0,4221423.0,2.0,More than 1M,5.0,61.0,33.0,74.0,40.0,87.0,33.0,37.0,8.4,8.4,36.0,35 - 45,5.0,4.0,2.0,0.0,14.0,53.0,4.0,7.0,Tech,Finance,1.6,1.1,1.0,2.4,1.7,0.2,1.3,0.9,0.1,2.5,0.3,1.0,0.9,5.9,8.8,3.3,16.1,4.0,0.1,4.3,1.4,1.35,2.27,0.85,2.0,1.45,0.15,1.1,0.7,Purposeful Striver,66.0,9.0,-18.0,-14.0,-24.0,3.0,1.0,27,83,96,70,96,36,91,43,53,19,89,35,66,42,30,88,50,69,67,41,68,43,11,90,42,68,69,23,33,40
289.0,Xilio,Men,In a relationship,30th,7.0,4.0,3+,4.0,Kids,1.0,4071776.0,1.0,More than 1M,5.0,11.0,48.0,,64.0,49.0,48.0,20.0,8.0,8.0,30.0,0 - 35,8.0,5.0,8.0,1.0,9.0,51.0,7.0,1.0,Healthcare,Other,0.9,0.1,1.4,2.7,1.0,0.3,2.9,2.8,0.2,1.2,1.9,1.3,0.2,3.6,0.8,4.8,18.0,2.4,0.2,9.7,4.7,0.7,2.14,1.2,2.25,0.85,0.25,2.4,2.35,Striver,54.0,40.0,,-18.0,4.0,4.0,5.0,91,39,39,21,23,18,91,62,83,20,42,96,12,52,19,41,93,27,65,75,58,43,23,13,71,58,98,38,33,97
290.0,IWF,Women,In a relationship,10th,3.0,4.0,3+,4.0,Kids,1.0,2757423.0,1.0,More than 1M,5.0,34.0,46.0,37.0,88.0,64.0,46.0,96.0,6.0,6.0,33.0,0 - 35,1.0,6.0,8.0,,6.0,51.0,8.0,8.0,Other,Other,1.8,0.2,0.6,0.6,2.4,2.2,1.4,2.5,1.5,0.7,0.4,2.1,inf,6.3,2.0,2.0,4.1,5.6,1.4,4.5,4.2,1.5,2.3,0.5,0.5,2.0,1.8,1.15,2.1,Joy Seeker,35.0,66.0,18.0,-18.0,13.0,5.0,5.0,75,68,17,70,96,25,75,17,65,74,19,54,27,100,35,91,19,10,63,38,99,57,50,42,64,62,13,90,54,64
291.0,IWF,Women,inf,10th,3.0,1.0,1,2.0,Kids,1.0,1790427.0,2.0,More than 1M,5.0,96.0,79.0,73.0,65.0,62.0,79.0,94.0,5.0,5.0,44.0,35 - 45,2.0,8.0,10.0,0.0,5.0,52.0,1.0,0.0,Tech,Consulting,0.1,1.2,1.8,0.2,1.6,0.8,0.4,2.2,2.9,1.5,1.6,1.8,1.3,1.3,9.9,6.1,1.3,3.8,0.6,1.4,3.6,0.1,2.02,1.55,0.15,1.35,0.7,0.35,1.8,Purposeful Striver,80.0,25.0,10.0,19.0,-22.0,3.0,2.0,63,96,31,42,28,65,83,27,52,86,82,80,61,38,100,87,71,23,96,75,35,42,11,52,48,97,26,59,46,34
292.0,Xilio,,Married,30th,7.0,0.0,0,1.0,No Kids,inf,4348427.0,2.0,More than 1M,5.0,55.0,68.0,86.0,94.0,10.0,68.0,57.0,8.0,8.0,45.0,35 - 45,1.0,4.0,8.0,7.0,6.0,52.0,15.0,2.0,Finance,Other,0.1,0.4,0.8,2.6,0.2,0.6,1.2,0.2,2.1,1.6,0.0,1.0,1.2,1.3,3.3,2.8,17.5,0.6,0.4,3.9,0.4,0.1,2.02,0.7,2.2,0.2,0.45,0.95,0.2,Triumvirate,61.0,73.0,-21.0,-14.0,7.0,1.0,5.0,44,90,53,54,63,85,54,66,98,93,68,21,69,66,17,74,35,17,97,43,45,77,28,18,21,40,10,59,67,81
293.0,Xilio,Women,Married,25th,6.0,2.0,,3.0,Kids,1.0,3481356.0,4.0,More than 1M,5.0,42.0,51.0,88.0,24.0,46.0,51.0,27.0,6.9,6.9,63.0,Over 55,4.0,2.0,2.0,2.0,15.0,48.0,3.0,8.0,Healthcare,Other,2.5,1.7,0.6,1.2,1.7,0.1,2.9,0.3,0.2,1.6,0.9,inf,3.0,8.4,14.2,2.1,inf,4.0,0.1,9.5,0.5,2.05,2.41,0.5,0.95,1.4,0.1,2.4,0.25,Triumvirate,41.0,22.0,-13.0,7.0,-13.0,4.0,5.0,89,90,67,99,29,40,56,14,43,74,40,41,43,14,17,70,77,75,38,36,52,39,89,60,40,21,42,72,92,39
294.0,IWF,Women,Married,10th,3.0,4.0,3+,4.0,Kids,inf,,4.0,More than 1M,5.0,35.0,41.0,17.0,14.0,16.0,41.0,24.0,4.8,4.8,67.0,Over 55,10.0,8.0,5.0,6.0,0.0,52.0,4.0,7.0,Other,Other,1.1,2.1,1.5,1.6,2.7,0.1,1.0,1.5,0.6,1.7,2.0,2.2,1.4,4.2,17.2,5.2,10.8,6.4,0.0,3.2,2.5,0.9,2.18,1.3,1.35,2.25,0.05,0.8,1.25,Striver,33.0,4.0,3.0,19.0,-6.0,5.0,5.0,70,23,45,78,38,97,72,35,39,61,37,29,98,69,69,29,33,60,63,69,52,93,98,29,83,67,39,82,32,45
295.0,IWF,Men,In a relationship,10th,3.0,4.0,3+,4.0,Kids,1.0,3474084.0,4.0,More than 1M,5.0,55.0,16.0,82.0,33.0,45.0,16.0,25.0,7.3,7.3,79.0,Over 55,5.0,3.0,2.0,4.0,14.0,49.0,19.0,6.0,Consulting,Other,0.4,2.4,0.0,2.9,,2.3,2.6,0.5,2.3,2.8,1.5,0.1,0.8,2.1,,0.1,19.4,2.8,1.5,8.7,0.8,0.3,2.06,0.0,inf,1.0,1.95,2.15,0.4,Joyful Striver,68.0,26.0,5.0,0.0,-19.0,2.0,5.0,50,18,78,17,33,23,85,39,80,76,69,60,69,79,81,83,87,88,36,48,85,99,10,48,62,45,14,74,44,59
296.0,IWF,Men,In a relationship,1st,1.0,3.0,3+,4.0,Kids,1.0,inf,1.0,More than 1M,5.0,76.0,91.0,54.0,12.0,46.0,91.0,45.0,6.2,6.2,35.0,0 - 35,10.0,3.0,6.0,2.0,5.0,53.0,2.0,9.0,Consulting,Other,1.6,0.6,0.0,0.2,0.9,0.4,2.6,2.9,2.5,2.7,2.9,0.0,2.7,5.7,5.0,0.1,1.3,2.1,0.3,8.8,4.9,1.3,2.26,0.0,0.15,0.75,0.35,2.2,2.45,Purpose Seeker,33.0,58.0,-10.0,13.0,-11.0,2.0,5.0,42,49,86,34,91,34,86,63,79,91,12,90,35,11,43,19,50,69,54,53,42,88,11,32,43,19,21,77,72,23
297.0,IWF,Men,Married,10th,3.0,2.0,2,3.0,Kids,1.0,4402578.0,4.0,More than 1M,5.0,47.0,70.0,88.0,61.0,64.0,70.0,22.0,8.7,8.7,66.0,Over 55,1.0,3.0,0.0,7.0,9.0,48.0,7.0,4.0,Consulting,Other,2.3,0.5,0.7,1.9,0.4,1.4,1.1,0.5,1.9,2.6,2.6,1.4,1.5,7.9,4.2,2.2,13.0,1.0,0.9,3.5,0.8,1.9,2.38,0.55,1.6,0.35,1.15,0.9,0.4,Purposeful Striver,14.0,29.0,16.0,2.0,-3.0,2.0,5.0,77,75,40,100,72,43,64,22,64,87,64,45,81,79,25,97,74,43,96,91,87,80,36,50,50,15,41,80,15,38
298.0,Xilio,Women,Single,40th+,9.0,3.0,3+,4.0,Kids,1.0,2539079.0,4.0,More than 1M,5.0,89.0,60.0,75.0,36.0,41.0,60.0,19.0,6.2,6.2,inf,Over 55,2.0,9.0,2.0,,8.0,48.0,4.0,9.0,Tech,Tech,0.6,0.3,0.1,0.2,0.5,,0.2,1.5,1.9,2.4,1.1,0.4,1.8,2.9,2.6,0.4,1.5,1.1,1.2,0.8,inf,0.55,2.11,0.1,0.2,0.4,1.5,0.2,1.2,Joy Seeker,21.0,87.0,4.0,-21.0,-12.0,3.0,3.0,42,34,56,55,83,76,84,92,76,40,23,76,28,52,22,43,26,45,40,45,54,80,11,53,19,16,47,20,15,36
299.0,Xilio,Men,In a relationship,40th+,9.0,4.0,3+,4.0,Kids,1.0,2917004.0,3.0,More than 1M,5.0,11.0,24.0,56.0,13.0,13.0,24.0,23.0,6.9,6.9,52.0,45 - 55,0.0,10.0,,11.0,7.0,54.0,,2.0,Consulting,Other,1.9,1.9,0.3,1.1,1.3,1.3,2.2,1.1,0.1,2.8,0.1,2.0,0.3,6.6,15.9,1.1,7.5,3.0,0.9,7.2,1.8,1.55,2.31,0.25,,1.1,1.05,1.8,0.9,Triumvirate,48.0,37.0,-10.0,-18.0,-3.0,2.0,5.0,23,82,64,96,66,33,28,38,22,100,67,10,31,13,96,70,33,71,45,28,54,38,60,44,61,40,26,23,39,59
300.0,IWF,Men,Married,1st,1.0,2.0,2,3.0,Kids,1.0,1961760.0,4.0,More than 1M,5.0,80.0,43.0,11.0,46.0,61.0,43.0,11.0,5.6,5.6,56.0,Over 55,6.0,3.0,4.0,10.0,3.0,54.0,3.0,0.0,Tech,Healthcare,0.3,2.1,1.0,2.4,1.8,0.1,0.9,1.9,2.5,0.3,2.5,0.6,1.1,1.8,17.7,,16.1,4.2,0.1,3.1,3.2,0.2,2.04,0.85,2.0,1.5,0.05,0.8,1.6,Striver,20.0,75.0,-14.0,-1.0,-7.0,3.0,4.0,30,31,89,39,17,82,44,12,12,26,98,36,42,65,85,36,36,10,90,100,97,32,19,32,84,100,67,92,10,45
301.0,IWF,Men,Married,10th,3.0,,0,1.0,No Kids,2.0,161373.0,4.0,150K – 250K,2.0,32.0,79.0,77.0,79.0,70.0,79.0,71.0,2.7,2.7,80.0,Over 55,4.0,1.0,0.0,5.0,14.0,48.0,2.0,0.0,Healthcare,Finance,0.2,0.1,2.4,1.3,0.2,2.4,2.3,0.4,2.4,0.8,2.7,1.3,,1.5,0.8,8.0,8.7,0.6,1.6,7.8,0.6,0.15,2.03,2.0,1.1,0.2,1.95,1.95,0.3,Flourisher,8.0,70.0,-9.0,1.0,3.0,4.0,1.0,57,13,71,56,99,35,62,99,35,64,24,49,47,68,100,49,16,94,70,54,24,43,28,67,66,81,49,12,72,43
302.0,Xilio,Men,Married,30th,7.0,4.0,3+,4.0,Kids,1.0,145294.0,3.0,inf,1.0,69.0,12.0,77.0,84.0,64.0,12.0,86.0,2.9,2.9,48.0,45 - 55,8.0,0.0,10.0,inf,13.0,52.0,2.0,8.0,Tech,Tech,1.6,2.8,1.7,3.0,2.8,0.0,1.3,1.3,0.8,1.5,2.5,0.6,1.8,5.8,23.4,5.7,19.9,6.6,0.0,4.4,2.2,1.35,2.27,1.45,2.5,2.35,0.05,1.1,1.1,Striver,7.0,18.0,-10.0,20.0,-6.0,3.0,3.0,29,35,39,96,71,29,35,67,66,45,11,93,44,98,31,74,82,51,46,93,26,93,89,57,87,12,33,17,17,30
303.0,Xilio,Men,Single,20th,5.0,3.0,3+,4.0,Kids,1.0,3162514.0,2.0,More than 1M,5.0,99.0,57.0,35.0,25.0,62.0,57.0,89.0,,7.2,44.0,35 - 45,4.0,10.0,3.0,1.0,11.0,55.0,4.0,3.0,Tech,Healthcare,1.6,0.2,1.5,1.7,2.3,2.3,1.5,0.8,2.1,2.5,0.4,1.6,1.0,5.9,1.3,5.1,11.2,5.3,1.5,inf,1.4,1.35,2.27,1.3,inf,1.9,1.9,1.2,inf,Triumvirate,67.0,85.0,-14.0,-3.0,3.0,3.0,4.0,17,67,64,58,38,73,23,85,33,35,33,23,76,18,36,42,21,10,76,30,21,24,22,96,12,56,21,52,37,47
304.0,Xilio,Women,Single,5th,2.0,3.0,3+,4.0,Kids,1.0,4872611.0,4.0,More than 1M,5.0,43.0,68.0,26.0,85.0,13.0,68.0,27.0,9.2,9.2,64.0,Over 55,10.0,4.0,10.0,1.0,4.0,inf,18.0,9.0,Healthcare,Consulting,1.9,1.6,0.9,1.0,1.8,2.7,,2.7,0.6,1.5,3.0,0.3,inf,6.7,13.5,2.9,6.4,4.1,1.8,7.8,4.4,1.6,2.32,0.75,0.8,1.45,2.25,1.95,2.2,Striver,17.0,42.0,-18.0,4.0,-2.0,4.0,2.0,16,38,25,56,83,19,54,11,62,62,87,78,92,12,73,77,94,93,45,32,31,62,57,67,66,94,28,18,98,84
305.0,IWF,Men,In a relationship,1st,1.0,,inf,3.0,Kids,1.0,4365868.0,4.0,More than 1M,5.0,12.0,32.0,91.0,28.0,16.0,32.0,46.0,8.2,8.2,57.0,Over 55,10.0,4.0,1.0,7.0,0.0,49.0,11.0,4.0,Other,Consulting,2.2,2.1,2.8,inf,2.5,1.3,1.1,0.1,0.1,2.2,0.8,0.1,2.7,7.5,17.7,9.3,4.4,5.8,0.9,3.8,0.2,1.8,2.36,2.35,0.55,2.05,1.1,0.95,0.1,Striver,inf,41.0,-6.0,19.0,-8.0,5.0,2.0,76,96,21,93,26,92,53,84,79,26,73,96,19,99,11,80,12,63,14,98,32,26,65,66,42,10,38,28,42,88
306.0,IWF,Men,In a relationship,1st,1.0,2.0,2,3.0,Kids,1.0,1456388.0,1.0,More than 1M,5.0,84.0,43.0,29.0,21.0,67.0,43.0,87.0,4.8,4.8,35.0,0 - 35,10.0,5.0,10.0,1.0,11.0,52.0,1.0,0.0,Other,Consulting,2.9,2.6,1.2,1.1,0.2,1.6,1.3,2.7,0.6,0.4,2.2,0.2,0.8,9.8,21.8,4.0,7.0,0.6,1.1,4.4,4.6,2.45,2.49,1.0,0.9,0.2,1.35,1.1,2.3,Joyful Striver,48.0,38.0,-23.0,-3.0,-16.0,5.0,2.0,26,46,26,91,75,76,97,37,52,95,80,88,100,57,35,18,88,56,55,36,99,73,81,96,16,54,94,21,62,85
307.0,,Men,Married,30th,7.0,2.0,2,3.0,Kids,1.0,3881424.0,3.0,More than 1M,5.0,35.0,87.0,99.0,54.0,60.0,87.0,97.0,,8.3,50.0,45 - 55,8.0,2.0,1.0,3.0,15.0,55.0,4.0,7.0,Other,Other,1.5,2.1,0.3,1.1,1.4,1.4,1.1,2.5,0.5,0.8,2.7,2.9,1.5,5.6,17.9,0.9,7.5,3.3,1.0,3.8,4.2,inf,2.26,0.2,0.95,1.2,1.2,0.95,2.1,Flourisher,76.0,34.0,-10.0,-6.0,15.0,5.0,5.0,42,84,25,27,15,33,74,91,69,34,33,15,24,52,92,25,94,48,88,81,87,93,65,48,13,63,99,36,47,97
308.0,IWF,Women,Single,15th,4.0,0.0,0,1.0,No Kids,2.0,2245167.0,4.0,More than 1M,5.0,73.0,80.0,93.0,85.0,30.0,80.0,24.0,5.4,5.4,72.0,Over 55,9.0,10.0,6.0,6.0,9.0,52.0,16.0,8.0,Finance,Tech,1.0,2.4,1.9,0.2,1.9,1.2,1.1,0.9,1.0,2.2,0.7,0.4,2.9,3.9,20.0,6.2,1.4,4.4,0.8,3.7,1.5,0.8,2.16,1.55,0.15,1.6,0.95,0.9,0.75,Purpose Seeker,59.0,17.0,4.0,-8.0,-18.0,1.0,3.0,57,79,21,75,67,14,60,86,67,11,36,42,20,100,78,14,19,39,61,28,21,70,59,37,48,59,61,67,61,59
309.0,Xilio,Women,In a relationship,5th,2.0,4.0,3+,inf,Kids,1.0,3916402.0,2.0,More than 1M,5.0,57.0,72.0,66.0,57.0,34.0,72.0,19.0,8.0,8.0,36.0,35 - 45,2.0,4.0,9.0,2.0,15.0,55.0,19.0,4.0,Healthcare,Finance,2.4,1.0,0.3,1.1,2.5,2.7,1.6,2.4,1.3,0.5,2.7,2.1,0.5,8.2,8.5,1.1,7.4,5.8,1.8,5.3,3.9,2.0,2.4,0.3,0.9,2.05,2.2,1.3,1.95,Joyful Striver,86.0,37.0,19.0,-8.0,0.0,4.0,1.0,85,27,17,77,78,76,52,95,58,95,46,64,99,10,93,32,42,16,58,50,77,66,54,73,57,88,26,34,87,46
310.0,Xilio,Men,Married,20th,5.0,0.0,0,1.0,No Kids,2.0,719944.0,4.0,500K - 1M,4.0,65.0,24.0,50.0,66.0,50.0,24.0,99.0,3.7,3.7,59.0,Over 55,6.0,10.0,1.0,10.0,11.0,52.0,7.0,4.0,Other,Consulting,0.8,2.4,1.0,1.4,2.4,2.7,2.4,0.1,1.5,1.1,0.9,0.2,2.2,3.4,20.4,3.5,9.3,5.5,1.8,8.1,0.2,0.7,2.14,0.85,1.15,1.95,2.25,2.0,0.1,Flourisher,22.0,inf,-3.0,-24.0,3.0,5.0,2.0,68,94,93,42,37,67,95,85,51,14,100,28,33,66,39,52,55,31,15,35,60,86,98,71,83,16,82,54,20,84
311.0,IWF,Women,Single,40th+,9.0,1.0,1,2.0,Kids,1.0,718105.0,2.0,500K - 1M,4.0,48.0,62.0,12.0,50.0,29.0,62.0,64.0,3.7,3.7,36.0,35 - 45,8.0,6.0,1.0,3.0,14.0,49.0,19.0,9.0,Finance,Tech,1.3,0.2,1.5,2.2,0.8,1.0,1.1,2.9,1.4,0.8,2.9,0.3,1.8,5.0,2.0,5.1,14.5,1.9,0.7,3.6,4.8,1.1,2.22,1.25,1.8,0.7,0.85,0.9,2.4,Joy Seeker,30.0,76.0,2.0,-22.0,-16.0,1.0,3.0,95,51,12,45,71,36,32,11,85,13,48,86,86,62,17,98,68,59,19,37,22,97,68,92,88,72,30,57,11,28
312.0,Xilio,Women,Married,,7.0,,3+,4.0,Kids,1.0,2640910.0,4.0,More than 1M,5.0,32.0,54.0,27.0,inf,93.0,54.0,57.0,6.7,6.7,72.0,Over 55,5.0,0.0,7.0,5.0,4.0,49.0,17.0,8.0,Finance,Healthcare,0.2,2.7,2.6,2.0,2.8,1.8,1.6,1.6,0.8,1.0,0.8,1.5,2.0,1.7,22.4,8.7,13.1,6.6,1.2,5.2,2.6,0.2,2.04,2.2,1.65,2.35,1.55,1.3,1.3,Flourisher,38.0,87.0,14.0,4.0,-9.0,1.0,4.0,31,50,25,91,50,89,65,16,75,45,72,38,13,25,47,66,61,54,32,73,66,46,48,71,25,24,69,59,62,10
313.0,HBS,Men,In a relationship,15th,4.0,2.0,2,3.0,Kids,1.0,inf,4.0,More than 1M,5.0,38.0,55.0,41.0,11.0,28.0,inf,89.0,5.8,5.8,64.0,Over 55,6.0,9.0,3.0,5.0,0.0,inf,12.0,9.0,Healthcare,Healthcare,0.1,1.6,1.5,2.1,0.4,2.8,2.0,0.9,0.1,2.1,2.9,1.4,1.1,1.2,13.7,4.9,14.2,0.9,1.9,6.7,1.5,0.05,2.01,1.25,1.75,0.3,2.3,1.7,0.75,Joyful Striver,51.0,86.0,-21.0,7.0,-24.0,inf,inf,39,47,39,28,78,24,28,35,20,15,88,70,22,60,70,60,15,83,26,77,64,16,30,94,47,98,84,90,77,90
314.0,Xilio,Men,Married,25th,6.0,2.0,2,3.0,Kids,1.0,3110761.0,4.0,More than 1M,5.0,19.0,13.0,19.0,94.0,11.0,13.0,23.0,7.1,,75.0,Over 55,6.0,2.0,4.0,0.0,8.0,55.0,9.0,8.0,Finance,Finance,2.9,2.5,2.1,0.0,2.6,2.9,0.8,1.1,1.8,1.1,0.2,2.9,0.9,9.7,20.4,7.0,0.2,6.1,1.9,2.7,1.8,2.4,2.48,,0.0,2.2,2.4,0.65,0.9,Triumvirate,54.0,85.0,-6.0,10.0,-20.0,1.0,1.0,47,43,32,37,91,44,91,99,99,30,35,79,82,84,90,22,11,81,93,89,91,17,64,97,13,76,29,53,86,49
315.0,HBS,Men,Married,20th,5.0,2.0,2,3.0,Kids,1.0,1444466.0,3.0,More than 1M,5.0,69.0,66.0,64.0,33.0,30.0,66.0,58.0,5.4,5.4,55.0,45 - 55,10.0,,0.0,0.0,1.0,53.0,8.0,0.0,Other,Other,2.5,1.4,3.0,0.7,2.9,1.5,0.8,0.2,1.2,1.7,2.1,2.8,2.1,8.5,11.3,9.9,4.4,6.8,1.0,2.8,0.3,2.1,2.42,2.5,0.55,2.45,1.25,0.7,0.15,Joy Seeker,8.0,27.0,14.0,-8.0,-21.0,5.0,5.0,60,26,14,49,99,85,85,97,27,86,74,88,66,99,74,33,38,100,53,60,37,96,66,94,13,39,62,68,16,64
316.0,Xilio,Women,In a relationship,15th,4.0,1.0,1,2.0,Kids,1.0,475101.0,1.0,250K – 500K,3.0,25.0,39.0,63.0,94.0,49.0,39.0,59.0,3.5,3.5,32.0,0 - 35,4.0,10.0,1.0,9.0,11.0,50.0,18.0,5.0,Finance,Other,2.1,1.9,0.4,2.0,0.5,1.4,2.8,3.0,0.9,0.3,1.6,2.3,0.6,7.3,16.1,1.3,13.2,1.2,0.9,9.3,4.9,1.75,2.35,0.35,1.65,0.45,1.15,2.35,2.45,Purposeful Striver,27.0,57.0,18.0,11.0,2.0,1.0,5.0,63,46,93,93,93,62,64,85,94,98,13,89,46,64,76,20,49,19,50,83,53,87,50,35,36,87,89,42,76,89
317.0,Xilio,Men,inf,25th,6.0,0.0,0,1.0,No Kids,2.0,1135534.0,4.0,More than 1M,5.0,91.0,98.0,56.0,80.0,93.0,98.0,88.0,4.7,4.7,62.0,Over 55,6.0,9.0,5.0,7.0,0.0,49.0,10.0,5.0,Consulting,Consulting,1.2,1.6,0.8,1.5,2.2,0.8,2.2,0.1,2.6,2.4,1.4,1.8,1.3,4.7,13.2,2.7,9.7,5.1,0.6,7.2,0.2,1.0,2.2,0.7,1.2,1.8,0.7,1.8,inf,Striver,27.0,31.0,-25.0,-7.0,15.0,2.0,2.0,17,34,74,85,50,53,69,25,61,35,38,33,57,10,55,61,70,23,24,57,28,77,79,60,95,77,72,87,18,35
318.0,HBS,Men,Single,30th,7.0,0.0,0,1.0,No Kids,2.0,3257802.0,2.0,More than 1M,5.0,89.0,87.0,58.0,23.0,21.0,87.0,39.0,6.7,6.7,37.0,35 - 45,9.0,4.0,3.0,5.0,14.0,50.0,10.0,9.0,Finance,Consulting,0.5,2.2,1.2,0.0,0.1,2.9,1.7,2.0,2.2,1.1,0.7,1.4,0.6,2.6,18.3,3.9,0.1,0.3,1.9,5.8,3.3,0.45,2.09,1.0,0.0,0.1,2.4,1.45,1.65,Joy Seeker,21.0,,4.0,2.0,-21.0,1.0,2.0,36,85,39,24,58,35,68,32,55,64,10,32,80,99,99,26,77,55,53,19,55,30,91,59,95,45,66,37,87,52
319.0,IWF,Men,In a relationship,20th,5.0,3.0,3+,4.0,Kids,1.0,,3.0,More than 1M,5.0,97.0,61.0,31.0,63.0,14.0,61.0,inf,5.1,5.1,49.0,45 - 55,0.0,8.0,5.0,1.0,15.0,48.0,19.0,0.0,Healthcare,Consulting,0.5,0.2,1.3,2.4,1.2,0.4,1.9,1.3,2.6,1.9,2.1,1.1,0.0,2.4,2.0,4.2,16.1,2.8,0.3,6.5,2.2,0.4,2.08,1.05,2.0,1.0,0.35,1.6,1.1,Joy Seeker,30.0,40.0,,14.0,-8.0,4.0,2.0,36,96,30,50,100,56,42,49,53,48,59,19,10,37,81,46,77,84,67,82,12,70,58,45,26,76,38,27,72,68
320.0,Xilio,Men,Married,5th,2.0,1.0,1,2.0,Kids,1.0,1833649.0,4.0,More than 1M,,39.0,53.0,22.0,42.0,45.0,53.0,20.0,5.1,5.1,57.0,Over 55,10.0,4.0,8.0,4.0,2.0,52.0,4.0,1.0,Consulting,Healthcare,0.8,0.2,1.2,2.3,1.5,1.7,0.1,2.8,1.5,2.2,0.6,2.8,2.9,3.3,1.5,4.1,15.5,3.6,1.2,0.3,4.7,0.65,2.13,1.05,1.95,1.3,1.45,0.05,2.35,Flourisher,28.0,12.0,-6.0,-6.0,0.0,2.0,4.0,30,95,93,48,58,43,28,69,31,93,95,63,69,62,52,22,38,15,95,48,92,83,53,35,79,14,10,64,20,60
321.0,IWF,Men,In a relationship,15th,4.0,0.0,0,1.0,No Kids,2.0,1254665.0,4.0,More than 1M,inf,inf,75.0,19.0,95.0,73.0,75.0,76.0,4.5,4.5,63.0,Over 55,9.0,8.0,8.0,5.0,5.0,51.0,1.0,3.0,Healthcare,Consulting,1.6,0.7,2.7,1.6,1.7,0.8,1.9,0.7,0.4,0.6,1.7,1.8,1.3,5.9,6.2,9.1,11.0,4.1,0.6,6.2,1.2,1.35,2.27,2.25,1.35,1.45,0.7,,0.6,Striver,64.0,53.0,-20.0,7.0,-6.0,4.0,2.0,39,94,79,11,85,96,37,82,62,42,20,50,21,67,68,71,71,30,59,28,29,95,44,42,63,34,91,42,46,24
322.0,HBS,Women,In a relationship,10th,3.0,4.0,3+,4.0,Kids,1.0,2324544.0,1.0,More than 1M,5.0,85.0,52.0,40.0,50.0,13.0,52.0,69.0,6.1,6.1,31.0,0 - 35,6.0,4.0,7.0,5.0,7.0,49.0,13.0,1.0,Other,Finance,2.1,0.5,2.1,0.2,2.8,0.8,1.5,1.6,2.1,2.7,0.8,1.7,2.9,7.4,4.0,7.1,1.3,6.6,0.6,5.1,2.7,1.8,2.36,1.8,0.15,2.35,0.7,1.25,1.35,Joy Seeker,69.0,71.0,-4.0,-14.0,15.0,5.0,1.0,37,36,31,72,80,59,61,41,68,23,83,58,30,82,55,100,69,71,61,73,34,89,100,77,17,20,68,24,23,17
323.0,IWF,Men,In a relationship,1st,1.0,2.0,2,3.0,Kids,1.0,4383127.0,4.0,More than 1M,5.0,59.0,70.0,29.0,51.0,32.0,70.0,24.0,7.9,7.9,58.0,Over 55,8.0,7.0,9.0,10.0,5.0,53.0,6.0,8.0,Other,Consulting,2.0,2.6,1.8,2.3,2.0,1.2,1.6,1.4,0.6,1.8,2.9,0.7,0.4,6.9,21.8,6.1,15.3,4.7,0.8,5.5,2.4,1.65,2.33,1.5,1.9,1.7,1.0,1.35,1.2,inf,61.0,10.0,-8.0,-11.0,1.0,5.0,2.0,73,66,91,38,12,93,58,24,39,65,68,26,20,69,81,93,93,28,79,28,84,84,14,82,62,81,73,70,28,23
324.0,HBS,Women,Single,5th,2.0,4.0,3+,4.0,Kids,1.0,528863.0,3.0,500K - 1M,4.0,93.0,93.0,51.0,63.0,96.0,93.0,57.0,4.6,4.6,48.0,45 - 55,2.0,3.0,4.0,3.0,2.0,54.0,6.0,5.0,Healthcare,Finance,0.8,0.7,0.9,1.8,1.4,3.0,1.1,2.1,1.3,1.3,0.1,0.1,1.8,3.5,5.5,3.1,11.7,3.4,2.0,3.6,3.5,0.7,2.14,0.75,1.45,1.2,2.5,0.9,1.75,Triumvirate,48.0,45.0,-18.0,15.0,-14.0,4.0,1.0,78,40,81,83,19,21,46,22,17,90,71,65,53,68,44,17,50,97,77,85,65,95,80,17,14,99,95,20,17,16
325.0,Xilio,inf,In a relationship,5th,2.0,0.0,0,1.0,No Kids,2.0,397654.0,3.0,250K – 500K,3.0,23.0,28.0,81.0,33.0,72.0,28.0,90.0,2.9,2.9,49.0,45 - 55,0.0,2.0,4.0,6.0,3.0,53.0,18.0,1.0,Other,Tech,2.9,2.9,2.5,2.3,2.4,0.2,0.2,0.2,0.2,0.5,0.6,2.8,0.6,9.6,24.4,8.2,15.6,5.7,0.1,0.8,0.3,2.4,2.48,2.05,1.95,2.0,0.15,0.2,0.15,Purposeful Striver,19.0,17.0,13.0,13.0,-19.0,5.0,3.0,70,15,41,75,98,96,35,14,66,30,90,54,67,31,48,65,96,91,72,71,90,38,83,75,78,75,81,45,16,27
326.0,Xilio,Men,In a relationship,10th,3.0,4.0,3+,4.0,Kids,1.0,2706188.0,4.0,More than 1M,5.0,87.0,14.0,32.0,73.0,78.0,14.0,17.0,5.6,5.6,65.0,Over 55,3.0,4.0,5.0,7.0,10.0,53.0,2.0,7.0,Other,Other,2.2,1.0,2.9,2.3,2.9,1.7,0.6,0.6,2.5,2.8,0.7,0.9,2.4,7.6,8.4,9.6,15.0,6.7,1.2,1.9,1.0,1.85,2.37,2.4,1.9,2.4,1.45,0.5,0.5,Flourisher,4.0,26.0,6.0,-24.0,-23.0,5.0,5.0,57,100,42,60,44,13,49,84,82,55,45,39,53,17,60,92,91,71,67,22,70,34,83,32,56,37,80,24,68,21
327.0,Xilio,Women,Single,25th,6.0,1.0,1,2.0,Kids,1.0,3325990.0,2.0,More than 1M,5.0,65.0,47.0,37.0,36.0,91.0,47.0,88.0,7.6,7.6,42.0,35 - 45,7.0,10.0,4.0,0.0,13.0,inf,0.0,6.0,Tech,Other,1.7,0.5,2.5,2.4,0.1,0.2,2.9,0.6,0.4,2.3,1.2,1.3,2.4,6.0,4.6,8.2,16.1,0.2,0.2,9.5,1.1,1.4,2.28,2.05,2.0,0.05,0.2,2.4,0.55,Triumvirate,35.0,85.0,7.0,3.0,-16.0,3.0,5.0,28,49,25,84,89,96,89,83,29,25,65,53,87,58,13,79,98,92,32,34,64,67,60,79,83,69,98,62,72,11
328.0,IWF,Men,In a relationship,30th,7.0,4.0,3+,4.0,Kids,1.0,1522785.0,3.0,More than 1M,5.0,16.0,23.0,79.0,62.0,69.0,23.0,61.0,5.2,5.2,52.0,45 - 55,9.0,1.0,,1.0,11.0,54.0,8.0,2.0,Finance,Finance,1.8,2.4,0.0,1.6,2.9,0.5,1.2,2.2,2.7,0.6,0.7,0.3,0.3,6.5,19.7,0.0,10.4,6.9,0.3,4.1,3.7,1.55,2.31,0.0,1.3,2.45,0.4,1.0,1.85,Purpose Seeker,64.0,62.0,-10.0,15.0,8.0,1.0,1.0,13,21,85,86,11,57,47,61,34,25,99,83,43,51,89,53,74,62,53,98,44,23,66,64,49,19,53,71,16,59
329.0,HBS,Women,Married,5th,2.0,3.0,3+,4.0,Kids,1.0,827079.0,2.0,500K - 1M,4.0,41.0,32.0,54.0,84.0,41.0,32.0,90.0,4.3,4.3,43.0,35 - 45,9.0,5.0,9.0,0.0,14.0,50.0,9.0,9.0,Tech,Consulting,1.3,2.0,1.9,,0.3,1.3,1.4,0.6,2.6,1.0,1.5,2.5,2.7,4.8,16.5,6.4,2.8,0.6,0.9,4.7,0.9,1.05,2.21,1.6,0.35,0.2,1.1,1.15,0.45,Flourisher,49.0,46.0,-14.0,-16.0,-1.0,3.0,2.0,44,62,47,19,33,64,86,86,28,93,30,64,34,36,86,69,73,33,92,51,87,87,67,52,16,59,57,57,64,30
330.0,IWF,Women,In a relationship,10th,3.0,2.0,2,3.0,Kids,1.0,4888380.0,2.0,More than 1M,5.0,inf,13.0,68.0,72.0,65.0,13.0,18.0,9.2,9.2,43.0,35 - 45,3.0,4.0,4.0,7.0,10.0,53.0,13.0,5.0,Other,Tech,0.7,1.5,0.2,2.0,2.4,1.5,0.2,1.7,1.4,2.4,2.6,0.1,0.6,3.2,12.5,0.5,13.4,5.7,1.0,0.5,2.9,0.6,2.12,0.15,1.7,2.05,1.3,0.15,1.45,Triumvirate,17.0,64.0,12.0,-24.0,9.0,5.0,3.0,73,80,23,23,83,10,96,50,14,38,22,28,13,48,93,50,88,65,53,48,68,75,45,30,21,48,84,24,12,16
331.0,Xilio,Men,Married,20th,5.0,1.0,1,2.0,Kids,1.0,4072787.0,4.0,More than 1M,5.0,70.0,20.0,91.0,99.0,17.0,20.0,80.0,7.9,7.9,61.0,Over 55,2.0,10.0,6.0,8.0,3.0,49.0,17.0,3.0,Healthcare,Other,1.1,1.7,0.8,1.9,0.8,0.8,0.1,0.6,2.2,2.1,2.1,2.5,1.8,4.2,13.9,2.6,12.4,2.0,0.5,0.4,1.1,0.9,2.18,0.65,1.55,0.7,0.65,0.1,0.55,Joyful Striver,44.0,2.0,8.0,-15.0,-10.0,4.0,5.0,58,19,45,91,47,98,63,62,84,17,18,38,73,92,60,30,72,71,61,39,48,63,19,31,34,46,24,72,76,100
332.0,Xilio,Men,Single,25th,6.0,4.0,3+,4.0,Kids,1.0,3958083.0,2.0,More than 1M,5.0,58.0,38.0,42.0,46.0,73.0,38.0,63.0,7.3,7.3,41.0,35 - 45,6.0,8.0,1.0,6.0,6.0,50.0,8.0,0.0,Other,Finance,2.3,2.2,0.2,2.2,0.4,0.9,2.2,2.6,1.9,2.3,1.7,0.4,3.0,7.8,18.0,0.6,14.8,0.9,0.6,7.2,4.3,1.9,2.38,0.15,1.85,0.35,0.8,1.8,2.15,Purposeful Striver,30.0,54.0,-12.0,-13.0,-24.0,5.0,1.0,26,54,32,60,31,75,31,59,88,97,20,11,99,34,14,95,57,43,76,14,66,86,59,18,37,72,44,96,27,21
333.0,HBS,Women,Single,10th,3.0,1.0,1,2.0,Kids,1.0,2729015.0,3.0,More than 1M,5.0,73.0,70.0,79.0,99.0,10.0,70.0,89.0,6.3,6.3,46.0,45 - 55,3.0,5.0,9.0,5.0,5.0,55.0,7.0,1.0,Other,Tech,0.0,0.7,1.8,0.5,1.3,0.3,1.6,2.8,2.4,1.3,0.3,2.7,2.6,1.1,5.7,6.0,3.4,3.1,0.2,5.4,4.7,0.05,2.01,1.5,0.4,1.1,0.2,1.35,2.35,Flourisher,46.0,65.0,10.0,-16.0,-2.0,5.0,3.0,53,26,75,82,35,39,25,24,81,12,84,45,25,47,64,51,29,31,37,90,92,76,46,43,52,70,32,52,54,93
334.0,Xilio,Men,In a relationship,5th,2.0,3.0,3+,4.0,Kids,1.0,3444527.0,4.0,More than 1M,5.0,29.0,75.0,94.0,47.0,59.0,75.0,91.0,6.8,6.8,70.0,Over 55,7.0,1.0,0.0,11.0,13.0,53.0,2.0,0.0,Finance,Tech,0.3,3.0,2.1,0.6,1.9,0.9,1.5,1.6,1.3,2.1,2.1,2.2,2.9,2.0,24.9,6.9,3.9,4.5,0.6,5.1,2.6,0.3,2.06,1.7,0.5,1.6,0.75,1.25,1.3,Flourisher,6.0,51.0,7.0,-12.0,-16.0,1.0,3.0,39,35,94,48,52,12,37,16,92,98,79,28,19,94,29,83,46,77,76,27,76,39,29,68,86,94,62,59,45,66
335.0,HBS,Women,In a relationship,5th,2.0,3.0,3+,4.0,Kids,1.0,1316125.0,4.0,More than 1M,5.0,14.0,38.0,45.0,92.0,57.0,38.0,48.0,5.0,5.0,70.0,Over 55,9.0,4.0,6.0,7.0,14.0,50.0,18.0,7.0,Tech,Healthcare,0.1,2.9,0.3,2.7,1.1,2.9,0.7,1.1,2.4,,0.5,0.5,1.0,1.4,24.4,1.1,17.8,2.7,1.9,2.4,1.8,0.1,2.02,,2.25,0.95,2.4,0.6,0.9,Triumvirate,37.0,53.0,-3.0,-8.0,12.0,3.0,4.0,55,94,11,37,64,30,44,49,96,28,10,16,75,33,33,83,73,66,87,30,43,27,22,35,56,47,54,69,25,87
336.0,inf,Men,Single,20th,5.0,3.0,3+,4.0,Kids,1.0,3770047.0,4.0,More than 1M,5.0,60.0,inf,42.0,46.0,46.0,70.0,82.0,7.4,7.4,71.0,Over 55,6.0,6.0,7.0,9.0,10.0,49.0,7.0,6.0,Finance,Tech,0.1,2.0,1.2,2.2,0.2,2.8,2.2,0.7,1.4,0.6,2.4,1.7,0.3,1.4,16.3,3.8,15.0,0.4,1.9,7.4,1.2,0.1,2.02,0.95,1.85,0.15,2.35,1.85,0.6,Triumvirate,24.0,36.0,19.0,-17.0,-4.0,1.0,3.0,15,71,100,12,48,98,69,37,36,75,79,35,44,33,45,38,100,19,27,95,50,63,84,10,58,42,94,68,88,83
337.0,HBS,Women,Married,20th,5.0,0.0,0,1.0,No Kids,2.0,478982.0,3.0,250K – 500K,3.0,79.0,11.0,86.0,91.0,83.0,11.0,25.0,3.1,3.1,53.0,45 - 55,inf,5.0,6.0,9.0,5.0,49.0,6.0,9.0,Other,Healthcare,2.6,0.6,1.4,2.7,1.8,1.0,0.5,0.1,2.8,1.9,0.8,0.9,0.6,8.7,5.0,4.6,18.2,4.2,0.7,1.7,0.2,2.15,2.43,1.15,2.25,1.5,0.85,0.4,0.1,Flourisher,46.0,26.0,-24.0,13.0,0.0,5.0,4.0,46,55,82,93,100,93,54,41,49,88,86,88,92,69,43,89,95,75,36,59,31,30,28,14,95,84,22,24,38,32
338.0,IWF,Men,Married,40th+,9.0,0.0,0,1.0,No Kids,2.0,1202622.0,1.0,More than 1M,5.0,14.0,95.0,56.0,77.0,86.0,95.0,71.0,4.3,4.3,31.0,0 - 35,1.0,10.0,5.0,4.0,14.0,51.0,1.0,7.0,Consulting,Finance,2.1,2.0,1.1,2.3,2.7,1.7,0.6,0.8,1.5,2.9,1.3,0.5,1.5,7.3,17.0,3.7,15.2,6.3,1.1,1.9,1.3,1.75,2.35,0.9,1.9,2.25,1.45,0.45,inf,Purpose Seeker,53.0,29.0,15.0,2.0,17.0,2.0,1.0,33,73,74,79,38,58,55,24,35,95,95,47,15,92,63,74,14,17,60,15,36,62,65,50,63,54,43,38,68,39
339.0,HBS,Women,Married,20th,5.0,0.0,0,,No Kids,2.0,2533771.0,3.0,More than 1M,5.0,23.0,13.0,89.0,24.0,86.0,13.0,50.0,6.2,6.2,48.0,45 - 55,4.0,9.0,10.0,1.0,0.0,48.0,6.0,8.0,Finance,Consulting,1.4,0.2,0.4,1.8,1.1,2.7,1.4,2.0,1.4,0.9,1.1,2.6,2.4,5.3,1.8,1.2,11.9,2.7,1.8,4.6,3.3,1.2,2.24,,1.5,0.95,2.25,1.15,1.65,Purposeful Striver,60.0,21.0,-5.0,-23.0,13.0,1.0,2.0,55,11,84,36,29,95,81,94,36,83,65,12,28,59,43,26,43,47,69,59,30,92,54,72,27,53,47,84,27,67
340.0,IWF,Women,Married,25th,6.0,3.0,3+,4.0,Kids,1.0,3207825.0,4.0,More than 1M,5.0,55.0,74.0,51.0,76.0,93.0,74.0,61.0,6.6,6.6,79.0,Over 55,5.0,9.0,4.0,5.0,12.0,53.0,10.0,3.0,Healthcare,Finance,0.3,0.1,1.3,2.0,0.6,0.0,0.9,1.6,2.4,1.4,2.6,1.2,0.5,1.9,0.8,4.2,inf,1.5,0.0,2.9,2.7,0.25,2.05,1.05,1.65,0.55,0.0,0.7,1.35,Joyful Striver,63.0,11.0,-24.0,inf,1.0,4.0,1.0,62,63,76,11,100,94,64,79,71,91,40,89,68,75,92,39,48,71,83,89,50,25,69,31,36,10,79,91,58,61
341.0,IWF,Women,Single,15th,4.0,2.0,2,3.0,Kids,1.0,1026161.0,4.0,More than 1M,5.0,20.0,41.0,24.0,91.0,29.0,41.0,43.0,3.8,3.8,63.0,Over 55,2.0,5.0,2.0,1.0,8.0,51.0,19.0,1.0,Consulting,Tech,1.5,0.8,2.3,2.7,1.3,2.4,0.7,2.8,2.5,2.0,0.4,1.2,2.0,5.4,6.4,7.5,17.8,3.1,1.6,2.5,4.7,1.25,2.25,1.9,2.2,1.1,2.05,0.6,2.35,Joy Seeker,85.0,40.0,1.0,-20.0,3.0,2.0,3.0,69,74,61,47,50,71,95,74,92,31,95,75,62,23,26,35,76,37,58,75,40,37,77,77,81,62,77,49,55,65
342.0,IWF,Women,Single,25th,6.0,4.0,3+,4.0,Kids,1.0,4213839.0,4.0,More than 1M,5.0,82.0,21.0,16.0,61.0,32.0,21.0,41.0,8.2,8.2,74.0,Over 55,3.0,1.0,0.0,1.0,11.0,50.0,3.0,5.0,Finance,Other,1.4,1.4,0.2,1.7,0.1,2.8,1.9,1.2,1.7,1.6,1.7,0.5,1.0,5.3,11.6,0.7,11.6,0.3,1.9,6.5,2.0,1.2,2.24,0.2,1.45,0.1,2.35,1.6,1.0,Striver,32.0,11.0,-17.0,1.0,12.0,1.0,5.0,72,60,71,12,63,47,94,13,59,55,46,80,17,62,14,62,90,19,24,10,36,13,66,57,15,56,14,40,92,19
343.0,Xilio,Men,Single,inf,1.0,0.0,0,1.0,No Kids,2.0,696326.0,1.0,500K - 1M,4.0,69.0,11.0,29.0,71.0,84.0,11.0,81.0,3.9,3.9,31.0,0 - 35,6.0,2.0,8.0,10.0,1.0,54.0,19.0,3.0,Consulting,Finance,0.5,2.6,0.2,1.9,2.5,0.3,2.0,2.1,0.5,2.5,0.4,1.1,1.0,2.6,21.7,0.8,12.6,inf,0.2,6.5,3.5,0.45,2.09,0.2,1.6,2.05,0.25,1.65,1.75,Purposeful Striver,87.0,36.0,-25.0,-24.0,-6.0,2.0,1.0,94,62,32,25,29,24,35,20,51,100,56,52,87,41,98,28,71,54,92,66,46,64,63,75,84,42,49,82,38,28
344.0,HBS,Women,In a relationship,1st,1.0,2.0,2,3.0,Kids,1.0,679150.0,2.0,500K - 1M,4.0,68.0,14.0,32.0,23.0,24.0,14.0,10.0,3.5,3.5,41.0,35 - 45,8.0,4.0,10.0,10.0,11.0,48.0,6.0,9.0,Finance,Other,1.3,2.2,1.1,0.5,2.5,0.5,2.5,1.5,1.4,2.3,2.1,2.6,2.0,4.9,18.2,3.5,3.1,5.8,0.3,8.2,2.4,1.1,2.22,0.9,0.4,2.05,0.4,2.05,1.2,Joyful Striver,33.0,59.0,-15.0,3.0,1.0,1.0,5.0,41,45,35,49,28,61,94,35,38,22,100,71,19,57,27,62,97,74,82,39,75,24,46,25,78,76,79,95,79,28
345.0,Xilio,Women,In a relationship,,7.0,3.0,3+,4.0,Kids,1.0,3405957.0,4.0,More than 1M,5.0,95.0,59.0,26.0,57.0,49.0,59.0,17.0,6.8,6.8,80.0,Over 55,8.0,1.0,10.0,3.0,14.0,54.0,4.0,8.0,Healthcare,Healthcare,1.2,2.2,2.8,1.4,1.8,2.9,1.3,1.5,2.9,0.2,2.7,1.1,1.4,4.6,18.6,9.4,9.5,4.1,1.9,4.2,2.6,1.0,2.2,2.35,1.2,1.45,2.4,1.05,1.3,Triumvirate,67.0,39.0,-23.0,12.0,15.0,4.0,4.0,96,35,77,11,93,88,34,70,48,42,87,80,76,48,64,94,33,76,77,67,63,73,92,89,80,99,30,20,59,96
346.0,HBS,,Married,40th+,9.0,0.0,0,1.0,No Kids,2.0,148834.0,,Less than 150K,1.0,32.0,26.0,30.0,,52.0,26.0,11.0,3.3,3.3,76.0,Over 55,9.0,4.0,3.0,6.0,3.0,48.0,6.0,8.0,Tech,Consulting,1.8,1.3,2.0,2.1,1.1,1.6,0.2,0.8,2.3,3.0,1.3,2.9,2.4,6.5,10.6,6.7,14.3,2.5,1.1,0.7,1.3,1.55,2.31,1.65,1.8,0.9,1.35,0.2,0.65,Purposeful Striver,18.0,54.0,-3.0,-23.0,-6.0,3.0,2.0,42,38,91,90,75,55,74,46,69,14,56,33,47,49,62,26,12,18,24,61,18,74,46,62,31,24,37,90,64,68
347.0,Xilio,Women,Married,15th,4.0,0.0,0,1.0,No Kids,2.0,3269576.0,3.0,More than 1M,5.0,82.0,77.0,74.0,46.0,14.0,77.0,88.0,6.2,6.2,47.0,45 - 55,3.0,6.0,8.0,1.0,8.0,51.0,0.0,6.0,Healthcare,Finance,1.9,1.0,2.0,0.8,2.4,0.0,0.8,1.4,2.4,2.3,1.5,2.8,0.5,6.7,8.6,6.8,5.4,5.6,0.0,2.7,2.3,1.6,2.32,1.7,0.7,2.0,0.05,0.7,1.15,Purpose Seeker,25.0,55.0,0.0,-10.0,18.0,4.0,1.0,76,30,64,50,39,34,15,32,50,99,78,48,38,51,59,55,80,14,60,46,92,25,23,95,68,23,12,71,36,53
348.0,HBS,Men,Single,15th,4.0,1.0,1,inf,Kids,1.0,inf,2.0,More than 1M,5.0,26.0,76.0,13.0,61.0,37.0,76.0,68.0,6.2,6.2,38.0,35 - 45,10.0,9.0,3.0,8.0,7.0,53.0,17.0,1.0,Tech,Finance,0.1,1.1,1.1,0.6,1.7,0.8,2.9,1.4,0.1,2.6,2.8,0.4,2.4,1.4,9.3,3.6,4.0,inf,0.5,9.8,2.4,0.1,2.02,0.9,0.5,1.4,0.65,2.45,1.2,inf,54.0,24.0,-22.0,4.0,-7.0,3.0,1.0,27,20,15,21,62,30,32,94,42,86,67,77,24,86,81,94,98,19,57,57,51,29,53,74,56,32,32,84,16,68
349.0,IWF,Women,Single,30th,7.0,4.0,inf,4.0,Kids,1.0,4509125.0,3.0,More than 1M,5.0,38.0,79.0,31.0,38.0,76.0,79.0,54.0,8.1,8.1,54.0,45 - 55,7.0,8.0,0.0,2.0,6.0,55.0,10.0,9.0,Finance,Tech,1.1,3.0,1.8,0.9,2.5,1.3,1.8,2.1,1.4,2.0,1.6,0.5,0.2,4.4,24.7,5.9,6.3,5.8,0.9,6.0,3.5,0.95,,1.5,0.8,2.05,1.1,1.5,1.75,Purpose Seeker,58.0,22.0,-8.0,14.0,-6.0,1.0,3.0,34,49,44,44,43,97,73,100,92,36,45,53,96,85,100,62,76,21,81,96,45,73,92,88,77,63,81,17,100,93
350.0,IWF,Men,Single,10th,3.0,2.0,2,3.0,Kids,1.0,4279913.0,4.0,More than 1M,5.0,69.0,31.0,78.0,16.0,71.0,31.0,54.0,8.0,8.0,66.0,Over 55,8.0,0.0,2.0,5.0,15.0,55.0,3.0,inf,Healthcare,Tech,1.9,0.1,0.0,0.7,1.9,2.1,inf,2.8,1.9,2.6,1.5,2.6,0.6,6.6,1.0,0.1,4.8,4.4,1.4,7.1,4.7,1.55,2.31,0.05,0.6,,1.75,1.75,2.35,Joy Seeker,67.0,69.0,-20.0,-24.0,9.0,4.0,3.0,63,20,31,74,31,14,96,49,92,87,41,14,32,17,88,73,88,91,10,10,19,42,51,73,41,17,28,60,92,13
351.0,Xilio,Women,Married,5th,2.0,4.0,3+,4.0,Kids,1.0,4452201.0,4.0,More than 1M,5.0,32.0,25.0,89.0,54.0,63.0,25.0,56.0,8.5,8.5,61.0,Over 55,8.0,6.0,8.0,10.0,7.0,53.0,0.0,0.0,inf,Other,1.5,2.6,1.9,0.6,2.4,2.2,0.0,1.0,2.5,0.3,1.7,1.2,2.0,5.5,21.7,6.4,4.3,5.5,1.5,0.1,1.6,1.25,2.25,1.6,0.55,1.95,1.85,0.0,0.8,Striver,46.0,56.0,9.0,-9.0,-24.0,,5.0,67,45,52,64,76,79,52,86,25,33,73,64,91,88,54,54,59,67,16,28,68,90,10,97,92,63,84,66,90,74
352.0,Xilio,Men,Single,15th,4.0,1.0,1,2.0,Kids,1.0,1109600.0,2.0,,5.0,81.0,36.0,34.0,83.0,65.0,36.0,40.0,5.0,5.0,40.0,35 - 45,1.0,1.0,3.0,0.0,9.0,55.0,15.0,5.0,Healthcare,Consulting,2.6,1.7,2.7,1.3,1.8,3.0,1.6,0.1,0.1,1.0,2.1,0.0,2.6,8.7,14.5,9.1,8.5,4.2,2.0,5.2,0.2,2.15,2.43,2.3,1.05,1.5,2.5,1.3,0.1,Purpose Seeker,24.0,33.0,-4.0,15.0,4.0,4.0,2.0,76,68,24,54,15,56,32,32,32,76,80,39,55,35,22,58,38,30,62,55,49,78,32,77,10,45,59,13,50,22
353.0,Xilio,Women,Single,15th,4.0,4.0,3+,4.0,Kids,1.0,1055715.0,4.0,More than 1M,5.0,64.0,inf,65.0,61.0,67.0,10.0,48.0,4.7,4.7,78.0,Over 55,8.0,6.0,1.0,2.0,15.0,53.0,14.0,0.0,Tech,Finance,2.0,1.3,1.8,2.7,1.2,0.9,inf,1.5,2.6,2.6,0.3,0.8,0.8,6.9,11.0,6.1,18.2,2.9,0.6,0.4,2.5,1.65,2.33,1.55,2.25,1.05,0.7,0.1,inf,Flourisher,32.0,36.0,17.0,-14.0,8.0,3.0,1.0,55,48,95,88,88,96,39,25,16,72,51,38,92,21,25,28,83,30,40,76,63,78,73,72,63,93,83,45,20,76
354.0,Xilio,Women,Married,30th,7.0,1.0,1,2.0,Kids,1.0,1468533.0,4.0,More than 1M,5.0,41.0,78.0,10.0,19.0,88.0,78.0,15.0,4.7,,63.0,Over 55,4.0,6.0,0.0,11.0,6.0,52.0,5.0,4.0,Tech,Consulting,0.5,2.2,2.6,1.5,2.9,1.6,1.7,1.6,1.6,0.6,2.5,1.8,1.0,2.5,18.1,8.7,10.1,6.7,1.1,5.7,2.7,0.4,2.08,2.2,1.25,2.4,1.35,inf,1.35,Purposeful Striver,47.0,20.0,-11.0,9.0,-4.0,3.0,2.0,33,63,69,99,36,77,86,70,35,57,57,35,37,52,95,80,41,74,27,11,48,67,37,71,55,61,67,28,14,21
355.0,Xilio,Men,Single,30th,inf,4.0,3+,4.0,Kids,1.0,2311230.0,4.0,More than 1M,5.0,29.0,71.0,66.0,41.0,14.0,71.0,24.0,5.7,5.7,71.0,Over 55,10.0,10.0,5.0,7.0,5.0,50.0,12.0,0.0,Other,Tech,0.2,1.5,2.2,0.6,1.6,1.6,2.8,0.5,0.6,0.2,1.3,2.4,1.6,1.6,12.2,7.2,3.8,inf,1.1,9.2,0.8,0.2,2.04,1.8,0.45,1.35,1.35,2.3,0.4,Striver,,83.0,-4.0,17.0,-23.0,5.0,3.0,41,64,21,94,19,100,27,77,21,72,83,92,35,60,93,90,96,12,21,65,16,48,13,91,50,15,29,33,75,64
356.0,,Women,Married,5th,2.0,4.0,3+,4.0,Kids,1.0,3533157.0,2.0,More than 1M,5.0,68.0,10.0,69.0,79.0,31.0,10.0,58.0,6.7,6.7,45.0,35 - 45,,5.0,3.0,0.0,9.0,55.0,11.0,2.0,Finance,Healthcare,1.9,2.6,0.4,0.2,1.8,1.2,2.9,2.3,1.0,2.4,0.2,0.4,0.6,6.8,21.8,1.2,1.5,4.2,0.8,9.7,3.8,1.6,2.32,0.3,0.2,1.5,1.0,2.4,1.9,Flourisher,23.0,81.0,11.0,-25.0,-20.0,,4.0,56,33,58,71,82,27,96,89,81,87,90,35,19,100,22,74,48,78,57,26,13,86,50,90,50,37,81,50,65,70
357.0,HBS,Women,In a relationship,15th,4.0,4.0,3+,inf,Kids,1.0,491243.0,1.0,250K – 500K,3.0,65.0,34.0,28.0,60.0,67.0,34.0,90.0,3.5,3.5,33.0,0 - 35,6.0,3.0,8.0,7.0,1.0,54.0,7.0,4.0,Tech,Finance,0.1,2.7,2.7,2.1,0.7,0.5,1.6,3.0,0.8,2.5,2.4,0.3,2.4,1.2,22.5,9.0,13.9,1.5,0.3,5.4,4.9,0.05,2.01,2.25,1.75,0.55,0.4,1.35,2.45,Striver,66.0,62.0,16.0,19.0,-11.0,3.0,1.0,95,31,51,58,57,30,88,40,14,21,39,46,56,91,29,46,18,98,39,91,24,45,69,80,17,59,92,58,21,50
358.0,HBS,Men,In a relationship,10th,3.0,3.0,3+,4.0,Kids,1.0,2088852.0,1.0,More than 1M,5.0,68.0,14.0,27.0,85.0,22.0,14.0,21.0,5.3,5.3,35.0,0 - 35,3.0,0.0,4.0,3.0,5.0,51.0,16.0,8.0,Consulting,Other,1.8,1.3,0.2,1.1,1.9,2.9,1.4,2.8,1.6,0.5,1.1,2.8,2.3,6.3,10.5,0.7,7.7,4.4,2.0,4.6,4.7,1.45,2.29,0.15,0.95,1.55,2.45,1.15,2.35,Purpose Seeker,27.0,73.0,-14.0,-11.0,1.0,2.0,5.0,32,78,47,34,79,95,30,62,78,37,30,100,13,72,75,79,23,73,16,88,85,77,27,54,41,47,62,91,51,45
359.0,Xilio,Men,In a relationship,5th,2.0,1.0,1,2.0,Kids,1.0,3289360.0,3.0,More than 1M,5.0,30.0,32.0,34.0,73.0,51.0,32.0,64.0,7.1,7.1,53.0,45 - 55,3.0,0.0,2.0,5.0,14.0,55.0,18.0,5.0,Consulting,Tech,2.8,0.8,1.6,2.5,1.7,2.6,2.8,0.6,0.2,2.6,0.3,2.3,0.4,9.5,6.9,5.3,16.4,4.0,1.7,9.5,1.0,2.35,2.47,1.35,2.05,1.45,2.15,2.35,0.5,Triumvirate,inf,26.0,16.0,0.0,inf,2.0,3.0,75,65,91,32,68,32,66,34,58,53,69,62,64,58,56,35,77,58,12,31,57,96,72,61,39,39,94,55,84,11
360.0,HBS,Women,Single,5th,2.0,2.0,2,3.0,Kids,1.0,2015588.0,3.0,More than 1M,5.0,83.0,45.0,40.0,36.0,76.0,45.0,81.0,5.0,5.0,51.0,45 - 55,,1.0,9.0,4.0,14.0,54.0,3.0,3.0,Healthcare,Healthcare,1.7,1.8,0.4,2.0,0.6,1.5,2.0,2.6,0.5,2.1,1.9,1.8,1.4,6.2,14.8,1.4,13.2,1.3,1.0,6.7,4.4,1.45,2.29,0.35,1.65,0.45,1.25,1.7,2.2,Striver,90.0,66.0,12.0,11.0,inf,4.0,4.0,36,42,54,33,68,73,32,53,35,52,22,39,75,36,28,11,73,81,72,36,15,30,70,83,55,90,91,45,19,31
361.0,HBS,Women,Married,40th+,9.0,4.0,3+,4.0,Kids,1.0,281451.0,4.0,250K – 500K,3.0,12.0,67.0,38.0,60.0,94.0,67.0,96.0,3.6,3.6,57.0,Over 55,9.0,2.0,9.0,0.0,1.0,54.0,16.0,9.0,Healthcare,Consulting,1.2,2.7,0.0,2.4,0.2,1.8,0.2,2.1,2.4,1.6,2.6,2.3,2.3,4.5,22.8,0.1,15.9,0.4,1.2,0.6,3.5,0.95,2.19,0.05,2.0,0.15,1.5,0.15,1.75,Flourisher,17.0,73.0,-8.0,-5.0,7.0,4.0,2.0,11,45,44,47,11,76,100,21,14,26,10,12,76,18,54,68,29,26,15,64,82,72,58,74,61,82,18,19,37,31
362.0,HBS,Men,Single,20th,5.0,4.0,3+,4.0,Kids,1.0,4227355.0,4.0,More than 1M,5.0,94.0,74.0,71.0,63.0,29.0,74.0,90.0,8.8,8.8,62.0,Over 55,8.0,5.0,3.0,1.0,8.0,55.0,4.0,,Other,Consulting,1.9,0.6,1.3,0.8,1.8,0.7,1.4,1.4,0.4,2.5,2.7,1.3,1.0,6.8,5.3,4.2,5.4,4.2,0.5,4.7,2.3,1.6,2.32,1.05,0.7,1.5,0.55,1.15,,Purposeful Striver,33.0,73.0,19.0,5.0,6.0,5.0,2.0,99,29,39,37,38,49,54,99,31,49,74,52,16,48,46,14,37,82,24,41,44,94,56,11,98,63,13,87,16,50
363.0,Xilio,Men,In a relationship,30th,7.0,1.0,1,2.0,Kids,1.0,1782683.0,3.0,More than 1M,5.0,70.0,51.0,67.0,28.0,19.0,51.0,54.0,5.1,5.1,47.0,45 - 55,9.0,2.0,3.0,8.0,10.0,49.0,3.0,7.0,Healthcare,Healthcare,1.4,1.9,0.9,2.1,2.3,1.6,0.7,1.6,0.7,1.3,2.9,2.3,1.9,5.1,15.6,3.0,13.8,5.3,1.1,inf,2.7,1.15,2.23,0.75,1.75,1.9,1.35,0.6,1.35,Striver,9.0,40.0,9.0,-1.0,-20.0,4.0,4.0,26,92,97,30,77,19,53,18,88,58,42,16,64,74,63,46,23,41,80,69,81,15,48,58,70,80,50,16,23,23
364.0,Xilio,Men,In a relationship,15th,4.0,0.0,0,1.0,No Kids,2.0,1034646.0,3.0,More than 1M,5.0,34.0,73.0,43.0,46.0,48.0,73.0,98.0,4.4,4.4,46.0,45 - 55,4.0,inf,5.0,11.0,12.0,54.0,,3.0,Tech,Tech,1.6,1.9,1.5,0.8,1.6,2.1,1.4,2.5,1.4,0.6,2.6,1.1,0.2,5.9,15.8,4.9,5.3,3.7,1.4,4.7,4.2,1.35,2.27,inf,0.65,1.3,1.75,1.15,2.1,Striver,43.0,17.0,4.0,-3.0,15.0,3.0,3.0,42,90,39,63,74,98,91,21,22,94,47,58,89,80,15,40,53,79,52,92,80,33,98,31,22,55,34,21,86,44
365.0,Xilio,Women,Married,40th+,9.0,3.0,3+,4.0,Kids,1.0,1001525.0,4.0,More than 1M,5.0,50.0,65.0,42.0,94.0,79.0,65.0,22.0,4.5,4.5,75.0,Over 55,4.0,3.0,8.0,2.0,5.0,50.0,6.0,4.0,Consulting,Other,2.8,2.2,1.7,2.8,0.7,1.5,1.4,1.4,1.6,0.9,0.0,0.7,1.8,9.5,18.3,5.8,18.8,1.6,1.0,4.6,2.4,2.35,2.47,1.45,2.35,0.55,1.3,1.15,1.2,Joyful Striver,48.0,1.0,-2.0,-2.0,10.0,2.0,5.0,18,71,87,27,92,61,97,78,37,66,34,82,40,99,23,85,86,30,100,37,77,62,91,38,98,37,43,95,78,59
366.0,Xilio,Women,Single,25th,6.0,,1,2.0,Kids,1.0,3897500.0,4.0,More than 1M,5.0,73.0,82.0,62.0,91.0,88.0,82.0,67.0,7.5,7.5,67.0,Over 55,10.0,inf,9.0,9.0,12.0,53.0,10.0,5.0,Healthcare,Consulting,1.2,0.4,0.1,inf,2.0,3.0,1.7,1.1,2.3,1.5,1.1,2.2,0.5,4.5,3.3,0.4,12.7,4.7,2.0,5.8,1.9,0.95,2.19,0.1,1.6,1.65,2.5,1.45,0.95,Joyful Striver,39.0,89.0,16.0,12.0,-24.0,4.0,2.0,52,82,15,45,35,81,56,63,42,96,35,50,83,80,13,57,48,16,90,37,67,92,15,44,49,26,82,100,70,18
367.0,HBS,Women,Married,20th,5.0,4.0,3+,4.0,Kids,1.0,,4.0,More than 1M,5.0,24.0,43.0,95.0,11.0,91.0,43.0,18.0,8.4,8.4,57.0,Over 55,3.0,0.0,0.0,0.0,11.0,55.0,7.0,5.0,Tech,Consulting,2.9,2.1,0.4,1.0,0.2,1.8,1.1,1.5,1.3,1.6,2.5,1.3,2.5,9.7,17.9,1.2,6.5,0.6,1.2,3.6,2.5,2.4,2.48,0.3,0.8,0.2,1.55,0.9,1.25,Striver,42.0,61.0,4.0,2.0,3.0,3.0,2.0,57,35,76,54,98,84,49,63,32,93,86,86,28,16,95,15,37,16,27,83,86,85,92,90,70,57,18,57,60,68
368.0,IWF,Women,Single,15th,4.0,4.0,3+,4.0,Kids,1.0,479395.0,4.0,250K – 500K,3.0,80.0,20.0,16.0,51.0,74.0,20.0,39.0,3.5,3.5,71.0,Over 55,5.0,,5.0,9.0,9.0,55.0,16.0,9.0,Tech,Healthcare,2.7,2.7,1.7,0.8,,1.1,0.5,1.7,2.4,2.4,1.1,2.9,1.1,9.1,22.7,5.6,5.4,3.1,0.7,1.6,inf,2.25,2.45,1.4,0.65,1.1,0.95,0.4,1.45,Joy Seeker,26.0,43.0,-12.0,-5.0,-22.0,3.0,4.0,48,75,89,82,19,70,60,37,27,73,68,88,37,81,64,24,73,36,31,93,28,87,62,85,53,53,91,46,51,65
369.0,HBS,Men,In a relationship,1st,1.0,1.0,1,2.0,Kids,1.0,1290386.0,inf,More than 1M,5.0,40.0,69.0,59.0,inf,66.0,69.0,68.0,4.6,4.6,58.0,Over 55,10.0,4.0,4.0,0.0,3.0,55.0,2.0,8.0,Consulting,Other,0.6,0.5,1.0,0.6,0.5,2.3,1.5,0.6,1.9,2.4,1.8,1.0,0.8,2.8,4.5,3.4,3.8,1.1,1.5,5.0,0.9,0.5,2.1,inf,0.5,,1.95,1.25,0.45,Joyful Striver,50.0,42.0,-20.0,17.0,-25.0,2.0,5.0,51,82,16,62,62,73,51,65,39,84,42,63,90,89,43,24,98,17,70,34,71,59,85,33,71,69,84,84,17,100
370.0,HBS,Women,Married,40th+,9.0,1.0,1,2.0,Kids,1.0,3084390.0,4.0,More than 1M,5.0,62.0,60.0,54.0,24.0,63.0,60.0,19.0,6.3,6.3,59.0,Over 55,7.0,5.0,3.0,4.0,12.0,50.0,18.0,7.0,Finance,Tech,0.2,0.7,2.2,2.1,0.6,0.5,2.5,2.7,0.3,1.7,1.8,2.8,2.5,1.6,5.9,7.3,13.9,1.3,0.3,8.3,4.5,0.15,2.03,1.8,1.75,0.45,0.45,2.1,2.25,Purpose Seeker,25.0,25.0,-23.0,-8.0,-7.0,1.0,3.0,35,82,61,39,88,14,16,78,35,66,50,78,37,76,36,70,41,82,70,94,80,21,34,39,53,69,22,45,59,19
371.0,HBS,Women,In a relationship,1st,1.0,2.0,2,3.0,Kids,1.0,3409569.0,1.0,More than 1M,5.0,80.0,60.0,44.0,67.0,21.0,60.0,24.0,7.1,7.1,33.0,0 - 35,,8.0,5.0,5.0,5.0,49.0,14.0,9.0,Healthcare,Other,0.3,2.9,2.0,0.7,0.6,1.2,2.0,2.0,0.5,2.3,1.1,2.8,0.2,1.9,24.3,6.5,4.4,1.4,0.8,6.6,3.4,0.25,2.05,1.65,0.55,0.5,0.95,1.65,1.7,Joy Seeker,24.0,39.0,-10.0,10.0,0.0,4.0,5.0,59,49,23,69,68,62,59,86,25,83,39,100,28,19,16,25,18,37,62,87,19,65,74,93,57,14,18,69,10,34
372.0,HBS,Women,Married,10th,3.0,4.0,3+,4.0,Kids,1.0,2930603.0,1.0,More than 1M,5.0,27.0,76.0,63.0,99.0,24.0,76.0,86.0,6.8,6.8,33.0,0 - 35,10.0,9.0,4.0,1.0,11.0,48.0,12.0,6.0,Tech,Other,0.1,0.5,2.5,1.8,1.2,1.0,1.0,1.9,1.3,0.6,2.7,0.7,1.2,1.2,4.5,8.5,11.9,2.7,0.7,3.4,3.2,0.05,2.01,2.1,1.5,0.95,0.85,0.85,1.6,Flourisher,13.0,35.0,-19.0,9.0,-1.0,3.0,5.0,34,26,82,41,31,64,57,67,86,83,66,36,96,80,12,29,37,88,35,95,34,24,14,51,83,78,89,86,78,54
373.0,HBS,Men,Single,25th,6.0,1.0,1,2.0,Kids,1.0,2997197.0,1.0,More than 1M,5.0,48.0,22.0,21.0,50.0,65.0,22.0,38.0,7.3,7.3,33.0,0 - 35,1.0,3.0,inf,4.0,6.0,51.0,15.0,5.0,Tech,Healthcare,0.3,2.6,2.1,0.8,0.2,1.3,2.8,0.3,1.2,0.2,1.5,2.4,1.1,1.8,21.4,6.9,5.3,0.4,0.9,9.4,0.5,0.25,2.05,1.75,0.65,0.15,1.1,2.35,0.25,Joy Seeker,60.0,3.0,inf,19.0,-16.0,3.0,4.0,33,10,24,76,60,46,93,87,48,79,58,17,29,94,56,86,26,75,100,35,53,92,74,80,68,87,13,17,20,20
374.0,Xilio,Women,In a relationship,30th,7.0,1.0,1,2.0,,1.0,252866.0,3.0,250K – 500K,3.0,66.0,23.0,96.0,20.0,40.0,23.0,51.0,3.7,3.7,55.0,45 - 55,0.0,6.0,2.0,1.0,8.0,50.0,13.0,3.0,Healthcare,Other,2.0,1.5,1.3,2.0,1.2,2.3,2.7,1.8,2.2,2.6,1.4,1.3,0.9,7.1,12.3,4.3,13.2,2.8,1.6,9.1,3.0,1.7,2.34,1.05,1.65,1.0,1.95,2.3,1.5,Flourisher,7.0,inf,-17.0,-17.0,-11.0,4.0,5.0,22,98,30,76,57,65,100,84,42,97,57,41,22,62,11,53,96,80,49,84,67,49,17,59,66,79,43,16,57,18
375.0,IWF,Men,Married,15th,4.0,4.0,3+,4.0,Kids,1.0,1165248.0,4.0,More than 1M,5.0,27.0,59.0,35.0,14.0,53.0,59.0,71.0,5.4,5.4,57.0,Over 55,1.0,4.0,4.0,1.0,9.0,53.0,12.0,2.0,Healthcare,Tech,0.2,0.7,2.0,2.4,1.5,1.5,0.6,0.4,1.7,0.2,3.0,2.8,2.7,1.6,6.2,6.7,16.3,3.6,1.0,2.1,0.6,inf,2.04,1.7,2.05,1.3,1.2,0.5,0.3,Flourisher,57.0,51.0,-11.0,12.0,-4.0,4.0,3.0,69,70,44,37,30,68,15,51,35,85,81,93,86,96,89,51,86,56,97,80,34,50,48,80,20,16,16,52,19,16
376.0,HBS,Men,Single,10th,3.0,4.0,3+,4.0,Kids,1.0,1676711.0,4.0,More than 1M,5.0,58.0,83.0,54.0,82.0,99.0,83.0,59.0,4.6,4.6,56.0,Over 55,9.0,9.0,0.0,10.0,12.0,50.0,3.0,1.0,Consulting,Tech,1.0,2.6,0.8,2.3,1.4,inf,0.1,0.2,1.2,0.7,1.5,1.4,2.3,3.9,21.8,2.8,15.6,3.4,1.6,0.4,0.4,0.8,2.16,0.7,1.95,1.2,2.0,0.1,0.2,Purposeful Striver,36.0,12.0,-5.0,4.0,-5.0,,3.0,16,52,75,53,31,78,100,47,57,52,58,73,52,66,34,55,64,91,17,26,85,78,52,69,34,62,24,67,24,80
377.0,HBS,Men,In a relationship,1st,1.0,0.0,0,1.0,No Kids,2.0,1453286.0,1.0,More than 1M,5.0,74.0,65.0,77.0,75.0,72.0,65.0,43.0,5.2,5.2,30.0,0 - 35,4.0,3.0,6.0,1.0,0.0,49.0,7.0,4.0,Tech,Consulting,2.5,1.3,0.9,2.3,1.1,1.7,2.2,1.6,0.5,2.1,0.5,2.2,0.2,8.6,11.1,3.1,15.2,inf,1.2,7.4,2.6,2.1,2.42,0.75,1.9,0.95,1.45,1.85,1.3,Joy Seeker,45.0,19.0,9.0,18.0,-4.0,3.0,2.0,66,51,100,88,39,82,18,77,74,32,56,19,20,100,69,43,19,95,30,91,49,78,91,39,70,26,47,90,56,43
378.0,IWF,Men,In a relationship,30th,7.0,4.0,3+,4.0,Kids,1.0,3725961.0,4.0,More than 1M,5.0,71.0,36.0,53.0,91.0,41.0,36.0,93.0,7.6,7.6,62.0,Over 55,8.0,10.0,5.0,11.0,3.0,49.0,3.0,8.0,Consulting,Consulting,0.1,1.5,2.4,0.6,2.5,1.0,2.5,1.2,0.7,1.2,1.5,1.4,2.1,1.2,12.9,7.9,3.8,5.9,0.7,8.3,2.0,0.05,2.01,1.95,0.45,2.1,0.85,2.05,1.0,Purpose Seeker,20.0,44.0,-24.0,8.0,10.0,2.0,2.0,45,34,11,50,34,68,66,62,47,36,65,22,57,95,88,73,89,19,52,16,85,15,82,21,55,68,84,95,34,92
379.0,IWF,Women,In a relationship,15th,4.0,3.0,3+,4.0,Kids,1.0,3207945.0,4.0,More than 1M,5.0,63.0,46.0,inf,93.0,86.0,46.0,61.0,7.9,7.9,68.0,Over 55,1.0,3.0,5.0,1.0,11.0,49.0,14.0,7.0,Healthcare,Other,2.4,1.1,1.3,0.3,0.4,2.4,2.9,1.8,1.7,2.6,2.4,0.7,1.6,8.3,9.0,inf,1.8,1.0,1.6,9.7,2.9,2.05,2.41,1.1,0.2,0.35,2.0,2.4,1.45,Triumvirate,65.0,59.0,1.0,6.0,8.0,4.0,5.0,54,48,44,72,37,11,40,42,11,67,74,72,24,36,33,38,15,42,30,65,79,96,14,58,63,18,100,55,15,29
380.0,IWF,Women,Single,1st,1.0,0.0,0,1.0,No Kids,2.0,3443821.0,4.0,More than 1M,5.0,84.0,91.0,65.0,35.0,90.0,91.0,38.0,6.7,6.7,68.0,Over 55,5.0,2.0,9.0,0.0,2.0,51.0,11.0,4.0,Tech,Tech,0.8,1.8,2.4,2.1,1.5,0.7,2.7,0.3,1.3,0.9,2.3,0.6,2.7,3.5,14.8,8.0,14.0,3.5,0.5,8.9,0.4,0.7,2.14,2.0,1.75,1.25,0.6,2.2,0.2,Flourisher,8.0,49.0,-24.0,-23.0,4.0,3.0,3.0,29,44,91,32,74,74,30,80,15,46,21,44,26,63,24,12,57,16,12,73,19,76,13,91,43,31,61,43,20,98
381.0,HBS,Women,Married,1st,1.0,4.0,3+,4.0,Kids,1.0,213062.0,3.0,150K – 250K,2.0,84.0,99.0,86.0,87.0,72.0,99.0,inf,2.8,2.8,49.0,inf,4.0,6.0,1.0,6.0,9.0,48.0,19.0,3.0,Consulting,Other,0.4,0.5,2.5,1.1,0.2,0.7,1.8,1.3,1.5,0.0,2.4,1.3,0.9,2.1,4.1,8.2,7.4,0.4,0.4,6.0,2.2,0.3,2.06,2.05,0.9,0.15,0.55,1.5,1.1,Flourisher,16.0,61.0,9.0,-23.0,-1.0,2.0,5.0,74,12,87,84,54,69,99,65,55,15,78,70,63,13,23,18,84,12,40,29,75,42,10,55,93,54,90,93,26,14
382.0,Xilio,Women,In a relationship,20th,5.0,0.0,0,1.0,No Kids,2.0,2521518.0,3.0,More than 1M,5.0,38.0,38.0,90.0,25.0,48.0,38.0,37.0,5.7,5.7,46.0,45 - 55,8.0,7.0,0.0,0.0,14.0,51.0,3.0,2.0,Consulting,Finance,2.1,1.2,2.6,1.3,0.2,1.5,1.6,0.5,0.5,0.9,2.1,,1.7,7.3,9.8,8.6,8.6,0.5,1.0,5.3,0.9,1.75,2.35,2.15,1.1,0.2,1.25,1.35,0.45,Joy Seeker,14.0,17.0,-8.0,2.0,19.0,2.0,1.0,17,53,29,57,77,60,49,81,59,74,97,63,59,97,63,84,76,23,36,47,34,52,65,52,16,82,92,81,24,64
383.0,IWF,Women,Single,1st,1.0,1.0,1,2.0,Kids,1.0,2871992.0,2.0,More than 1M,5.0,96.0,93.0,89.0,55.0,43.0,93.0,55.0,5.4,inf,44.0,35 - 45,2.0,inf,7.0,3.0,9.0,55.0,17.0,6.0,Consulting,Tech,1.9,2.9,2.7,0.1,1.7,0.8,0.1,3.0,2.0,1.7,0.8,1.8,1.5,6.7,24.2,9.2,0.6,4.0,0.5,,4.9,1.55,2.31,2.3,0.1,1.45,0.65,0.05,2.45,Joy Seeker,inf,74.0,-12.0,18.0,2.0,2.0,3.0,25,60,91,41,16,39,54,60,47,15,15,17,37,32,87,84,50,53,36,84,80,30,54,11,71,68,16,31,25,100
384.0,IWF,Men,Married,30th,7.0,2.0,2,3.0,Kids,1.0,4324539.0,4.0,More than 1M,5.0,87.0,32.0,62.0,60.0,24.0,32.0,12.0,7.9,7.9,69.0,Over 55,4.0,9.0,10.0,10.0,1.0,52.0,13.0,5.0,Finance,Tech,2.6,0.8,1.3,0.8,1.7,0.0,0.7,1.7,2.6,1.1,2.6,2.1,1.5,8.9,6.5,4.3,5.2,4.0,0.0,2.5,2.8,2.2,2.44,1.1,0.65,1.4,0.0,0.6,1.4,Flourisher,87.0,57.0,-6.0,-11.0,-25.0,1.0,3.0,23,21,19,66,58,20,86,83,97,59,98,38,92,57,15,34,88,55,82,67,96,93,74,84,66,89,54,100,65,98
385.0,HBS,Men,Married,10th,3.0,2.0,2,3.0,Kids,1.0,3250468.0,4.0,More than 1M,5.0,68.0,86.0,89.0,37.0,94.0,86.0,46.0,6.5,6.5,72.0,Over 55,10.0,8.0,4.0,3.0,7.0,51.0,0.0,0.0,Finance,Finance,2.2,2.0,1.0,0.1,2.6,1.9,1.4,2.1,0.8,1.6,2.7,0.8,1.4,7.6,16.4,3.2,0.7,6.1,1.3,4.6,3.4,1.85,2.37,0.8,0.1,2.2,1.6,1.15,1.7,Flourisher,15.0,55.0,-8.0,15.0,19.0,1.0,1.0,85,28,34,42,18,85,58,52,27,31,74,50,13,92,87,95,69,70,66,25,20,74,12,89,85,22,68,30,75,24
386.0,HBS,Men,Single,15th,4.0,3.0,3+,4.0,Kids,inf,4974505.0,4.0,More than 1M,5.0,46.0,77.0,41.0,58.0,85.0,77.0,39.0,9.1,9.1,65.0,Over 55,2.0,5.0,9.0,6.0,11.0,54.0,14.0,1.0,Finance,Other,2.4,1.0,1.7,2.6,1.7,1.5,,1.0,1.5,2.6,0.6,1.4,0.6,8.2,8.1,5.8,17.6,3.9,1.0,6.3,1.6,,2.4,1.45,2.2,1.4,1.3,1.55,0.8,Purpose Seeker,66.0,47.0,-16.0,-3.0,-22.0,1.0,5.0,96,53,75,33,45,48,96,24,36,97,34,39,31,51,90,51,86,45,42,60,45,26,31,63,14,92,30,24,45,57
387.0,IWF,Women,Single,25th,6.0,0.0,0,1.0,No Kids,2.0,833328.0,4.0,500K - 1M,4.0,18.0,81.0,30.0,83.0,69.0,81.0,23.0,4.1,4.1,61.0,Over 55,2.0,6.0,1.0,2.0,9.0,48.0,11.0,9.0,Other,Other,0.8,2.3,1.1,0.7,2.9,1.3,1.7,0.3,2.9,2.7,0.4,0.1,2.3,3.5,19.3,3.7,4.9,6.7,0.9,5.6,0.5,0.7,2.14,0.95,0.6,2.4,1.1,1.4,0.25,Striver,32.0,12.0,-1.0,14.0,-19.0,5.0,5.0,24,68,34,48,92,99,29,47,50,34,10,95,95,12,27,55,51,22,99,36,58,17,81,44,85,21,37,14,92,13
388.0,HBS,Women,Single,10th,3.0,3.0,3+,4.0,Kids,1.0,4092958.0,4.0,More than 1M,5.0,41.0,81.0,10.0,62.0,80.0,81.0,14.0,8.8,8.8,76.0,Over 55,9.0,10.0,10.0,7.0,5.0,51.0,5.0,0.0,Other,Finance,0.5,0.4,1.8,1.7,0.1,2.9,2.2,2.9,1.0,0.8,2.9,2.5,1.4,2.6,3.3,6.0,11.1,0.3,1.9,7.4,4.9,0.45,2.09,1.5,1.4,0.1,2.4,1.85,2.45,Joyful Striver,87.0,62.0,-24.0,-15.0,-17.0,5.0,1.0,75,58,63,43,10,86,26,24,81,88,41,30,48,100,29,82,90,25,53,60,57,73,65,61,44,45,12,26,47,87
389.0,IWF,Men,Single,20th,5.0,2.0,2,3.0,Kids,1.0,1073233.0,3.0,More than 1M,5.0,32.0,48.0,41.0,10.0,66.0,48.0,54.0,4.7,4.7,47.0,45 - 55,5.0,0.0,9.0,10.0,0.0,52.0,3.0,2.0,Other,Healthcare,2.3,2.9,2.1,0.1,0.3,1.7,0.8,0.9,1.8,1.4,2.6,3.0,2.9,7.8,24.2,7.1,0.8,0.7,1.1,2.8,1.4,1.9,2.38,1.75,0.1,0.25,1.45,0.7,0.7,Striver,63.0,80.0,-1.0,6.0,10.0,5.0,4.0,41,70,42,65,19,81,37,14,83,99,12,85,43,12,71,93,80,89,52,84,96,99,27,42,93,19,23,81,94,90
390.0,HBS,Men,Single,25th,6.0,1.0,1,2.0,Kids,1.0,1741741.0,2.0,inf,5.0,39.0,14.0,98.0,94.0,37.0,14.0,58.0,4.8,4.8,43.0,35 - 45,10.0,inf,3.0,4.0,9.0,52.0,17.0,7.0,Consulting,Other,2.4,1.4,2.1,2.0,0.1,2.6,1.7,1.3,0.3,1.6,2.7,1.2,0.8,,11.3,6.9,13.3,0.3,1.7,5.6,2.1,2.0,2.4,1.7,1.65,0.1,2.15,1.4,1.05,Joy Seeker,86.0,88.0,7.0,10.0,-7.0,2.0,5.0,96,26,45,37,45,72,50,92,26,81,58,20,53,37,90,68,37,14,40,25,16,37,34,94,46,25,11,28,84,30
391.0,HBS,Men,Single,30th,7.0,1.0,1,2.0,Kids,1.0,559525.0,4.0,500K - 1M,4.0,45.0,31.0,75.0,84.0,80.0,31.0,25.0,3.2,3.2,61.0,Over 55,5.0,9.0,6.0,4.0,13.0,52.0,16.0,6.0,Consulting,Healthcare,,0.7,1.1,1.0,0.6,,0.3,1.9,1.8,2.8,2.7,0.0,2.0,9.9,5.9,3.7,6.5,1.3,0.3,0.9,3.2,2.5,2.5,0.95,0.8,0.45,0.35,0.2,1.6,Purpose Seeker,51.0,83.0,10.0,7.0,-25.0,2.0,4.0,72,83,23,46,82,73,75,63,71,60,28,11,51,72,89,30,22,98,74,96,100,99,57,93,69,28,38,14,12,89
392.0,IWF,Men,Married,20th,5.0,3.0,inf,4.0,Kids,1.0,206615.0,3.0,150K – 250K,2.0,77.0,72.0,71.0,66.0,63.0,inf,88.0,3.5,3.5,49.0,45 - 55,8.0,0.0,6.0,8.0,12.0,53.0,14.0,4.0,Finance,Consulting,1.2,0.2,0.5,2.7,1.6,1.7,1.2,0.1,0.3,3.0,1.6,0.5,2.8,4.7,1.8,1.7,18.0,3.8,1.1,4.1,0.1,1.05,2.21,0.4,2.25,1.35,1.4,1.05,0.05,Purposeful Striver,25.0,8.0,5.0,,-16.0,1.0,2.0,95,66,74,16,55,70,34,60,38,97,69,59,49,90,49,83,90,47,93,69,86,22,93,81,74,15,27,32,27,99
393.0,Xilio,,Married,25th,6.0,0.0,0,1.0,No Kids,2.0,4411932.0,4.0,More than 1M,5.0,30.0,53.0,66.0,88.0,48.0,53.0,55.0,7.6,7.6,59.0,Over 55,1.0,6.0,1.0,11.0,10.0,51.0,6.0,0.0,Finance,Tech,1.1,0.5,1.3,2.7,1.9,2.6,2.3,2.4,2.9,0.7,1.9,2.0,2.0,4.3,4.2,4.3,17.8,4.5,1.7,7.5,4.1,0.95,2.19,1.1,2.2,1.6,2.15,1.9,2.05,Purposeful Striver,58.0,21.0,-12.0,13.0,10.0,1.0,3.0,60,64,89,77,41,63,67,19,67,57,38,50,21,40,48,31,24,59,85,85,60,22,40,60,25,13,46,92,88,18
inf,Xilio,Men,In a relationship,1st,1.0,3.0,3+,4.0,Kids,1.0,2765988.0,1.0,More than 1M,5.0,41.0,64.0,14.0,49.0,28.0,64.0,99.0,7.2,7.2,30.0,0 - 35,3.0,10.0,1.0,10.0,14.0,52.0,13.0,3.0,Tech,Consulting,2.3,1.6,0.4,1.0,0.1,1.7,2.1,1.6,2.1,2.2,1.6,1.8,2.6,8.0,13.0,1.4,6.5,0.3,1.2,6.9,2.7,1.95,2.39,0.35,0.8,0.1,1.45,1.75,1.35,Purposeful Striver,63.0,81.0,-25.0,8.0,-17.0,3.0,2.0,34,56,63,46,41,82,50,21,79,79,59,75,11,19,61,38,45,47,26,49,26,47,39,35,39,39,54,23,98,75
395.0,Xilio,Men,Married,1st,1.0,4.0,3+,4.0,Kids,1.0,4631020.0,1.0,More than 1M,5.0,38.0,76.0,41.0,95.0,33.0,76.0,67.0,,9.1,31.0,0 - 35,1.0,10.0,7.0,4.0,9.0,55.0,17.0,5.0,Finance,Consulting,1.0,1.0,2.7,2.7,2.8,2.2,3.0,0.8,2.4,1.1,0.2,2.4,2.5,4.1,8.4,8.9,18.0,6.6,1.4,9.9,1.4,0.85,2.17,2.25,inf,2.35,1.8,2.5,0.7,Triumvirate,62.0,87.0,20.0,2.0,19.0,1.0,2.0,67,21,61,65,15,67,15,13,87,74,11,12,37,58,41,72,24,65,24,76,41,34,89,71,82,55,54,19,63,88
396.0,inf,Women,Single,10th,3.0,4.0,3+,4.0,Kids,1.0,3729391.0,4.0,More than 1M,5.0,89.0,66.0,86.0,10.0,37.0,66.0,48.0,7.2,7.2,68.0,Over 55,3.0,8.0,3.0,10.0,1.0,52.0,18.0,1.0,Healthcare,Healthcare,2.8,2.5,1.0,3.0,2.5,1.1,0.8,0.2,2.1,0.0,2.2,0.8,1.1,9.4,20.7,3.5,19.9,5.9,0.7,2.8,0.3,2.35,2.47,0.85,2.5,2.1,0.95,0.7,0.15,Purposeful Striver,22.0,80.0,-10.0,11.0,20.0,4.0,4.0,72,71,12,74,57,94,84,27,31,69,82,89,83,95,82,82,84,72,43,11,35,71,75,70,51,36,33,40,88,44
397.0,IWF,Women,Married,10th,3.0,3.0,3+,4.0,Kids,1.0,571252.0,1.0,500K - 1M,inf,58.0,59.0,14.0,28.0,38.0,59.0,56.0,2.8,2.8,32.0,0 - 35,6.0,7.0,10.0,10.0,2.0,50.0,inf,3.0,Consulting,Tech,2.6,1.3,0.5,2.5,0.9,0.3,1.5,0.5,1.8,0.0,1.5,2.3,1.8,8.7,10.8,1.5,16.5,,0.2,5.0,0.8,2.15,2.43,0.4,2.05,0.75,0.25,1.25,0.4,Joy Seeker,58.0,70.0,20.0,-19.0,16.0,2.0,3.0,71,89,50,74,47,65,47,89,15,55,65,60,95,30,36,70,65,57,89,57,31,32,90,35,70,54,55,22,26,97
398.0,IWF,Women,In a relationship,5th,2.0,1.0,1,2.0,Kids,1.0,1716293.0,4.0,More than 1M,5.0,59.0,64.0,31.0,80.0,48.0,64.0,41.0,5.7,5.7,68.0,Over 55,5.0,0.0,8.0,7.0,8.0,49.0,0.0,4.0,Consulting,Other,1.3,0.7,0.1,2.5,0.2,1.4,1.0,2.7,1.3,1.4,1.9,2.1,0.5,4.9,6.2,0.3,16.9,0.5,0.9,3.3,4.5,1.05,2.21,0.05,2.1,0.2,1.15,0.8,2.25,Purpose Seeker,58.0,72.0,-23.0,-22.0,6.0,2.0,5.0,31,97,15,56,26,43,15,45,35,45,26,77,90,62,61,73,13,99,13,61,22,95,19,46,83,94,21,31,91,60
399.0,HBS,Women,In a relationship,30th,7.0,1.0,1,2.0,Kids,1.0,3642610.0,2.0,More than 1M,5.0,93.0,24.0,78.0,38.0,64.0,24.0,29.0,7.3,7.3,45.0,35 - 45,0.0,7.0,10.0,,7.0,49.0,14.0,7.0,Healthcare,Consulting,2.3,1.9,1.9,0.7,0.5,1.2,1.3,2.1,2.6,1.5,1.5,1.0,1.6,7.8,15.4,6.5,5.0,1.2,0.8,4.4,3.4,1.9,2.38,1.6,0.6,0.4,1.0,1.1,1.7,Flourisher,86.0,25.0,9.0,11.0,6.0,4.0,2.0,67,92,34,29,83,40,54,34,48,67,69,96,99,96,72,78,61,68,81,33,21,30,80,39,86,46,62,46,91,87
400.0,Xilio,Women,In a relationship,10th,3.0,1.0,inf,2.0,Kids,1.0,2194367.0,2.0,More than 1M,5.0,17.0,24.0,74.0,62.0,82.0,24.0,54.0,6.2,6.2,40.0,35 - 45,2.0,6.0,10.0,6.0,7.0,48.0,14.0,6.0,Healthcare,Finance,2.3,2.1,1.9,1.7,0.4,2.6,2.6,,2.9,0.1,1.5,1.6,0.7,7.8,17.7,6.4,11.5,0.9,1.7,8.6,1.2,1.9,2.38,1.6,1.45,0.3,2.15,2.15,0.6,Flourisher,49.0,82.0,15.0,-25.0,-20.0,4.0,inf,67,17,22,28,36,61,84,96,21,85,45,93,76,85,83,49,100,86,98,93,80,63,68,20,57,18,54,48,22,46
401.0,HBS,Men,In a relationship,25th,6.0,4.0,3+,4.0,Kids,1.0,1934050.0,3.0,More than 1M,5.0,18.0,60.0,41.0,45.0,34.0,60.0,71.0,4.5,4.5,48.0,45 - 55,4.0,7.0,7.0,2.0,11.0,48.0,4.0,8.0,Tech,Healthcare,0.3,0.5,inf,0.2,0.4,0.7,2.1,0.2,1.5,2.1,0.5,0.4,2.2,1.9,,3.4,1.3,0.9,0.5,6.8,0.3,0.25,2.05,0.85,0.15,0.3,0.6,1.7,0.15,Striver,52.0,89.0,-20.0,-25.0,12.0,3.0,4.0,95,30,17,38,63,98,23,85,23,47,70,34,80,98,72,84,19,53,88,91,10,72,60,62,71,70,41,19,72,15
402.0,HBS,Men,Married,40th+,9.0,2.0,2,3.0,Kids,1.0,174356.0,3.0,150K – 250K,2.0,24.0,16.0,84.0,66.0,91.0,16.0,54.0,2.9,2.9,48.0,45 - 55,5.0,10.0,8.0,4.0,7.0,52.0,17.0,,Finance,Consulting,2.7,0.5,0.2,0.3,1.6,2.9,2.6,2.1,2.8,0.9,0.8,1.4,1.6,9.1,4.2,0.7,,3.6,1.9,8.8,3.5,2.25,2.45,0.2,0.25,1.3,2.4,2.2,1.75,Joy Seeker,42.0,12.0,-1.0,-6.0,-9.0,1.0,2.0,58,90,30,83,59,85,75,45,31,20,26,39,81,63,26,10,54,99,37,87,42,39,18,50,93,44,27,40,23,91
403.0,Xilio,Women,Married,15th,4.0,2.0,2,3.0,Kids,1.0,4428165.0,2.0,More than 1M,5.0,68.0,76.0,61.0,83.0,30.0,76.0,12.0,8.3,8.3,44.0,35 - 45,1.0,7.0,9.0,3.0,15.0,49.0,13.0,5.0,Consulting,Finance,1.5,0.1,inf,3.0,0.7,2.9,0.6,1.7,1.7,1.7,0.5,2.6,1.2,5.5,0.9,4.1,20.0,1.7,1.9,2.0,2.9,1.25,2.25,1.0,2.5,0.6,2.4,0.5,1.45,Purposeful Striver,70.0,15.0,-13.0,-7.0,-16.0,2.0,1.0,61,96,77,69,44,10,49,76,60,21,58,91,93,66,58,74,93,64,82,91,23,84,63,14,73,56,22,52,68,95
404.0,IWF,Women,Single,25th,6.0,3.0,3+,4.0,Kids,1.0,3129320.0,4.0,More than 1M,5.0,,97.0,63.0,43.0,26.0,97.0,18.0,6.8,6.8,78.0,Over 55,inf,3.0,0.0,4.0,3.0,53.0,,8.0,Consulting,Other,2.5,2.2,0.9,1.0,1.1,0.7,2.6,1.2,1.6,0.9,0.6,1.3,0.8,8.4,18.4,3.1,6.5,2.5,0.5,8.7,2.0,2.05,2.41,0.8,0.8,0.9,0.6,2.2,1.0,Purposeful Striver,15.0,59.0,8.0,3.0,1.0,2.0,5.0,51,89,34,27,94,64,12,18,32,51,85,20,85,29,90,71,38,64,11,11,73,77,71,75,66,30,13,86,45,91
405.0,IWF,Men,In a relationship,10th,3.0,0.0,0,1.0,No Kids,2.0,385612.0,4.0,250K – 500K,3.0,84.0,41.0,80.0,61.0,47.0,inf,23.0,3.2,3.2,70.0,Over 55,2.0,1.0,9.0,6.0,14.0,53.0,9.0,0.0,Consulting,Other,1.0,2.0,2.0,2.2,3.0,1.0,0.2,1.1,1.4,0.5,2.9,2.5,3.0,3.9,16.6,6.8,15.0,6.9,0.7,0.6,1.8,0.8,2.16,,1.85,2.45,0.85,0.15,0.9,Purpose Seeker,54.0,26.0,-18.0,-16.0,9.0,2.0,5.0,79,79,88,44,34,31,33,70,57,48,69,26,90,58,91,63,62,10,26,74,52,85,90,22,77,26,32,45,27,60
406.0,Xilio,Men,Married,1st,1.0,3.0,3+,4.0,Kids,1.0,3630333.0,2.0,More than 1M,5.0,34.0,47.0,68.0,37.0,29.0,47.0,32.0,7.7,7.7,42.0,35 - 45,7.0,1.0,5.0,7.0,0.0,49.0,5.0,4.0,Finance,Other,2.7,1.4,1.8,2.4,2.1,2.7,2.7,0.7,0.6,1.2,0.5,1.8,0.2,9.1,11.9,6.1,16.1,4.8,1.8,8.9,1.1,2.25,2.45,1.5,2.0,1.7,2.25,2.2,0.55,Joyful Striver,60.0,26.0,-5.0,-8.0,-5.0,1.0,5.0,24,81,77,52,37,49,28,62,80,80,29,35,19,16,32,69,38,17,67,29,67,82,18,72,55,64,71,44,14,75
407.0,IWF,Women,In a relationship,40th+,9.0,2.0,2,3.0,Kids,1.0,39435.0,3.0,Less than 150K,1.0,94.0,40.0,82.0,95.0,30.0,40.0,66.0,2.5,2.5,52.0,45 - 55,6.0,7.0,9.0,8.0,,54.0,15.0,1.0,Other,Other,1.2,2.5,1.1,2.6,2.8,2.9,1.0,2.0,0.0,0.7,0.8,0.6,0.1,,21.1,3.6,17.2,6.6,1.9,3.3,3.3,0.95,,0.9,2.15,2.35,2.4,0.8,1.65,Triumvirate,8.0,47.0,8.0,2.0,-1.0,5.0,5.0,63,34,54,100,24,10,27,27,59,20,59,32,95,38,81,55,32,13,83,43,50,41,18,91,37,97,63,77,23,26
408.0,HBS,Men,Married,5th,2.0,1.0,1,2.0,Kids,1.0,4671860.0,4.0,More than 1M,5.0,65.0,61.0,22.0,75.0,44.0,,59.0,8.5,8.5,63.0,Over 55,6.0,1.0,9.0,5.0,4.0,54.0,8.0,5.0,Healthcare,Consulting,0.0,2.4,0.7,3.0,0.4,1.3,0.9,2.9,0.7,1.6,,1.7,0.7,1.1,20.1,2.2,20.0,1.0,0.9,3.1,4.9,0.05,2.01,0.55,2.5,0.35,1.1,0.8,2.45,Joyful Striver,53.0,32.0,-22.0,9.0,2.0,4.0,2.0,69,91,69,20,13,74,73,52,98,45,12,65,66,57,22,14,66,94,18,50,90,84,33,99,86,15,83,64,34,74
409.0,IWF,Men,In a relationship,25th,6.0,1.0,1,2.0,Kids,1.0,1778014.0,4.0,More than 1M,5.0,74.0,38.0,85.0,20.0,27.0,38.0,13.0,5.2,5.2,56.0,Over 55,1.0,4.0,5.0,6.0,13.0,50.0,11.0,1.0,Finance,Finance,2.7,1.8,3.0,0.7,inf,1.0,1.5,0.5,1.5,0.6,1.8,1.5,2.9,9.1,14.6,9.9,4.8,2.7,0.6,5.1,0.9,2.25,2.45,2.45,0.6,0.95,0.8,,0.45,Flourisher,60.0,10.0,-1.0,17.0,-11.0,1.0,1.0,17,98,21,58,82,72,97,44,22,61,52,61,95,22,32,31,59,95,40,50,77,33,48,34,12,44,64,77,53,18
410.0,IWF,Men,In a relationship,5th,2.0,3.0,3+,4.0,Kids,1.0,3751309.0,2.0,inf,5.0,88.0,69.0,51.0,23.0,20.0,69.0,27.0,7.8,7.8,39.0,35 - 45,10.0,1.0,9.0,6.0,3.0,50.0,14.0,7.0,Other,Finance,0.3,2.6,1.4,0.1,1.7,1.6,2.8,1.8,1.1,1.5,0.5,1.2,2.9,1.8,21.7,4.5,0.8,3.9,1.1,9.4,3.0,0.25,2.05,1.15,0.1,1.4,1.3,2.35,1.5,Flourisher,5.0,16.0,-11.0,5.0,-22.0,5.0,1.0,62,21,41,47,36,63,44,72,94,40,66,57,46,12,66,99,30,62,75,84,48,16,84,53,46,59,78,56,48,22
411.0,Xilio,Men,In a relationship,25th,6.0,4.0,3+,4.0,Kids,1.0,,2.0,More than 1M,5.0,48.0,16.0,23.0,91.0,27.0,16.0,23.0,,8.5,40.0,35 - 45,1.0,3.0,10.0,4.0,6.0,52.0,19.0,2.0,Healthcare,Tech,1.0,0.6,2.1,1.2,0.2,2.1,0.1,1.3,1.3,0.5,2.4,0.4,2.0,3.9,5.1,6.9,8.2,0.5,,0.5,2.1,0.8,2.16,1.7,1.05,0.2,1.7,inf,1.05,Joy Seeker,68.0,71.0,-22.0,1.0,3.0,4.0,3.0,69,24,22,73,35,51,71,87,19,42,59,29,86,11,71,62,52,67,97,100,10,81,17,23,57,46,49,15,21,67
,IWF,Women,In a relationship,15th,4.0,4.0,3+,4.0,Kids,1.0,2318627.0,4.0,More than 1M,5.0,52.0,24.0,79.0,98.0,98.0,24.0,73.0,5.2,,64.0,Over 55,8.0,8.0,8.0,1.0,0.0,53.0,0.0,5.0,Consulting,Consulting,2.9,0.3,0.4,0.4,0.0,0.8,1.1,1.3,2.9,2.0,2.4,1.3,2.6,9.6,2.8,1.4,2.6,0.0,0.5,3.5,2.2,2.4,2.48,0.35,0.35,0.0,0.7,,1.1,Purposeful Striver,6.0,17.0,19.0,-15.0,-17.0,2.0,2.0,14,68,40,78,28,30,10,13,64,22,77,11,100,25,63,79,19,46,71,32,50,98,34,78,28,22,23,37,70,39
413.0,IWF,Women,In a relationship,40th+,9.0,3.0,3+,4.0,Kids,1.0,794121.0,inf,500K - 1M,4.0,inf,62.0,56.0,23.0,17.0,62.0,34.0,3.2,3.2,36.0,35 - 45,10.0,9.0,3.0,1.0,12.0,49.0,14.0,9.0,Finance,Healthcare,2.9,0.8,1.5,0.1,2.0,2.2,2.6,0.8,1.1,2.3,0.7,0.2,0.6,9.6,6.7,4.9,0.4,4.7,1.5,8.6,1.3,2.4,2.48,1.2,0.05,1.7,1.85,2.15,0.65,Joyful Striver,47.0,23.0,-14.0,12.0,1.0,1.0,4.0,77,35,87,17,26,88,34,50,18,27,90,97,73,15,29,41,85,58,28,47,54,10,75,68,92,34,37,39,71,40
414.0,HBS,Women,Single,10th,3.0,0.0,0,1.0,No Kids,2.0,1199748.0,4.0,More than 1M,5.0,94.0,85.0,78.0,15.0,66.0,85.0,41.0,5.1,5.1,67.0,Over 55,9.0,8.0,7.0,11.0,15.0,49.0,7.0,0.0,Other,Other,1.7,0.2,0.1,1.1,1.9,0.2,1.2,2.5,1.4,0.3,0.9,0.3,2.9,6.2,1.4,0.3,7.2,4.5,0.1,4.0,4.1,1.45,2.29,0.05,inf,1.6,0.15,1.0,2.05,Triumvirate,55.0,26.0,6.0,,0.0,inf,5.0,15,35,29,43,52,90,54,54,88,50,59,40,88,54,95,20,39,76,90,53,97,12,19,65,26,10,81,36,62,32
415.0,Xilio,Men,In a relationship,10th,3.0,0.0,0,1.0,No Kids,2.0,3532630.0,2.0,More than 1M,5.0,54.0,35.0,73.0,70.0,84.0,35.0,97.0,7.4,7.4,43.0,35 - 45,3.0,2.0,7.0,4.0,15.0,50.0,0.0,5.0,Healthcare,Other,1.9,1.6,1.5,2.4,1.2,0.1,0.6,1.5,0.4,1.4,2.8,1.2,0.4,6.7,13.3,5.1,15.7,2.9,0.1,2.0,2.4,1.6,2.32,1.25,1.95,1.05,0.1,0.5,1.2,Joy Seeker,40.0,85.0,6.0,-18.0,-7.0,4.0,5.0,56,56,27,57,50,31,58,59,61,67,46,36,95,80,61,19,60,28,83,76,97,37,33,61,91,58,89,78,62,72
416.0,IWF,Women,In a relationship,10th,3.0,4.0,3+,4.0,Kids,1.0,2612115.0,4.0,More than 1M,5.0,21.0,39.0,81.0,76.0,42.0,39.0,20.0,5.7,5.7,76.0,Over 55,4.0,9.0,9.0,9.0,9.0,55.0,6.0,5.0,Consulting,Consulting,1.3,2.8,2.9,1.7,1.5,1.2,1.3,1.6,0.1,0.2,2.5,0.9,0.3,5.0,23.4,9.6,11.3,inf,0.8,4.2,2.7,1.1,2.22,2.4,1.4,1.2,0.95,1.05,1.35,Purposeful Striver,52.0,86.0,2.0,8.0,2.0,2.0,2.0,64,41,69,65,51,47,98,88,11,65,55,11,49,14,32,48,42,10,64,71,88,52,89,75,91,44,80,48,37,37
417.0,Xilio,Men,Married,1st,1.0,1.0,1,2.0,inf,1.0,1137677.0,4.0,More than 1M,5.0,10.0,11.0,28.0,91.0,36.0,11.0,62.0,5.1,5.1,59.0,Over 55,10.0,8.0,3.0,7.0,13.0,55.0,10.0,1.0,Other,Other,0.9,0.1,1.2,0.9,1.2,1.1,1.2,0.9,2.3,1.8,2.1,2.8,0.3,3.6,1.0,3.8,6.3,2.9,0.7,3.9,1.5,0.75,2.15,0.95,0.8,1.05,0.9,0.95,0.75,Triumvirate,16.0,7.0,-13.0,-14.0,-9.0,5.0,5.0,49,19,72,85,59,89,25,37,34,33,51,87,69,65,44,40,27,38,37,21,90,55,92,77,96,92,76,44,44,68
418.0,Xilio,Women,Single,30th,7.0,3.0,3+,4.0,Kids,1.0,318790.0,4.0,250K – 500K,3.0,94.0,54.0,54.0,64.0,51.0,54.0,43.0,3.4,3.4,68.0,Over 55,1.0,7.0,6.0,7.0,5.0,55.0,17.0,9.0,Finance,Finance,1.0,0.4,0.1,2.0,0.1,0.9,2.7,0.5,1.7,inf,0.2,1.1,1.7,4.0,3.1,0.4,13.1,0.2,0.6,9.2,0.9,0.8,2.16,0.1,1.65,0.05,0.8,2.3,0.45,Purpose Seeker,,14.0,5.0,12.0,17.0,1.0,1.0,61,25,15,74,93,17,28,51,22,82,24,13,57,80,76,21,87,96,59,39,22,10,68,21,49,62,38,53,74,19
419.0,Xilio,Men,Married,5th,2.0,inf,1,2.0,Kids,1.0,2674489.0,4.0,More than 1M,5.0,11.0,58.0,39.0,43.0,31.0,58.0,29.0,6.8,6.8,65.0,Over 55,0.0,4.0,7.0,7.0,15.0,55.0,8.0,4.0,Healthcare,Other,2.0,1.4,0.1,0.7,1.0,1.5,2.3,0.3,2.3,1.6,1.3,2.3,2.3,7.1,11.3,0.3,4.6,2.3,1.0,7.6,0.4,1.7,2.34,0.1,0.6,0.85,1.25,1.9,0.2,Joyful Striver,30.0,79.0,-12.0,-25.0,15.0,4.0,5.0,25,80,41,40,49,71,32,89,60,40,42,22,28,41,43,89,31,42,74,96,80,47,40,84,59,61,70,24,12,98
420.0,IWF,Men,Single,15th,4.0,0.0,0,1.0,No Kids,2.0,1438836.0,2.0,More than 1M,5.0,57.0,77.0,34.0,85.0,80.0,77.0,63.0,4.7,4.7,44.0,35 - 45,7.0,4.0,10.0,8.0,9.0,55.0,5.0,8.0,Consulting,Consulting,2.3,2.8,1.2,0.0,0.5,1.0,1.5,2.1,0.4,1.6,1.7,1.6,1.1,7.8,23.3,3.9,0.3,1.2,0.6,5.1,3.6,1.9,2.38,0.95,0.05,0.45,0.8,1.25,1.8,Joy Seeker,19.0,7.0,-6.0,5.0,16.0,2.0,2.0,22,26,52,13,48,56,92,85,67,64,89,44,81,58,42,47,73,61,12,74,18,100,20,77,82,63,77,92,52,99
421.0,Xilio,Women,Married,1st,1.0,4.0,3+,4.0,Kids,1.0,1671249.0,2.0,More than 1M,5.0,80.0,95.0,91.0,73.0,30.0,95.0,74.0,6.0,6.0,36.0,35 - 45,10.0,8.0,6.0,,2.0,50.0,6.0,,Healthcare,Tech,2.4,0.9,0.5,2.3,0.3,0.6,3.0,0.6,1.7,2.8,0.6,2.1,2.9,8.1,7.9,1.6,15.3,0.7,0.4,9.9,1.0,2.0,2.4,0.4,1.9,0.25,0.5,2.45,0.5,Flourisher,17.0,9.0,-8.0,-22.0,-6.0,4.0,3.0,39,32,11,59,32,26,34,78,43,19,20,81,42,22,55,76,30,50,88,50,72,44,15,52,38,85,18,41,59,35
422.0,HBS,Men,In a relationship,10th,3.0,3.0,3+,4.0,Kids,inf,4874723.0,3.0,More than 1M,5.0,40.0,42.0,52.0,63.0,74.0,42.0,77.0,9.7,9.7,49.0,45 - 55,3.0,6.0,8.0,9.0,4.0,51.0,16.0,4.0,Healthcare,Other,2.4,1.5,0.1,1.9,2.9,0.9,1.4,2.1,0.8,1.6,1.3,0.8,1.3,8.1,12.7,0.2,12.5,6.7,0.6,4.7,3.5,1.95,2.39,0.05,1.55,2.4,0.75,1.15,1.75,Joyful Striver,63.0,48.0,3.0,19.0,19.0,4.0,5.0,28,35,69,78,61,26,25,10,44,69,29,75,53,39,90,75,10,32,61,29,32,83,79,82,60,56,26,38,80,86
423.0,IWF,Women,In a relationship,15th,4.0,3.0,3+,4.0,Kids,1.0,3723305.0,4.0,More than 1M,5.0,76.0,49.0,41.0,20.0,95.0,49.0,90.0,7.3,7.3,56.0,Over 55,6.0,9.0,2.0,9.0,12.0,48.0,17.0,4.0,Consulting,Tech,0.3,0.1,2.3,2.3,1.8,2.9,0.2,1.2,0.7,1.7,1.8,2.8,0.5,1.8,1.0,7.6,15.2,4.2,1.9,0.6,2.0,0.25,2.05,1.9,1.9,1.5,2.45,0.15,1.0,Purposeful Striver,19.0,72.0,-20.0,-21.0,14.0,2.0,3.0,26,94,32,39,56,99,63,48,12,11,33,15,46,34,54,61,24,14,19,15,63,85,41,83,51,52,58,72,18,26
424.0,Xilio,,Married,10th,3.0,2.0,2,3.0,Kids,1.0,4496271.0,4.0,More than 1M,5.0,74.0,24.0,26.0,16.0,32.0,inf,21.0,8.9,8.9,77.0,Over 55,6.0,10.0,4.0,6.0,9.0,53.0,10.0,6.0,inf,Finance,1.5,0.4,1.4,0.1,2.2,1.2,0.8,1.2,0.0,1.2,1.0,1.6,1.4,5.4,3.7,4.6,0.8,5.1,0.8,2.6,2.1,1.25,2.25,1.15,0.1,1.8,1.05,0.65,1.05,Purposeful Striver,58.0,59.0,6.0,4.0,13.0,1.0,,72,95,92,97,72,22,82,99,68,24,73,40,98,94,28,14,45,80,30,84,56,83,48,100,38,29,72,15,45,49
425.0,Xilio,Women,In a relationship,20th,5.0,2.0,2,3.0,Kids,1.0,4415536.0,1.0,More than 1M,5.0,30.0,88.0,55.0,10.0,82.0,88.0,98.0,8.6,8.6,33.0,0 - 35,1.0,0.0,5.0,10.0,2.0,54.0,17.0,8.0,Tech,Finance,0.2,3.0,0.9,2.5,0.9,1.3,1.3,1.4,0.4,2.8,2.3,2.5,2.0,1.5,24.7,2.9,16.7,2.2,0.9,4.4,2.3,0.15,2.03,0.7,2.1,0.8,1.1,1.1,1.15,Purpose Seeker,55.0,87.0,3.0,-2.0,-3.0,3.0,1.0,28,16,40,68,78,26,10,26,79,12,89,19,45,69,96,20,56,66,46,13,48,63,57,15,75,42,93,99,32,77
426.0,IWF,Men,Single,20th,5.0,0.0,0,1.0,No Kids,2.0,1382695.0,4.0,More than 1M,5.0,71.0,19.0,64.0,10.0,27.0,19.0,83.0,,5.3,70.0,Over 55,8.0,8.0,2.0,1.0,12.0,51.0,3.0,5.0,Tech,Consulting,1.6,2.9,2.7,1.9,1.2,1.7,inf,1.1,0.9,2.3,2.5,1.1,2.5,5.9,24.1,9.0,12.4,2.8,1.2,1.6,1.8,1.35,2.27,2.25,1.55,1.0,1.45,0.4,0.9,Striver,90.0,82.0,17.0,-23.0,6.0,3.0,2.0,67,23,14,76,52,47,51,100,57,52,74,30,90,68,24,34,63,15,24,19,96,33,22,24,26,25,87,36,97,32
427.0,HBS,Women,Single,5th,2.0,4.0,3+,4.0,inf,1.0,2136692.0,2.0,More than 1M,5.0,22.0,65.0,87.0,20.0,79.0,65.0,32.0,5.1,5.1,44.0,35 - 45,4.0,2.0,3.0,10.0,4.0,54.0,11.0,3.0,Tech,Tech,1.3,0.0,0.3,1.7,0.7,3.0,2.8,0.3,0.4,0.9,1.0,0.3,1.4,5.0,0.1,1.2,11.3,1.7,2.0,9.5,0.5,1.1,2.22,0.3,1.4,0.6,2.45,2.35,0.25,Triumvirate,90.0,39.0,-24.0,-15.0,7.0,3.0,3.0,64,88,92,84,57,90,28,97,73,40,97,83,97,94,87,44,95,58,96,60,35,37,68,51,40,87,55,37,83,44
428.0,Xilio,Women,In a relationship,1st,1.0,2.0,2,3.0,Kids,1.0,1619228.0,4.0,More than 1M,5.0,78.0,21.0,67.0,77.0,45.0,21.0,55.0,5.3,5.3,69.0,Over 55,0.0,9.0,8.0,11.0,14.0,48.0,9.0,9.0,Finance,Finance,2.7,2.9,2.9,1.9,0.3,0.7,2.3,0.9,3.0,2.5,2.5,2.0,1.8,9.0,23.8,9.6,12.5,0.7,0.5,7.7,1.5,2.2,2.44,2.4,1.55,0.25,0.6,1.9,inf,Triumvirate,62.0,18.0,-3.0,19.0,20.0,1.0,1.0,99,16,43,54,43,87,43,44,28,79,97,32,30,37,75,44,41,31,87,47,10,31,76,40,61,16,22,14,59,84
429.0,HBS,Women,In a relationship,5th,2.0,2.0,2,3.0,Kids,,3573555.0,4.0,More than 1M,5.0,75.0,42.0,19.0,49.0,31.0,42.0,59.0,7.8,7.8,67.0,Over 55,2.0,4.0,9.0,2.0,5.0,51.0,16.0,2.0,Consulting,Consulting,1.1,1.9,0.9,2.6,0.5,2.0,0.8,2.0,0.9,1.3,0.3,0.0,0.8,4.2,16.0,3.1,17.3,1.3,1.4,2.7,3.3,0.9,2.18,0.8,2.15,0.45,1.7,0.65,1.65,Joy Seeker,23.0,59.0,-7.0,-22.0,-21.0,2.0,2.0,99,18,19,13,49,54,89,55,76,76,82,12,11,67,48,31,67,86,88,10,23,25,65,95,48,79,54,50,64,85
430.0,HBS,Men,Single,10th,3.0,4.0,3+,4.0,Kids,1.0,2679103.0,4.0,More than 1M,5.0,67.0,59.0,12.0,64.0,70.0,59.0,60.0,5.3,5.3,65.0,Over 55,4.0,8.0,3.0,,11.0,51.0,4.0,0.0,Finance,,0.4,2.6,2.7,1.8,2.4,2.1,1.8,2.0,0.4,2.5,2.5,1.4,1.9,2.1,21.7,8.9,11.7,5.6,inf,5.9,3.3,0.3,2.06,inf,1.45,2.0,1.8,1.5,1.65,Purposeful Striver,9.0,17.0,5.0,0.0,17.0,1.0,2.0,71,57,98,35,84,15,64,51,91,65,95,41,40,29,27,46,55,85,83,17,83,22,50,62,69,30,62,65,21,18
431.0,HBS,Men,Married,10th,3.0,2.0,2,3.0,Kids,1.0,1130567.0,4.0,More than 1M,5.0,23.0,47.0,40.0,56.0,33.0,,54.0,3.7,3.7,58.0,Over 55,7.0,3.0,8.0,11.0,13.0,49.0,1.0,6.0,Tech,Tech,0.4,1.4,1.8,1.7,2.0,1.8,2.2,0.9,0.6,2.5,0.5,0.6,3.0,2.3,11.4,6.0,11.6,4.7,1.2,7.2,1.4,0.35,2.07,1.5,1.45,1.7,1.5,1.8,0.7,Striver,12.0,14.0,-21.0,1.0,8.0,3.0,3.0,32,81,11,36,70,44,27,48,82,72,85,29,39,43,79,95,63,13,18,90,74,71,65,15,60,45,26,63,92,88
432.0,Xilio,Women,In a relationship,25th,6.0,4.0,3+,4.0,Kids,1.0,2315903.0,2.0,More than 1M,5.0,84.0,16.0,52.0,20.0,20.0,16.0,67.0,4.7,4.7,36.0,35 - 45,0.0,4.0,6.0,11.0,10.0,52.0,11.0,9.0,Healthcare,,2.3,1.5,2.5,3.0,1.6,0.3,2.8,1.4,1.8,0.6,0.2,1.9,0.1,7.9,12.9,8.3,19.8,3.8,0.2,9.4,2.3,1.9,2.38,2.05,2.5,1.35,0.2,2.35,1.15,Joyful Striver,1.0,31.0,-7.0,20.0,14.0,4.0,5.0,18,68,20,55,59,23,43,99,85,84,26,83,85,14,68,64,42,81,53,92,78,52,44,42,93,95,56,89,41,54
433.0,HBS,Men,In a relationship,5th,2.0,2.0,2,3.0,Kids,1.0,3862065.0,2.0,More than 1M,5.0,26.0,77.0,20.0,38.0,66.0,77.0,26.0,7.5,7.5,40.0,35 - 45,7.0,0.0,10.0,4.0,0.0,52.0,16.0,8.0,Other,Healthcare,,1.5,3.0,2.3,1.4,inf,,0.6,0.2,2.1,1.9,2.9,2.7,6.6,12.2,9.8,15.1,3.3,1.4,8.8,1.0,1.55,2.31,2.45,1.9,1.2,1.7,2.2,0.5,Joyful Striver,58.0,24.0,8.0,17.0,-15.0,5.0,4.0,21,96,59,73,76,81,98,58,14,24,98,38,53,91,41,84,48,73,48,72,76,96,47,38,25,63,71,27,33,46
434.0,Xilio,Women,In a relationship,30th,7.0,1.0,1,2.0,Kids,1.0,4843296.0,1.0,More than 1M,5.0,87.0,81.0,99.0,56.0,48.0,81.0,12.0,9.2,9.2,32.0,0 - 35,7.0,,2.0,0.0,12.0,50.0,1.0,5.0,Tech,Finance,0.3,2.0,0.9,1.3,2.8,0.2,1.5,0.6,2.6,0.9,1.4,1.4,1.7,1.9,16.7,2.9,8.8,6.5,0.1,5.2,1.1,,2.05,0.7,1.1,2.3,0.15,1.3,0.55,Purposeful Striver,1.0,60.0,-16.0,1.0,-23.0,3.0,1.0,10,91,40,100,71,70,54,71,76,19,70,61,21,69,30,81,32,46,14,42,58,87,90,30,23,28,59,86,95,78
435.0,HBS,Men,Single,5th,2.0,0.0,0,1.0,No Kids,2.0,79115.0,4.0,Less than 150K,1.0,71.0,60.0,12.0,36.0,56.0,60.0,91.0,3.8,3.8,61.0,Over 55,10.0,9.0,inf,9.0,12.0,49.0,18.0,4.0,Healthcare,Healthcare,0.3,0.4,2.9,2.1,0.2,1.8,2.3,0.1,2.9,0.9,2.7,2.5,0.8,1.8,3.5,9.6,14.1,0.5,1.2,7.7,0.1,0.2,2.04,2.4,1.75,0.2,1.5,1.95,0.05,Triumvirate,34.0,45.0,-1.0,16.0,7.0,4.0,4.0,67,48,65,60,67,24,15,47,20,47,24,55,60,52,49,73,52,40,34,24,59,41,76,63,99,34,52,52,76,28
436.0,HBS,Men,In a relationship,10th,3.0,0.0,0,1.0,No Kids,2.0,3367690.0,2.0,More than 1M,5.0,11.0,55.0,12.0,87.0,30.0,55.0,30.0,7.1,7.1,42.0,35 - 45,4.0,8.0,1.0,2.0,7.0,51.0,12.0,0.0,Healthcare,Consulting,2.1,0.1,1.2,1.2,0.8,2.2,1.7,2.7,0.7,0.9,1.1,1.5,2.9,7.3,0.7,3.9,7.8,2.0,1.5,5.6,4.5,1.75,2.35,0.95,0.95,0.7,1.85,1.4,2.25,Triumvirate,48.0,3.0,-24.0,-20.0,-15.0,4.0,2.0,10,27,88,59,42,63,30,32,77,56,60,43,58,66,36,29,64,46,65,40,67,76,43,65,93,76,77,98,36,84
437.0,IWF,Men,In a relationship,5th,2.0,2.0,2,3.0,Kids,1.0,751747.0,1.0,500K - 1M,4.0,17.0,52.0,31.0,94.0,56.0,52.0,inf,4.7,4.7,30.0,0 - 35,0.0,8.0,10.0,7.0,8.0,55.0,8.0,1.0,Finance,Other,0.2,0.9,1.2,inf,1.0,0.6,1.7,0.6,1.4,2.2,0.9,1.5,,1.7,7.7,3.9,4.6,2.4,0.4,5.5,1.1,0.2,2.04,0.95,0.55,0.85,0.55,1.4,0.55,Triumvirate,89.0,37.0,-15.0,-11.0,-10.0,1.0,5.0,43,68,82,15,84,36,79,31,78,66,36,93,33,66,11,13,11,54,99,30,62,100,85,30,51,62,93,83,70,82
438.0,Xilio,Women,Single,20th,5.0,0.0,0,1.0,No Kids,2.0,4760530.0,2.0,More than 1M,5.0,70.0,74.0,16.0,74.0,33.0,74.0,15.0,8.0,8.0,38.0,35 - 45,0.0,1.0,9.0,2.0,4.0,51.0,12.0,0.0,Consulting,Other,,2.1,1.0,1.8,2.3,2.5,0.3,0.7,0.1,0.7,1.5,2.8,1.0,8.4,17.6,3.4,11.9,5.5,1.7,1.1,1.1,2.05,2.41,0.85,1.5,1.95,2.1,0.3,0.55,Joyful Striver,1.0,43.0,5.0,4.0,-8.0,2.0,5.0,57,26,96,68,25,22,57,13,10,59,95,70,33,84,89,27,75,99,73,12,100,92,97,64,60,84,84,38,28,36
439.0,HBS,Men,Married,15th,,2.0,2,3.0,Kids,1.0,3079851.0,3.0,More than 1M,5.0,93.0,23.0,93.0,18.0,43.0,23.0,inf,5.8,5.8,46.0,45 - 55,4.0,9.0,10.0,6.0,8.0,51.0,4.0,6.0,Other,Healthcare,2.1,0.6,1.6,2.8,3.0,0.1,0.4,0.8,1.9,0.0,1.4,,0.5,7.4,5.0,5.4,18.6,6.9,0.1,1.3,1.4,1.75,2.35,1.35,2.3,2.5,0.1,0.3,0.7,Joyful Striver,16.0,40.0,-11.0,16.0,4.0,5.0,4.0,98,23,92,24,91,40,48,58,100,80,83,81,69,63,48,60,47,17,81,75,66,95,79,67,33,57,95,19,82,22
440.0,IWF,Men,Married,10th,3.0,4.0,3+,4.0,Kids,1.0,2853100.0,2.0,More than 1M,5.0,89.0,12.0,12.0,94.0,27.0,12.0,91.0,6.4,6.4,45.0,35 - 45,6.0,2.0,1.0,1.0,13.0,52.0,13.0,7.0,Consulting,Healthcare,0.2,2.0,0.5,2.8,0.7,2.5,1.6,0.4,1.2,2.1,1.0,2.4,0.7,1.7,16.8,1.5,18.6,1.7,1.7,5.3,0.6,0.2,2.04,0.4,2.3,0.6,2.1,1.3,0.3,Triumvirate,61.0,90.0,-17.0,11.0,-16.0,inf,4.0,10,40,18,39,57,44,40,68,72,24,70,80,20,90,95,77,38,49,95,44,95,66,20,73,91,51,81,15,60,66
441.0,Xilio,Men,Married,5th,2.0,3.0,3+,4.0,Kids,1.0,3014626.0,4.0,More than 1M,5.0,80.0,22.0,10.0,26.0,17.0,22.0,52.0,6.8,inf,78.0,Over 55,1.0,8.0,6.0,3.0,13.0,50.0,10.0,2.0,Tech,Other,0.3,2.9,1.7,1.0,2.6,1.4,0.8,1.9,0.8,0.5,2.1,inf,2.5,1.8,24.2,,6.8,6.1,0.9,,3.2,0.2,2.04,1.4,0.85,2.2,1.15,0.65,1.6,Purposeful Striver,64.0,55.0,-3.0,11.0,-8.0,3.0,5.0,25,33,30,51,19,69,19,82,38,27,67,79,22,54,65,29,76,14,61,50,27,74,36,95,52,56,37,89,73,69
442.0,Xilio,inf,In a relationship,20th,5.0,0.0,0,1.0,No Kids,2.0,1434330.0,1.0,More than 1M,5.0,,86.0,24.0,,34.0,86.0,79.0,4.7,4.7,35.0,0 - 35,9.0,2.0,0.0,5.0,6.0,52.0,4.0,0.0,Finance,Other,3.0,0.3,1.6,1.6,2.5,0.7,0.1,0.2,0.6,0.3,2.3,1.6,1.8,9.9,2.3,5.4,10.6,5.8,0.4,0.2,0.4,2.45,2.49,1.35,1.3,2.1,0.55,0.05,0.2,Striver,63.0,87.0,-7.0,16.0,12.0,1.0,5.0,70,69,82,46,91,15,39,77,91,91,40,20,100,95,22,18,80,37,98,68,25,78,57,55,82,100,54,98,86,21
443.0,Xilio,Men,Married,5th,2.0,4.0,3+,4.0,Kids,1.0,281492.0,4.0,250K – 500K,3.0,99.0,42.0,87.0,51.0,12.0,42.0,49.0,2.3,2.3,68.0,Over 55,6.0,3.0,9.0,9.0,0.0,52.0,15.0,0.0,Healthcare,Tech,1.1,2.0,2.3,0.6,0.7,0.4,2.2,0.4,2.0,0.7,2.6,0.7,2.7,4.4,16.8,7.6,4.2,1.6,0.3,7.2,0.7,0.95,2.19,1.9,0.55,0.55,0.35,1.8,0.35,Joy Seeker,69.0,39.0,-17.0,11.0,-7.0,4.0,3.0,73,54,37,51,47,78,27,80,21,97,100,91,81,46,65,89,45,90,85,25,11,58,33,93,28,51,50,13,11,18
444.0,HBS,Women,In a relationship,40th+,9.0,1.0,1,2.0,Kids,1.0,4065851.0,1.0,More than 1M,5.0,79.0,36.0,13.0,inf,27.0,36.0,24.0,7.8,7.8,31.0,0 - 35,3.0,6.0,5.0,9.0,4.0,51.0,5.0,1.0,Other,Finance,1.1,1.3,2.5,3.0,1.2,2.9,0.1,1.9,1.2,1.1,2.9,1.3,0.7,4.3,11.1,8.3,19.9,2.8,1.9,0.3,3.2,0.95,2.19,2.1,2.5,1.0,2.4,0.1,1.6,Flourisher,22.0,15.0,9.0,,10.0,5.0,1.0,72,12,71,44,28,95,69,96,86,11,21,98,83,93,75,35,38,96,18,65,22,42,27,31,93,11,45,43,45,86
445.0,HBS,Women,Single,5th,2.0,1.0,1,2.0,Kids,1.0,521072.0,2.0,500K - 1M,4.0,10.0,96.0,14.0,92.0,85.0,96.0,72.0,2.9,2.9,44.0,35 - 45,6.0,9.0,6.0,11.0,12.0,50.0,5.0,1.0,Finance,Other,2.4,2.6,1.3,2.9,1.2,0.2,1.8,1.0,0.5,1.4,0.8,1.5,0.4,8.3,21.7,4.4,19.6,2.9,0.1,6.0,1.7,2.05,2.41,1.1,2.45,1.0,0.2,1.5,0.85,Striver,67.0,4.0,-5.0,-3.0,-13.0,1.0,5.0,78,46,16,96,45,67,97,11,50,93,55,72,81,57,87,34,46,18,19,54,54,28,36,69,70,15,100,92,20,93
446.0,HBS,Men,In a relationship,15th,4.0,2.0,2,3.0,Kids,1.0,1116880.0,3.0,More than 1M,5.0,80.0,16.0,18.0,70.0,13.0,16.0,10.0,4.6,4.6,47.0,45 - 55,4.0,9.0,5.0,2.0,2.0,55.0,15.0,1.0,Tech,inf,2.8,0.5,0.9,1.9,2.9,0.6,1.6,2.1,2.1,0.1,2.1,2.5,0.0,9.5,4.4,3.0,13.0,6.8,0.4,5.4,3.5,2.35,2.47,0.75,1.6,2.45,0.5,1.35,1.75,Joy Seeker,76.0,86.0,-17.0,-20.0,20.0,3.0,2.0,31,52,89,15,68,58,82,58,11,52,40,30,73,63,65,77,96,11,19,68,89,45,63,20,72,55,93,42,77,86
447.0,Xilio,Women,Single,15th,4.0,4.0,3+,4.0,Kids,1.0,4729303.0,4.0,More than 1M,5.0,59.0,66.0,26.0,88.0,84.0,66.0,95.0,8.9,8.9,72.0,Over 55,6.0,1.0,8.0,4.0,13.0,55.0,19.0,4.0,Healthcare,Other,3.0,2.1,0.8,2.4,0.5,1.0,2.9,inf,1.7,2.9,1.2,2.7,1.5,9.9,17.3,2.6,16.1,1.3,0.7,9.7,2.8,2.45,2.49,0.65,2.0,0.45,0.85,2.4,1.4,Joy Seeker,26.0,25.0,2.0,-22.0,-23.0,4.0,5.0,76,49,25,77,72,32,24,97,46,35,41,12,29,57,37,50,54,72,82,59,81,79,64,56,35,75,42,13,77,36
448.0,IWF,Women,Married,40th+,9.0,0.0,0,1.0,No Kids,2.0,4555897.0,4.0,More than 1M,5.0,18.0,77.0,36.0,,70.0,77.0,17.0,8.0,8.0,66.0,Over 55,9.0,2.0,0.0,4.0,15.0,50.0,16.0,0.0,Tech,Tech,2.3,2.5,0.6,2.1,2.4,1.9,1.5,0.8,2.6,inf,2.0,1.2,3.0,7.8,21.0,1.9,14.3,5.6,1.2,4.8,1.3,1.9,2.38,0.5,1.8,2.0,1.55,1.2,0.65,Purposeful Striver,16.0,13.0,20.0,-8.0,-16.0,3.0,3.0,85,99,13,27,86,98,13,40,54,80,41,91,81,15,73,68,25,60,71,94,52,24,30,40,44,90,34,53,73,99
449.0,IWF,Women,Single,20th,5.0,1.0,1,2.0,Kids,1.0,2085723.0,3.0,More than 1M,5.0,15.0,19.0,91.0,35.0,77.0,19.0,62.0,5.2,5.2,55.0,45 - 55,5.0,4.0,inf,2.0,13.0,50.0,inf,8.0,Consulting,Tech,1.1,2.8,0.2,1.8,1.0,1.6,0.2,2.0,0.4,1.0,1.4,0.1,2.1,4.4,23.6,0.6,,2.3,1.1,0.6,3.3,0.95,2.19,0.15,1.5,0.85,1.35,0.15,1.65,Triumvirate,51.0,82.0,-19.0,-17.0,12.0,2.0,3.0,35,64,13,82,55,43,72,49,89,47,62,97,82,43,80,54,40,40,99,21,81,33,68,86,76,49,28,85,10,72
450.0,IWF,Men,Married,10th,3.0,1.0,1,2.0,Kids,1.0,2278988.0,2.0,More than 1M,5.0,81.0,29.0,49.0,31.0,82.0,29.0,48.0,5.2,5.2,37.0,35 - 45,5.0,7.0,7.0,3.0,2.0,53.0,13.0,5.0,,Healthcare,0.3,2.0,1.0,0.2,2.2,0.4,1.7,0.3,2.4,1.0,3.0,2.6,0.9,1.8,17.1,3.4,1.1,5.1,0.3,5.5,0.6,0.2,2.04,0.85,0.15,1.85,0.3,1.4,0.3,Triumvirate,86.0,33.0,-10.0,3.0,-25.0,1.0,4.0,25,96,49,38,12,35,49,57,57,51,70,19,80,72,91,50,43,16,100,21,63,36,43,27,65,67,56,40,98,38
451.0,Xilio,Men,Single,1st,1.0,0.0,0,1.0,No Kids,2.0,4333244.0,4.0,More than 1M,5.0,40.0,81.0,24.0,90.0,34.0,81.0,54.0,8.2,8.2,67.0,Over 55,2.0,8.0,9.0,2.0,11.0,52.0,11.0,4.0,inf,Tech,2.3,1.5,0.8,1.4,1.3,0.9,2.5,1.6,2.0,1.3,2.2,0.5,2.6,8.0,12.4,2.7,9.1,2.9,0.6,8.4,2.7,1.95,2.39,0.7,1.15,1.05,0.7,2.1,1.35,Joyful Striver,57.0,16.0,-10.0,-13.0,1.0,1.0,3.0,60,48,26,86,83,56,18,60,33,14,55,36,87,87,73,47,59,39,69,42,83,58,67,31,49,87,94,89,35,31
452.0,Xilio,Women,Single,15th,4.0,0.0,0,1.0,No Kids,2.0,1344093.0,3.0,More than 1M,5.0,69.0,59.0,77.0,32.0,inf,59.0,90.0,5.1,5.1,54.0,45 - 55,5.0,9.0,8.0,4.0,0.0,52.0,13.0,1.0,Other,Consulting,1.7,1.9,2.9,2.0,1.7,0.7,3.0,1.3,0.3,1.9,2.9,1.9,2.3,6.0,15.4,9.7,13.5,4.0,0.5,10.0,2.2,1.4,2.28,2.4,1.7,1.45,0.6,2.5,1.1,Joyful Striver,29.0,42.0,7.0,-9.0,20.0,5.0,2.0,95,24,61,68,74,14,18,52,31,20,94,21,37,57,65,28,74,67,28,93,40,84,57,65,38,83,42,75,20,82
453.0,IWF,Women,Married,30th,7.0,2.0,2,3.0,Kids,1.0,2794673.0,2.0,More than 1M,5.0,27.0,34.0,51.0,46.0,10.0,34.0,11.0,5.8,5.8,inf,35 - 45,10.0,4.0,5.0,7.0,11.0,54.0,8.0,6.0,Healthcare,Tech,1.3,2.6,1.7,2.0,2.5,0.6,1.3,0.8,2.1,0.4,2.5,0.1,0.0,4.8,21.7,5.6,13.6,5.8,0.4,4.3,1.3,1.05,2.21,1.4,1.7,2.1,0.55,,0.65,Purpose Seeker,78.0,66.0,-22.0,19.0,-18.0,4.0,3.0,66,13,61,56,100,99,35,64,20,74,83,16,11,32,50,23,91,12,47,58,85,32,63,26,15,42,76,67,96,97
454.0,Xilio,Women,In a relationship,10th,3.0,1.0,1,2.0,Kids,1.0,3006242.0,4.0,More than 1M,5.0,22.0,81.0,70.0,27.0,34.0,81.0,10.0,6.8,6.8,,Over 55,2.0,3.0,6.0,6.0,14.0,55.0,0.0,9.0,Finance,Consulting,2.7,1.7,1.0,1.1,2.4,1.2,1.0,1.8,1.3,0.6,2.7,1.2,2.5,9.2,14.3,3.5,7.5,5.6,0.8,3.2,3.0,2.25,2.45,0.85,0.95,2.0,1.05,0.8,1.5,Striver,69.0,55.0,-22.0,6.0,20.0,1.0,2.0,38,95,45,26,17,29,13,97,67,43,89,26,52,93,50,30,71,60,15,30,18,42,27,47,61,71,23,69,11,28
455.0,IWF,Women,In a relationship,10th,3.0,4.0,3+,4.0,Kids,1.0,4610081.0,3.0,More than 1M,5.0,44.0,14.0,81.0,43.0,84.0,14.0,87.0,8.3,8.3,47.0,45 - 55,8.0,7.0,0.0,9.0,11.0,51.0,5.0,7.0,Tech,Tech,0.3,0.1,1.7,2.8,2.6,2.1,2.7,2.6,2.8,2.6,2.4,3.0,0.9,2.0,0.8,5.8,18.8,6.1,1.4,9.1,4.4,0.3,2.06,1.45,2.35,2.15,1.75,2.25,,Purposeful Striver,47.0,42.0,13.0,-4.0,16.0,3.0,3.0,87,34,47,31,60,15,90,58,55,10,16,74,17,22,13,24,52,65,24,69,82,50,12,34,10,21,88,11,92,47
456.0,Xilio,Men,In a relationship,15th,4.0,0.0,0,1.0,No Kids,2.0,2678790.0,4.0,More than 1M,5.0,87.0,10.0,91.0,30.0,88.0,10.0,73.0,5.8,5.8,79.0,Over 55,0.0,5.0,4.0,1.0,4.0,52.0,5.0,4.0,Other,Finance,1.5,2.8,0.4,0.5,0.2,0.7,0.6,3.0,0.4,0.8,1.4,0.3,0.4,5.4,23.3,1.4,3.3,0.4,0.4,1.9,5.0,1.25,2.25,0.35,0.4,0.15,0.55,0.5,2.5,Flourisher,62.0,34.0,14.0,-22.0,-9.0,5.0,1.0,78,22,59,77,90,79,25,99,38,92,13,73,22,56,66,12,65,82,56,61,57,65,33,41,61,58,42,45,49,48
457.0,Xilio,Women,In a relationship,30th,7.0,3.0,3+,4.0,Kids,1.0,3793024.0,1.0,More than 1M,5.0,25.0,32.0,96.0,16.0,90.0,32.0,74.0,7.5,7.5,35.0,0 - 35,4.0,5.0,9.0,10.0,8.0,50.0,6.0,6.0,Healthcare,Tech,0.0,2.1,inf,1.5,2.1,1.1,1.8,1.8,1.9,1.1,0.8,1.3,0.7,1.1,17.2,4.4,10.0,4.8,0.7,6.2,3.0,0.05,2.01,1.1,1.25,1.75,0.9,1.55,1.5,Striver,69.0,30.0,-9.0,-21.0,-17.0,4.0,,56,91,72,78,82,68,24,89,44,11,100,35,94,53,39,46,24,19,54,63,27,38,10,24,33,97,51,79,13,24
458.0,IWF,Women,Single,20th,5.0,1.0,1,2.0,Kids,1.0,2676791.0,4.0,More than 1M,5.0,14.0,42.0,90.0,84.0,52.0,42.0,98.0,5.7,5.7,72.0,Over 55,2.0,3.0,2.0,1.0,1.0,48.0,19.0,5.0,Healthcare,Consulting,1.4,2.0,1.9,2.1,0.4,1.2,1.2,1.2,1.1,2.6,1.1,0.9,1.4,5.2,16.9,6.3,13.8,1.0,0.8,4.1,2.0,1.15,2.23,1.55,1.75,0.35,1.0,1.0,1.0,Joy Seeker,76.0,13.0,11.0,11.0,-20.0,4.0,2.0,71,42,72,46,15,73,61,66,24,94,61,24,44,41,97,55,57,70,14,48,96,40,15,22,43,87,95,69,89,63
459.0,Xilio,Women,In a relationship,1st,1.0,,2,3.0,Kids,1.0,2740108.0,3.0,More than 1M,5.0,86.0,48.0,43.0,54.0,19.0,48.0,65.0,6.0,6.0,52.0,45 - 55,2.0,4.0,1.0,9.0,3.0,49.0,2.0,2.0,Other,Other,0.2,0.6,,2.1,1.2,2.9,0.1,0.7,2.9,2.0,0.1,2.7,1.3,1.5,5.4,4.9,13.9,2.9,2.0,0.4,1.1,0.15,2.03,1.2,1.75,1.05,2.45,0.1,0.55,Joyful Striver,16.0,13.0,13.0,15.0,17.0,5.0,5.0,78,25,71,58,98,27,78,86,69,29,98,42,32,35,93,25,58,59,87,58,20,74,28,67,16,14,74,32,46,41
460.0,IWF,Men,Married,20th,5.0,2.0,2,3.0,Kids,1.0,4863177.0,4.0,More than 1M,5.0,21.0,23.0,76.0,23.0,54.0,23.0,20.0,8.2,8.2,79.0,,1.0,9.0,2.0,3.0,11.0,50.0,4.0,2.0,Other,Consulting,0.4,2.0,1.2,1.9,inf,2.9,1.0,0.8,1.0,1.0,1.6,2.6,0.9,2.1,16.5,4.0,13.0,3.8,1.9,3.5,1.3,0.3,2.06,1.0,,1.35,2.4,0.85,0.65,Striver,90.0,18.0,3.0,-13.0,-1.0,5.0,2.0,85,51,16,22,48,13,14,24,51,70,40,71,55,62,55,23,90,56,62,73,71,27,95,99,84,60,56,56,70,55
461.0,Xilio,inf,Married,inf,6.0,4.0,3+,4.0,Kids,1.0,3383597.0,4.0,More than 1M,5.0,18.0,17.0,30.0,10.0,66.0,17.0,61.0,8.0,8.0,68.0,Over 55,7.0,0.0,4.0,3.0,3.0,52.0,4.0,5.0,Consulting,Tech,0.4,1.2,3.0,0.8,1.2,2.4,,1.4,2.9,2.1,1.5,0.7,0.5,2.1,9.8,9.9,5.5,2.8,1.6,2.7,2.4,0.3,2.06,2.5,0.7,1.0,2.0,0.65,1.2,Joy Seeker,90.0,32.0,10.0,8.0,13.0,2.0,3.0,25,75,36,43,69,26,29,36,52,96,84,56,24,23,65,18,53,99,75,95,93,91,52,59,20,78,44,55,100,70
462.0,Xilio,Women,Single,1st,1.0,1.0,1,2.0,Kids,1.0,95953.0,4.0,Less than 150K,1.0,81.0,85.0,28.0,34.0,83.0,85.0,31.0,3.1,3.1,69.0,Over 55,4.0,6.0,2.0,4.0,8.0,52.0,17.0,9.0,Consulting,Tech,1.9,2.0,2.6,0.5,1.6,0.7,2.1,1.1,2.7,0.1,1.6,0.2,2.3,6.8,16.3,8.8,3.1,3.6,0.5,6.9,1.8,1.6,2.32,2.2,0.4,1.3,0.6,1.7,0.9,Purpose Seeker,48.0,39.0,12.0,19.0,2.0,2.0,3.0,99,64,95,95,37,23,88,77,89,30,93,44,11,61,40,16,19,10,71,35,28,15,17,20,45,41,93,89,14,61
463.0,HBS,Women,Single,10th,3.0,4.0,3+,4.0,Kids,1.0,4019618.0,1.0,More than 1M,5.0,79.0,45.0,78.0,40.0,91.0,45.0,11.0,7.5,7.5,35.0,0 - 35,2.0,8.0,10.0,1.0,8.0,49.0,2.0,9.0,Finance,Healthcare,2.2,0.3,1.9,1.9,3.0,0.2,2.8,2.7,0.8,2.2,2.9,1.9,3.0,7.7,2.7,6.2,12.7,7.0,0.1,9.5,4.6,1.85,2.37,1.55,1.6,2.5,0.15,2.35,2.3,Joy Seeker,85.0,46.0,13.0,-4.0,7.0,1.0,4.0,99,51,23,62,63,87,27,89,83,97,45,74,70,45,97,23,29,66,32,80,99,61,78,22,29,58,41,53,24,43
464.0,Xilio,Men,Married,20th,5.0,4.0,3+,4.0,Kids,1.0,2627480.0,2.0,More than 1M,5.0,84.0,25.0,22.0,48.0,23.0,25.0,12.0,6.2,6.2,40.0,35 - 45,2.0,1.0,4.0,10.0,11.0,49.0,0.0,6.0,inf,Consulting,1.8,2.0,1.7,1.8,0.4,1.0,0.8,1.1,2.4,1.5,2.7,1.0,2.3,6.3,16.4,5.7,12.0,0.9,0.6,2.7,1.8,1.45,2.29,1.4,1.5,0.35,0.8,0.65,0.9,Purpose Seeker,39.0,29.0,inf,-3.0,11.0,1.0,2.0,57,43,80,96,46,22,11,73,58,77,63,81,85,17,16,15,79,47,53,16,83,49,61,59,72,69,64,28,96,82
465.0,HBS,Women,In a relationship,30th,7.0,4.0,3+,4.0,Kids,1.0,4227571.0,1.0,More than 1M,5.0,62.0,25.0,44.0,91.0,29.0,25.0,68.0,8.0,8.0,31.0,0 - 35,8.0,9.0,0.0,10.0,4.0,53.0,9.0,4.0,Consulting,Finance,2.9,3.0,1.9,0.5,2.0,0.8,2.4,1.1,3.0,2.4,0.5,2.0,0.9,9.7,25.0,6.2,3.6,4.7,0.5,8.1,1.9,2.4,2.48,1.55,0.45,1.7,0.65,2.05,0.95,Flourisher,33.0,62.0,9.0,-23.0,-17.0,2.0,1.0,94,39,95,60,18,16,22,39,73,21,63,85,73,49,99,94,17,71,61,81,33,74,82,47,89,55,63,58,76,44
466.0,HBS,Men,Single,20th,5.0,2.0,2,3.0,Kids,1.0,2952097.0,2.0,More than 1M,5.0,67.0,56.0,84.0,31.0,62.0,56.0,45.0,6.4,6.4,38.0,35 - 45,1.0,3.0,4.0,9.0,13.0,54.0,18.0,2.0,Healthcare,Healthcare,1.1,0.1,0.6,2.1,1.2,1.5,0.2,1.2,0.8,2.9,1.1,0.1,0.7,4.4,1.2,2.0,14.1,2.8,1.0,0.6,1.9,0.95,2.19,0.5,1.75,1.0,1.25,0.15,0.95,Striver,23.0,62.0,-19.0,16.0,-8.0,4.0,4.0,48,22,14,12,91,53,13,45,41,31,26,92,61,95,86,24,54,88,55,71,22,51,56,10,72,77,85,97,91,79
467.0,IWF,Men,In a relationship,30th,7.0,4.0,3+,4.0,Kids,1.0,187164.0,1.0,150K – 250K,2.0,96.0,,27.0,73.0,21.0,65.0,10.0,3.5,3.5,35.0,0 - 35,6.0,7.0,0.0,10.0,15.0,53.0,4.0,2.0,Other,Healthcare,0.9,2.9,1.2,1.4,0.4,2.3,1.6,2.5,1.3,2.8,1.3,0.4,0.7,3.6,24.4,4.0,9.1,0.9,1.6,5.4,4.2,0.7,2.14,1.0,1.15,0.35,1.95,1.35,2.1,Purposeful Striver,10.0,57.0,1.0,8.0,-5.0,5.0,4.0,42,22,64,51,65,24,51,76,73,29,84,34,45,31,63,61,43,98,28,99,55,77,94,48,78,50,60,67,35,46
468.0,HBS,Men,In a relationship,15th,4.0,inf,3+,4.0,Kids,1.0,4759930.0,4.0,More than 1M,5.0,18.0,58.0,97.0,23.0,31.0,58.0,33.0,9.1,9.1,74.0,Over 55,2.0,5.0,2.0,,9.0,49.0,12.0,0.0,Other,Healthcare,2.6,1.2,0.1,2.0,0.5,2.6,0.2,2.0,1.6,2.7,1.1,2.1,0.4,8.8,10.2,0.4,13.4,1.1,1.7,0.7,3.3,2.15,2.43,0.1,1.65,0.4,2.15,0.2,1.65,Joyful Striver,69.0,16.0,2.0,6.0,-24.0,5.0,4.0,32,27,11,41,68,28,83,95,11,91,39,66,76,25,17,81,60,79,97,97,62,41,37,36,97,90,89,100,15,87
469.0,,Men,,40th+,9.0,2.0,2,3.0,Kids,1.0,2258636.0,3.0,More than 1M,5.0,99.0,70.0,98.0,45.0,93.0,70.0,90.0,5.4,5.4,50.0,45 - 55,2.0,7.0,7.0,8.0,8.0,53.0,8.0,1.0,Consulting,Tech,0.7,2.6,1.4,2.5,2.8,2.5,2.8,1.8,0.9,1.5,2.4,0.6,1.7,3.0,21.8,4.8,16.7,6.6,1.7,9.3,3.1,0.55,2.11,1.2,2.1,2.35,2.1,2.35,1.55,Joyful Striver,34.0,56.0,-4.0,19.0,17.0,2.0,3.0,19,41,71,60,94,72,70,95,33,10,31,41,78,100,64,43,13,91,93,33,38,19,55,45,39,76,68,16,53,70
470.0,IWF,Men,Single,25th,6.0,0.0,0,1.0,No Kids,2.0,561831.0,4.0,500K - 1M,4.0,88.0,85.0,33.0,58.0,85.0,85.0,12.0,3.4,3.4,56.0,Over 55,7.0,8.0,2.0,3.0,10.0,53.0,18.0,1.0,Tech,Healthcare,2.9,2.3,1.6,0.5,2.6,1.1,2.3,1.0,0.0,1.1,1.6,2.6,inf,9.7,19.6,5.4,3.4,6.2,0.7,7.7,1.7,2.4,2.48,1.35,0.4,2.2,0.9,1.9,0.85,inf,52.0,10.0,-12.0,-5.0,12.0,3.0,4.0,78,48,100,94,11,44,17,58,96,39,52,72,76,69,78,10,48,74,56,49,45,78,13,41,39,22,81,50,67,58
471.0,HBS,Women,In a relationship,40th+,9.0,1.0,1,2.0,Kids,1.0,3019475.0,4.0,More than 1M,5.0,89.0,23.0,55.0,13.0,42.0,23.0,52.0,6.5,6.5,58.0,inf,2.0,3.0,0.0,1.0,11.0,55.0,3.0,3.0,Other,Healthcare,0.0,1.7,0.7,0.1,2.7,2.1,2.0,2.5,,1.4,1.7,0.2,2.1,1.1,14.2,2.3,0.4,6.3,1.4,6.6,4.1,0.05,2.01,0.55,0.05,2.25,1.7,1.65,2.05,Flourisher,10.0,30.0,-19.0,20.0,14.0,5.0,4.0,43,55,30,55,70,90,76,85,75,33,36,21,56,69,53,78,93,71,100,85,80,18,97,50,93,27,23,87,90,18
472.0,Xilio,Men,In a relationship,40th+,9.0,1.0,1,2.0,Kids,1.0,3236420.0,4.0,More than 1M,5.0,41.0,42.0,78.0,85.0,52.0,42.0,41.0,5.7,5.7,70.0,Over 55,1.0,2.0,9.0,7.0,1.0,55.0,2.0,3.0,Consulting,Finance,2.9,2.2,2.9,2.3,3.0,0.9,2.5,0.1,0.8,2.1,,0.6,2.0,9.7,18.5,9.6,15.6,6.9,0.6,8.2,0.2,2.4,2.48,2.4,1.95,2.5,0.8,2.05,0.1,Joyful Striver,19.0,25.0,11.0,18.0,10.0,2.0,1.0,61,38,88,30,67,44,72,64,47,23,46,72,92,19,22,95,33,65,61,56,26,78,17,24,31,96,27,24,55,28
473.0,HBS,Women,In a relationship,25th,6.0,2.0,2,3.0,Kids,1.0,3395884.0,4.0,More than 1M,5.0,43.0,61.0,49.0,64.0,49.0,61.0,81.0,6.3,6.3,72.0,Over 55,4.0,1.0,10.0,11.0,13.0,53.0,6.0,0.0,Other,Consulting,0.1,2.6,2.7,1.8,0.6,0.2,1.9,2.6,1.3,2.7,2.4,3.0,,1.4,22.0,9.1,12.2,1.5,0.1,6.5,4.4,0.1,2.02,2.25,1.5,0.5,0.15,1.6,2.2,Purpose Seeker,58.0,84.0,-4.0,-5.0,17.0,5.0,2.0,19,71,30,53,69,28,18,94,40,45,55,86,11,34,29,29,97,76,33,17,57,70,70,40,70,60,64,85,51,96
474.0,IWF,Women,Married,20th,5.0,2.0,2,3.0,Kids,1.0,3399720.0,2.0,inf,5.0,89.0,13.0,36.0,,73.0,13.0,54.0,7.8,7.8,45.0,35 - 45,5.0,9.0,7.0,2.0,10.0,54.0,15.0,9.0,Consulting,Finance,2.7,1.2,2.2,2.1,1.1,2.1,2.9,1.5,0.5,0.6,0.4,1.3,1.0,9.0,10.1,7.2,14.0,2.5,1.4,9.7,2.6,2.25,,1.8,1.75,0.9,1.75,2.4,1.3,Striver,1.0,5.0,-21.0,18.0,11.0,2.0,1.0,28,71,19,20,49,29,20,65,35,78,44,10,53,40,87,89,64,26,26,63,86,20,26,15,30,45,65,62,57,37
475.0,Xilio,Women,In a relationship,1st,1.0,1.0,,2.0,Kids,1.0,4741075.0,4.0,More than 1M,5.0,41.0,33.0,40.0,19.0,68.0,33.0,77.0,9.5,9.5,68.0,Over 55,7.0,10.0,4.0,10.0,1.0,49.0,4.0,4.0,Other,Healthcare,1.6,1.0,1.6,2.5,,0.0,2.1,1.2,2.6,2.8,2.1,2.1,2.0,5.7,8.2,5.3,16.8,4.7,0.0,7.1,2.0,1.3,2.26,1.35,2.1,1.65,0.0,1.8,1.0,Purposeful Striver,69.0,65.0,inf,-15.0,-11.0,5.0,4.0,67,66,96,77,45,44,51,77,38,84,13,60,73,30,41,16,35,17,98,18,33,100,43,98,46,90,58,32,36,89
476.0,HBS,Men,Married,40th+,9.0,3.0,3+,4.0,Kids,1.0,2670328.0,4.0,More than 1M,5.0,77.0,64.0,78.0,67.0,68.0,64.0,23.0,6.1,6.1,71.0,Over 55,0.0,4.0,2.0,4.0,6.0,49.0,1.0,1.0,Other,Consulting,3.0,2.0,2.6,2.4,1.5,1.2,2.8,1.5,2.1,2.4,1.3,0.5,1.0,9.9,16.7,8.7,16.1,3.4,0.8,9.2,2.5,2.5,2.5,2.15,2.0,1.2,1.0,2.3,1.25,Joy Seeker,4.0,49.0,1.0,13.0,2.0,5.0,2.0,10,25,67,10,46,41,22,53,76,33,89,79,90,100,69,16,34,69,55,12,63,77,29,61,36,43,69,86,29,35
477.0,Xilio,Men,In a relationship,40th+,9.0,3.0,,4.0,Kids,1.0,721095.0,1.0,500K - 1M,4.0,19.0,15.0,38.0,33.0,80.0,15.0,63.0,4.1,4.1,33.0,0 - 35,3.0,1.0,0.0,1.0,8.0,55.0,17.0,3.0,Other,Other,0.2,2.4,0.4,2.9,1.3,1.0,1.6,2.0,0.3,2.9,0.9,1.8,0.6,1.7,20.2,1.3,19.2,2.9,0.7,5.2,,0.2,,0.35,2.4,1.05,0.8,1.3,1.65,Purposeful Striver,16.0,3.0,-5.0,-22.0,-8.0,5.0,5.0,78,65,48,72,88,57,45,40,87,69,89,17,87,90,59,59,45,49,73,63,100,83,89,91,44,21,62,82,79,47
478.0,HBS,Men,Single,5th,2.0,0.0,0,1.0,No Kids,2.0,863727.0,4.0,500K - 1M,4.0,53.0,90.0,85.0,44.0,61.0,90.0,66.0,4.2,4.2,78.0,Over 55,6.0,6.0,10.0,2.0,4.0,48.0,11.0,6.0,Tech,Healthcare,1.7,2.3,2.4,1.6,1.1,2.1,0.4,0.0,2.0,2.6,0.2,2.2,1.1,6.0,19.1,7.9,10.7,2.5,1.4,1.2,0.1,1.4,2.28,2.0,1.35,0.9,1.75,0.3,0.05,Triumvirate,24.0,45.0,12.0,-25.0,8.0,3.0,4.0,13,19,14,33,27,53,22,67,34,64,94,77,37,42,36,11,80,90,37,30,94,17,83,31,47,14,80,97,44,49
479.0,HBS,Women,Single,30th,7.0,1.0,1,2.0,Kids,1.0,1192928.0,1.0,More than 1M,5.0,97.0,26.0,93.0,34.0,95.0,26.0,43.0,5.9,5.9,32.0,0 - 35,9.0,4.0,,6.0,9.0,51.0,9.0,2.0,Finance,Other,2.9,2.4,0.4,1.5,1.8,2.3,1.6,2.6,2.0,0.8,1.5,0.9,0.8,9.7,19.9,1.2,9.8,4.2,,5.3,4.4,2.4,2.48,0.3,,1.5,1.9,1.3,2.2,Flourisher,80.0,14.0,-11.0,2.0,-4.0,1.0,5.0,25,39,74,22,72,33,21,96,57,86,35,14,100,40,34,56,83,98,59,57,10,58,43,40,69,57,15,74,85,34
480.0,IWF,Men,In a relationship,10th,3.0,4.0,3+,4.0,Kids,1.0,2213151.0,4.0,More than 1M,5.0,94.0,44.0,31.0,42.0,,44.0,70.0,6.2,6.2,72.0,Over 55,4.0,5.0,6.0,3.0,15.0,48.0,8.0,6.0,Consulting,Consulting,1.6,1.3,2.4,1.2,1.7,0.9,0.4,1.3,2.9,0.3,1.1,2.5,0.3,5.7,10.9,7.9,8.0,4.0,0.6,1.3,2.2,1.3,2.26,2.0,1.0,1.45,0.75,0.3,1.1,Striver,2.0,30.0,-5.0,-2.0,-15.0,2.0,2.0,33,34,22,20,31,70,46,62,74,89,28,98,63,99,61,23,67,71,73,56,88,33,52,82,79,100,79,69,57,78
481.0,HBS,Men,In a relationship,20th,5.0,0.0,0,1.0,No Kids,2.0,3193683.0,1.0,More than 1M,5.0,95.0,42.0,71.0,28.0,51.0,42.0,92.0,6.8,6.8,33.0,0 - 35,3.0,8.0,4.0,2.0,2.0,53.0,9.0,3.0,Healthcare,Consulting,1.9,2.5,0.8,0.5,0.5,2.4,1.8,1.0,0.0,0.3,0.8,1.8,2.5,inf,20.4,2.8,3.1,1.1,1.6,5.9,1.7,1.55,2.31,0.7,0.4,0.4,2.05,1.5,0.85,Triumvirate,32.0,68.0,-16.0,9.0,-13.0,4.0,2.0,89,93,94,60,20,26,83,93,62,33,90,95,83,30,77,40,21,50,37,97,76,42,19,55,41,49,95,19,76,80
482.0,Xilio,Women,Married,5th,2.0,2.0,2,3.0,Kids,1.0,4000001.0,3.0,More than 1M,5.0,95.0,inf,42.0,20.0,74.0,75.0,53.0,7.3,7.3,49.0,45 - 55,5.0,8.0,4.0,inf,15.0,53.0,8.0,2.0,Tech,Finance,2.1,0.4,2.6,1.7,1.4,0.9,1.4,0.4,0.7,0.9,2.1,1.2,2.6,7.3,3.0,8.8,11.5,3.3,0.6,4.8,0.7,1.75,2.35,2.2,1.45,1.2,0.75,1.2,0.35,Joyful Striver,84.0,18.0,-3.0,-13.0,-22.0,3.0,inf,11,14,99,26,67,80,82,88,76,86,54,48,76,45,30,59,10,21,95,77,15,28,39,76,89,22,17,67,77,32
483.0,HBS,Men,Single,25th,6.0,3.0,3+,4.0,Kids,1.0,100640.0,1.0,Less than 150K,1.0,51.0,60.0,60.0,59.0,78.0,60.0,67.0,2.3,2.3,32.0,0 - 35,1.0,9.0,7.0,1.0,4.0,49.0,18.0,1.0,Tech,Consulting,1.4,1.6,2.8,0.8,1.7,1.3,1.9,1.3,2.8,1.8,2.3,1.7,0.7,5.1,13.6,9.4,5.5,3.9,0.9,6.2,2.2,1.15,2.23,2.35,0.7,1.4,1.1,1.55,1.1,Joyful Striver,24.0,62.0,13.0,8.0,-4.0,3.0,2.0,41,74,94,91,66,59,61,32,99,33,35,32,45,74,27,70,59,98,65,93,87,11,34,100,89,35,24,56,61,98
484.0,IWF,Women,In a relationship,1st,1.0,3.0,3+,4.0,Kids,1.0,4420886.0,3.0,More than 1M,5.0,,90.0,38.0,96.0,14.0,90.0,61.0,8.4,8.4,52.0,45 - 55,4.0,5.0,4.0,7.0,14.0,48.0,12.0,9.0,Tech,Other,1.9,0.0,0.4,2.8,1.7,2.2,0.0,1.5,2.8,2.4,0.7,1.7,0.2,6.6,0.1,1.5,18.4,4.0,1.5,0.1,2.5,1.55,2.31,0.35,2.3,1.45,1.8,0.05,1.25,,12.0,37.0,-21.0,-15.0,-19.0,3.0,,100,58,62,95,86,74,80,37,27,63,31,77,72,13,48,50,34,63,68,72,64,64,66,52,36,23,35,24,77,74
485.0,Xilio,Men,Married,5th,2.0,2.0,2,3.0,Kids,1.0,2030991.0,4.0,More than 1M,5.0,49.0,60.0,48.0,95.0,49.0,60.0,92.0,5.0,5.0,70.0,Over 55,4.0,10.0,1.0,10.0,5.0,52.0,13.0,2.0,Healthcare,Finance,1.8,1.0,1.4,1.7,0.6,2.1,0.6,1.2,2.2,2.7,0.1,0.5,2.2,6.3,8.1,4.6,11.7,1.5,1.4,1.9,2.0,1.45,inf,1.15,1.45,0.55,1.75,0.5,1.0,inf,50.0,25.0,-25.0,10.0,17.0,4.0,1.0,93,12,91,33,13,41,11,25,18,35,67,61,34,77,24,23,89,98,14,25,47,20,72,10,12,20,48,18,13,31
486.0,IWF,Women,Married,1st,1.0,3.0,3+,4.0,Kids,1.0,,2.0,More than 1M,5.0,33.0,19.0,60.0,13.0,,19.0,61.0,7.3,7.3,39.0,35 - 45,3.0,8.0,7.0,11.0,11.0,55.0,12.0,8.0,Finance,Healthcare,2.7,1.1,,1.8,2.2,3.0,1.5,2.0,2.3,1.9,2.5,1.2,0.6,9.1,9.2,9.8,11.9,5.2,2.0,4.9,3.4,2.25,2.45,2.45,1.5,1.85,2.45,1.25,1.7,Joy Seeker,35.0,48.0,-13.0,-9.0,-2.0,1.0,4.0,33,54,54,28,95,45,65,46,47,75,72,13,95,99,62,14,14,20,63,83,42,26,80,53,58,47,12,22,48,73
487.0,IWF,Women,Married,10th,3.0,3.0,3+,4.0,Kids,1.0,4624877.0,4.0,More than 1M,5.0,20.0,14.0,87.0,55.0,77.0,14.0,64.0,8.2,8.2,74.0,Over 55,7.0,0.0,9.0,9.0,13.0,50.0,11.0,8.0,Other,Healthcare,0.1,1.2,1.5,1.1,0.1,0.7,2.9,1.3,0.3,0.0,0.0,1.0,1.2,1.4,9.9,4.8,7.1,0.2,0.5,9.5,2.1,0.1,2.02,1.2,0.9,0.05,0.55,2.4,1.05,Purposeful Striver,33.0,65.0,-5.0,9.0,-22.0,5.0,4.0,21,23,41,46,16,22,69,30,96,89,37,56,57,13,47,84,92,69,53,99,17,51,56,66,94,89,66,32,30,77
488.0,IWF,Men,Single,15th,4.0,1.0,1,2.0,Kids,1.0,4285780.0,1.0,More than 1M,5.0,60.0,94.0,85.0,30.0,23.0,94.0,27.0,7.6,7.6,32.0,0 - 35,1.0,2.0,7.0,0.0,5.0,53.0,9.0,9.0,Finance,Consulting,0.8,2.1,2.6,0.2,1.1,2.0,1.2,2.9,1.5,0.6,2.8,1.2,0.2,3.5,17.4,8.6,,2.5,1.3,3.8,4.8,0.7,2.14,2.15,0.15,0.9,1.65,0.95,2.4,Purposeful Striver,33.0,53.0,0.0,-8.0,2.0,1.0,2.0,59,39,45,94,70,79,32,88,30,47,74,30,48,18,57,14,77,77,51,14,99,70,93,18,39,66,19,42,75,67
489.0,HBS,Men,In a relationship,10th,3.0,0.0,0,1.0,No Kids,2.0,1385531.0,2.0,More than 1M,5.0,18.0,69.0,63.0,52.0,10.0,69.0,16.0,5.5,5.5,43.0,35 - 45,9.0,7.0,3.0,10.0,12.0,52.0,11.0,6.0,Finance,Healthcare,2.9,1.2,1.8,0.1,2.3,1.8,1.3,1.8,0.7,0.3,1.9,2.3,0.7,9.6,9.7,5.9,0.6,5.5,1.2,4.2,3.0,2.4,2.48,1.45,0.1,1.95,1.5,1.05,1.5,Purpose Seeker,61.0,79.0,19.0,14.0,-11.0,1.0,4.0,44,77,90,17,63,67,49,26,74,74,53,65,56,39,61,73,15,87,81,20,88,12,90,14,31,31,12,18,25,37
490.0,Xilio,Women,Married,5th,2.0,3.0,3+,4.0,Kids,1.0,705510.0,4.0,500K - 1M,4.0,21.0,43.0,75.0,19.0,88.0,inf,71.0,4.3,4.3,73.0,Over 55,7.0,2.0,10.0,9.0,7.0,50.0,1.0,0.0,Consulting,Consulting,2.7,1.3,1.1,1.3,1.7,2.7,2.1,2.4,0.5,1.1,,1.4,2.4,9.0,11.2,3.8,8.5,3.9,inf,7.1,4.0,2.25,2.45,0.95,1.05,1.4,2.3,1.8,2.0,Purpose Seeker,51.0,73.0,-5.0,-4.0,-25.0,2.0,2.0,42,27,69,37,97,23,73,46,30,84,52,75,30,54,97,38,35,55,66,38,87,95,12,88,28,25,55,12,16,87
491.0,HBS,Women,Single,5th,2.0,3.0,3+,4.0,Kids,1.0,3771196.0,4.0,More than 1M,5.0,38.0,48.0,71.0,65.0,59.0,48.0,83.0,7.5,7.5,69.0,Over 55,5.0,8.0,7.0,6.0,0.0,52.0,18.0,4.0,Healthcare,Finance,1.4,0.7,0.9,0.3,0.8,0.5,1.8,0.3,2.4,1.5,0.7,2.8,2.4,5.1,5.9,2.9,1.7,1.8,0.3,6.0,0.5,1.15,2.23,0.7,0.2,0.65,0.4,1.5,0.25,Purposeful Striver,43.0,15.0,-8.0,-2.0,-23.0,4.0,1.0,42,71,20,14,77,46,94,86,36,60,46,68,39,13,81,84,64,47,56,88,29,44,55,18,40,86,31,82,92,77
492.0,Xilio,Men,In a relationship,30th,7.0,1.0,1,2.0,Kids,1.0,2764296.0,4.0,More than 1M,5.0,61.0,35.0,72.0,40.0,80.0,35.0,64.0,7.0,7.0,68.0,Over 55,2.0,7.0,8.0,0.0,9.0,,3.0,2.0,Other,Consulting,1.9,1.1,0.6,1.8,2.1,2.3,0.9,1.2,0.4,0.1,0.0,0.9,0.6,6.6,9.3,2.0,12.1,4.9,1.5,3.0,2.0,1.55,2.31,0.5,1.5,1.75,,0.75,1.0,inf,12.0,49.0,11.0,-7.0,-12.0,5.0,2.0,70,46,72,26,88,88,32,28,79,44,75,16,40,78,37,14,48,70,85,79,64,94,45,54,29,85,76,34,18,84
493.0,Xilio,Women,Married,40th+,9.0,4.0,3+,4.0,Kids,1.0,3361869.0,3.0,More than 1M,5.0,89.0,88.0,67.0,42.0,91.0,88.0,76.0,7.1,7.1,52.0,45 - 55,8.0,8.0,2.0,10.0,7.0,inf,7.0,5.0,Consulting,Consulting,0.8,0.7,2.3,2.6,1.7,1.7,1.2,1.0,1.4,1.0,0.7,1.2,1.0,3.5,5.7,7.6,17.6,4.0,1.1,4.1,1.7,0.7,2.14,1.9,2.2,1.4,1.4,1.05,0.85,Triumvirate,67.0,88.0,19.0,11.0,inf,2.0,2.0,60,34,30,45,10,77,38,39,53,52,26,58,35,32,94,45,18,26,34,57,57,98,35,86,28,91,74,97,26,13
494.0,HBS,Men,Married,20th,5.0,4.0,3+,4.0,Kids,1.0,928320.0,4.0,500K - 1M,4.0,26.0,10.0,12.0,74.0,82.0,10.0,36.0,3.7,3.7,69.0,Over 55,9.0,6.0,,7.0,12.0,48.0,0.0,0.0,Consulting,Consulting,0.6,0.2,1.2,2.6,2.4,0.8,0.7,1.7,2.8,0.5,0.4,2.4,0.4,2.7,1.8,3.9,17.7,5.6,0.5,2.2,2.8,0.45,2.09,0.95,2.2,2.0,0.7,0.55,1.4,,65.0,68.0,6.0,13.0,-25.0,2.0,2.0,52,57,61,28,64,49,87,54,37,38,49,25,31,25,25,88,54,75,53,24,92,75,19,33,11,38,28,80,100,10
495.0,IWF,Women,In a relationship,25th,6.0,3.0,3+,4.0,Kids,1.0,4859040.0,4.0,More than 1M,5.0,79.0,66.0,78.0,96.0,12.0,66.0,21.0,9.6,9.6,80.0,Over 55,2.0,0.0,9.0,5.0,3.0,53.0,18.0,5.0,Tech,Tech,1.4,1.8,1.5,2.0,2.2,1.4,2.9,2.6,0.6,1.9,1.8,1.6,0.2,5.2,15.1,5.1,13.2,5.1,0.9,9.7,4.3,1.15,2.23,1.3,1.65,1.85,1.2,2.4,2.15,Joy Seeker,33.0,12.0,10.0,-5.0,12.0,3.0,3.0,21,74,64,73,12,68,99,27,54,46,47,26,30,31,25,28,23,81,24,93,65,10,43,83,49,91,71,45,21,35
496.0,Xilio,Men,In a relationship,30th,7.0,4.0,3+,4.0,Kids,1.0,2037635.0,4.0,More than 1M,5.0,64.0,52.0,64.0,10.0,81.0,52.0,41.0,5.7,5.7,57.0,Over 55,9.0,9.0,3.0,8.0,13.0,55.0,1.0,1.0,Finance,Tech,1.1,2.0,1.5,0.6,1.8,1.0,,0.2,2.9,1.4,0.5,1.6,3.0,4.2,16.7,4.9,4.2,4.3,0.7,1.3,0.4,0.9,2.18,1.25,0.55,1.55,0.85,0.35,0.2,Joyful Striver,40.0,59.0,-9.0,-18.0,12.0,1.0,3.0,76,62,35,100,87,89,60,87,26,90,94,93,10,81,44,73,64,45,60,43,97,16,87,51,48,11,66,98,66,42
497.0,HBS,Women,In a relationship,,7.0,3.0,3+,4.0,Kids,1.0,1256607.0,1.0,More than 1M,5.0,32.0,21.0,40.0,92.0,31.0,21.0,56.0,4.0,4.0,33.0,0 - 35,4.0,2.0,5.0,10.0,14.0,48.0,18.0,2.0,Other,Healthcare,1.8,1.9,1.7,2.6,1.5,1.7,1.1,0.2,3.0,1.5,1.6,0.2,2.0,6.3,15.5,5.8,17.3,3.4,1.2,3.7,0.4,1.45,2.29,1.45,2.15,1.2,1.45,0.95,0.2,Purposeful Striver,74.0,37.0,9.0,2.0,-5.0,5.0,4.0,74,88,77,20,47,25,78,71,49,67,70,96,46,57,26,31,18,83,62,69,19,29,17,31,100,63,97,29,54,90
498.0,HBS,Women,Married,inf,2.0,4.0,3+,4.0,Kids,1.0,4093960.0,1.0,More than 1M,5.0,71.0,35.0,31.0,97.0,,35.0,17.0,7.8,7.8,,0 - 35,1.0,2.0,3.0,3.0,6.0,52.0,8.0,3.0,Consulting,Tech,0.2,1.4,2.6,2.7,0.4,2.7,0.1,2.6,1.7,1.3,1.8,1.2,1.6,1.7,11.6,8.7,17.7,0.9,1.8,0.3,inf,0.2,2.04,2.15,2.2,0.35,2.2,inf,2.15,Purposeful Striver,43.0,61.0,-15.0,-21.0,3.0,2.0,3.0,42,82,43,63,10,71,98,45,12,63,18,84,86,71,82,43,24,16,43,71,61,52,64,69,81,11,85,90,20,36
499.0,HBS,Women,Single,30th,7.0,0.0,,1.0,No Kids,2.0,3294908.0,4.0,More than 1M,5.0,53.0,38.0,54.0,48.0,88.0,38.0,93.0,6.5,6.5,58.0,Over 55,3.0,1.0,4.0,9.0,10.0,54.0,11.0,2.0,Consulting,Tech,2.9,1.1,2.9,0.6,0.8,1.7,0.7,0.6,0.5,2.9,0.9,0.8,2.3,9.8,9.5,9.8,3.9,1.8,1.1,2.2,1.1,2.45,2.49,2.45,0.5,0.65,1.4,0.55,0.55,Purpose Seeker,44.0,43.0,-5.0,-9.0,-21.0,2.0,3.0,49,24,61,54,47,13,40,93,85,48,86,43,94,69,61,65,46,25,86,11,59,15,100,95,63,12,22,63,22,51
500.0,Xilio,Women,Married,25th,6.0,3.0,3+,4.0,Kids,1.0,4290538.0,4.0,More than 1M,5.0,33.0,27.0,78.0,13.0,66.0,27.0,90.0,7.5,7.5,80.0,Over 55,6.0,1.0,0.0,3.0,0.0,54.0,11.0,5.0,Healthcare,Healthcare,3.0,2.6,1.2,2.2,1.3,1.9,2.3,2.0,0.9,0.6,0.1,3.0,2.5,9.9,21.6,4.1,14.7,2.9,1.3,7.8,3.3,2.45,2.49,1.0,1.85,1.05,1.6,1.95,1.65,Purpose Seeker,29.0,70.0,0.0,11.0,-16.0,4.0,4.0,83,58,91,56,94,54,59,61,85,51,84,42,55,89,91,26,59,23,17,89,43,64,19,46,36,65,25,99,40,78
501.0,IWF,Men,Married,10th,3.0,0.0,0,1.0,,2.0,1642818.0,3.0,More than 1M,5.0,16.0,11.0,56.0,97.0,10.0,11.0,67.0,5.4,5.4,50.0,45 - 55,8.0,6.0,7.0,2.0,10.0,51.0,4.0,8.0,Healthcare,Tech,2.1,1.6,2.5,0.9,1.8,1.6,0.6,1.6,1.3,1.5,0.1,0.9,2.4,7.3,13.0,8.3,5.7,4.2,1.0,2.0,2.7,1.75,2.35,2.05,0.7,1.5,1.3,0.5,1.35,Triumvirate,13.0,39.0,-22.0,10.0,2.0,4.0,3.0,52,97,61,21,38,99,29,28,75,37,70,35,18,14,21,85,93,89,86,28,45,30,66,48,88,81,25,28,86,80
502.0,Xilio,Women,Single,5th,2.0,0.0,0,1.0,No Kids,2.0,2305504.0,1.0,More than 1M,5.0,10.0,77.0,11.0,42.0,28.0,77.0,16.0,6.7,6.7,34.0,0 - 35,6.0,4.0,1.0,5.0,8.0,51.0,1.0,7.0,Finance,Tech,1.6,1.4,2.3,2.4,1.5,0.2,0.2,2.5,0.9,2.2,0.1,2.7,0.0,5.8,12.0,7.6,16.1,3.6,0.1,0.8,4.2,1.35,2.27,1.9,2.0,1.3,0.15,0.2,2.1,Joyful Striver,12.0,56.0,8.0,-7.0,-5.0,1.0,3.0,53,77,38,30,14,37,64,53,55,38,89,75,26,89,92,98,81,34,79,58,70,60,88,93,21,20,61,69,35,73
503.0,HBS,Men,In a relationship,10th,3.0,0.0,0,1.0,No Kids,2.0,3255187.0,2.0,More than 1M,5.0,74.0,21.0,41.0,20.0,17.0,21.0,39.0,6.2,6.2,41.0,35 - 45,10.0,3.0,10.0,11.0,7.0,55.0,4.0,4.0,Consulting,Healthcare,0.9,0.1,1.7,3.0,0.9,0.7,1.4,0.4,0.8,1.7,2.2,2.0,0.6,3.8,0.6,5.7,19.9,2.0,0.5,4.7,0.6,0.75,2.15,1.45,2.5,0.7,0.6,1.2,0.3,Triumvirate,46.0,63.0,-8.0,1.0,-19.0,2.0,4.0,38,21,47,20,83,75,90,16,95,52,25,72,56,16,57,65,30,13,30,87,25,55,95,83,87,85,93,46,72,34
504.0,Xilio,Women,Single,10th,3.0,2.0,2,3.0,Kids,1.0,4634299.0,2.0,More than 1M,5.0,36.0,50.0,28.0,28.0,31.0,50.0,97.0,8.8,8.8,inf,35 - 45,9.0,10.0,3.0,11.0,0.0,50.0,13.0,2.0,Other,Other,2.4,1.0,2.9,0.1,0.0,1.5,0.0,0.4,2.9,2.8,inf,1.0,2.0,8.3,8.5,9.6,0.6,0.0,1.0,,0.6,2.05,2.41,2.4,0.1,0.0,1.25,0.0,0.3,Joyful Striver,2.0,46.0,14.0,8.0,-23.0,5.0,5.0,22,68,51,14,30,40,11,53,96,12,11,96,94,60,31,26,66,38,16,97,88,44,54,83,80,41,50,12,40,81
505.0,HBS,Men,Married,25th,6.0,0.0,0,1.0,No Kids,2.0,4690456.0,4.0,More than 1M,5.0,47.0,68.0,82.0,73.0,89.0,68.0,,8.3,8.3,72.0,Over 55,9.0,8.0,5.0,0.0,3.0,54.0,16.0,6.0,Healthcare,Consulting,2.1,1.1,0.6,2.7,1.5,0.9,0.3,1.7,0.5,1.1,2.4,1.6,,7.2,9.5,2.0,17.9,3.5,0.6,0.8,2.8,1.7,2.34,0.5,2.25,1.25,0.8,0.2,1.4,Triumvirate,35.0,88.0,9.0,-15.0,19.0,4.0,2.0,21,46,30,90,80,12,34,77,39,19,81,50,68,74,58,83,28,65,99,37,27,17,59,99,26,13,57,95,31,13
506.0,HBS,Men,Married,20th,5.0,1.0,1,2.0,Kids,1.0,4128502.0,4.0,More than 1M,5.0,29.0,91.0,72.0,76.0,45.0,91.0,89.0,7.7,7.7,59.0,Over 55,8.0,,7.0,3.0,1.0,52.0,2.0,7.0,Consulting,Consulting,0.5,1.2,0.3,1.9,0.9,0.5,inf,2.8,2.2,1.4,1.3,2.5,2.9,2.5,10.0,1.1,12.5,2.0,0.4,8.1,4.7,0.4,2.08,0.25,1.55,0.7,0.45,2.0,2.35,Joy Seeker,87.0,11.0,15.0,19.0,-6.0,2.0,2.0,55,70,51,65,76,17,22,43,78,68,52,95,63,18,61,91,67,15,88,57,80,77,73,98,99,18,100,28,15,21
507.0,HBS,Women,In a relationship,5th,2.0,3.0,3+,4.0,Kids,1.0,3651581.0,3.0,More than 1M,5.0,14.0,81.0,95.0,45.0,97.0,81.0,99.0,7.1,7.1,53.0,45 - 55,9.0,5.0,1.0,5.0,13.0,48.0,15.0,8.0,Tech,Tech,2.7,1.7,inf,2.9,2.2,1.5,2.3,1.2,0.0,0.3,1.4,2.7,,9.2,14.5,8.5,19.5,5.1,1.0,7.7,2.1,2.3,2.46,2.15,2.45,1.85,1.25,1.95,1.05,Triumvirate,81.0,62.0,3.0,-14.0,-7.0,3.0,3.0,11,52,22,29,56,33,79,75,18,23,51,67,95,91,88,27,15,10,65,46,56,25,11,62,93,97,48,62,29,67
508.0,HBS,Men,Single,20th,5.0,4.0,3+,4.0,Kids,1.0,4276238.0,1.0,More than 1M,5.0,36.0,87.0,60.0,61.0,58.0,87.0,48.0,7.7,7.7,35.0,0 - 35,,8.0,9.0,5.0,4.0,55.0,1.0,8.0,Other,Other,2.5,1.6,1.3,1.4,0.1,1.0,2.7,1.0,1.8,1.8,1.5,0.5,2.9,8.4,13.3,4.4,9.3,0.2,0.6,9.2,1.6,2.05,2.41,inf,1.15,0.05,0.8,2.3,,Joy Seeker,90.0,77.0,3.0,-5.0,9.0,5.0,5.0,44,79,73,50,93,24,76,78,94,85,86,88,21,54,10,54,13,48,58,83,95,76,54,37,19,65,22,55,94,20
509.0,IWF,Men,Married,40th+,9.0,2.0,2,3.0,Kids,1.0,455523.0,1.0,250K – 500K,3.0,66.0,64.0,71.0,85.0,24.0,64.0,56.0,3.5,3.5,33.0,0 - 35,3.0,9.0,9.0,2.0,4.0,53.0,10.0,2.0,Finance,Other,2.8,1.8,2.5,2.5,1.8,0.8,2.6,1.8,2.7,0.9,2.1,1.0,0.6,9.5,15.2,8.5,16.9,4.1,0.5,8.5,3.0,2.35,2.47,2.1,2.1,inf,0.65,2.15,1.5,Striver,8.0,25.0,12.0,-15.0,-22.0,1.0,5.0,96,48,26,55,92,52,67,64,20,56,66,19,73,56,75,87,52,10,51,58,41,80,71,86,28,25,13,89,19,68
510.0,HBS,Women,In a relationship,40th+,9.0,2.0,2,3.0,Kids,1.0,3629865.0,4.0,More than 1M,5.0,48.0,18.0,26.0,74.0,71.0,18.0,22.0,6.9,6.9,62.0,Over 55,10.0,2.0,5.0,10.0,6.0,49.0,8.0,4.0,Finance,Healthcare,2.2,2.3,,0.2,2.8,1.4,2.0,2.8,0.9,inf,0.8,1.0,2.6,7.5,19.1,8.9,1.2,6.6,0.9,6.8,4.7,1.8,2.36,2.25,0.15,2.35,1.15,1.7,2.35,Joyful Striver,26.0,71.0,16.0,13.0,-21.0,1.0,4.0,90,65,18,21,44,40,91,19,78,51,90,24,15,76,73,65,51,72,32,57,52,73,23,24,91,90,52,65,92,45
511.0,IWF,Men,In a relationship,40th+,9.0,1.0,1,2.0,Kids,1.0,4229790.0,4.0,More than 1M,5.0,82.0,53.0,99.0,23.0,65.0,53.0,82.0,8.2,8.2,58.0,Over 55,3.0,4.0,7.0,1.0,5.0,54.0,2.0,7.0,Healthcare,Healthcare,1.8,2.4,0.2,1.0,0.5,0.4,0.2,2.5,0.6,1.6,0.4,0.1,1.0,6.5,20.3,0.6,6.7,1.2,0.3,0.5,4.2,1.55,2.31,0.15,0.85,0.45,0.35,0.15,inf,Purpose Seeker,74.0,52.0,-5.0,2.0,-25.0,4.0,4.0,99,72,50,79,77,82,84,51,100,41,97,51,62,33,17,89,12,66,61,82,92,11,83,69,39,95,90,79,44,31
512.0,IWF,Men,Married,5th,2.0,0.0,0,1.0,,2.0,1069458.0,3.0,More than 1M,5.0,13.0,26.0,23.0,19.0,57.0,26.0,42.0,4.2,4.2,46.0,45 - 55,5.0,9.0,4.0,0.0,6.0,50.0,1.0,4.0,Tech,Tech,1.3,2.2,2.7,0.2,1.4,2.8,2.3,3.0,2.0,1.6,1.7,1.8,3.0,4.8,18.0,8.8,1.3,3.3,inf,7.8,5.0,1.05,2.21,2.2,0.15,1.2,2.3,1.95,2.5,Joy Seeker,90.0,4.0,16.0,-21.0,-22.0,3.0,3.0,17,55,10,26,78,54,93,50,75,41,76,66,25,19,95,59,10,76,88,97,49,10,24,69,39,80,97,40,35,74
513.0,HBS,Men,Single,40th+,,4.0,3+,4.0,Kids,1.0,3802811.0,3.0,More than 1M,5.0,65.0,65.0,32.0,26.0,76.0,65.0,72.0,7.4,7.4,53.0,45 - 55,1.0,8.0,8.0,9.0,7.0,55.0,12.0,0.0,Consulting,Tech,2.8,2.9,1.3,2.9,,2.6,2.5,0.1,2.1,0.2,1.0,2.6,0.5,9.4,23.9,4.5,19.5,0.6,inf,8.5,0.1,2.35,2.47,1.1,2.45,0.25,2.15,2.1,0.05,Purpose Seeker,34.0,59.0,-13.0,-9.0,-14.0,2.0,3.0,35,97,11,28,10,75,73,86,97,51,39,96,99,82,34,67,64,74,62,38,74,67,23,15,34,19,55,62,80,59
,HBS,Women,Single,5th,2.0,4.0,3+,4.0,Kids,1.0,2347336.0,4.0,,5.0,87.0,24.0,86.0,31.0,15.0,24.0,67.0,5.3,5.3,60.0,Over 55,6.0,3.0,3.0,5.0,0.0,53.0,13.0,9.0,Consulting,Healthcare,2.6,0.1,1.5,2.5,1.9,2.1,2.4,0.3,2.1,2.1,1.3,1.1,1.5,8.8,0.5,5.1,16.3,4.4,1.4,8.0,0.6,2.15,2.43,1.3,2.05,1.55,1.75,2.0,0.3,Joy Seeker,7.0,72.0,15.0,-6.0,1.0,2.0,4.0,83,20,69,35,77,17,78,78,40,41,22,26,14,86,75,27,24,74,25,69,44,10,40,61,97,45,56,43,46,13
515.0,IWF,Men,Single,15th,4.0,1.0,1,2.0,Kids,1.0,4190435.0,1.0,More than 1M,5.0,79.0,46.0,54.0,63.0,35.0,46.0,14.0,7.7,7.7,33.0,0 - 35,4.0,4.0,8.0,5.0,4.0,55.0,3.0,6.0,Other,Tech,0.1,0.6,1.9,2.6,1.7,0.3,1.5,1.8,1.0,1.9,1.9,2.2,2.4,1.4,4.9,6.3,17.1,3.9,0.2,5.1,3.0,0.1,inf,1.55,2.15,1.4,0.25,1.25,1.5,Purposeful Striver,68.0,20.0,-9.0,15.0,16.0,5.0,3.0,99,71,57,57,21,80,92,19,42,35,28,69,82,57,82,89,56,30,46,38,78,16,38,21,83,33,95,40,17,81
516.0,Xilio,Women,In a relationship,5th,2.0,inf,3+,4.0,Kids,1.0,2793642.0,4.0,More than 1M,5.0,51.0,64.0,39.0,67.0,63.0,64.0,42.0,6.7,6.7,75.0,Over 55,10.0,2.0,1.0,0.0,3.0,55.0,2.0,2.0,Consulting,Consulting,0.1,0.0,2.8,2.8,1.2,2.3,0.7,inf,0.8,0.6,1.5,1.9,1.3,1.2,0.2,9.3,18.8,2.9,1.6,2.3,4.1,0.05,2.01,2.3,2.35,1.0,1.95,0.6,2.05,Purpose Seeker,58.0,63.0,-17.0,20.0,-3.0,2.0,2.0,43,86,38,61,69,66,95,19,48,10,16,18,55,44,82,90,94,39,27,67,59,97,36,28,75,73,62,69,14,98
517.0,Xilio,Women,Married,15th,4.0,1.0,1,2.0,Kids,1.0,inf,3.0,More than 1M,5.0,75.0,91.0,41.0,20.0,48.0,91.0,22.0,5.4,5.4,55.0,45 - 55,10.0,1.0,1.0,8.0,12.0,55.0,8.0,3.0,Consulting,Tech,1.1,1.9,0.1,inf,1.6,2.4,2.5,0.9,2.9,1.4,1.9,1.1,1.4,4.4,16.2,0.2,1.7,3.6,1.6,8.5,1.4,0.95,2.19,0.05,0.2,1.3,2.0,2.1,0.7,Purposeful Striver,75.0,54.0,15.0,-14.0,-1.0,2.0,3.0,16,34,19,79,36,89,68,100,55,65,18,45,23,63,86,16,55,42,29,57,21,78,94,84,44,65,34,20,53,61
518.0,Xilio,inf,Single,15th,4.0,4.0,3+,4.0,Kids,1.0,3818340.0,1.0,More than 1M,5.0,86.0,95.0,11.0,32.0,47.0,95.0,63.0,7.1,,33.0,,5.0,1.0,10.0,1.0,10.0,52.0,1.0,9.0,Tech,Healthcare,2.4,2.7,1.4,1.2,2.7,2.3,2.2,0.7,2.8,2.2,1.6,0.4,3.0,8.3,22.5,4.8,7.7,6.3,1.5,7.3,1.2,2.05,2.41,1.2,0.95,2.25,1.9,1.8,0.6,Joyful Striver,29.0,74.0,-25.0,-20.0,-5.0,3.0,4.0,77,80,67,64,65,39,69,69,46,11,92,82,53,96,79,85,67,57,55,32,85,94,18,11,60,87,50,15,76,52
519.0,HBS,Women,Single,15th,4.0,0.0,0,1.0,No Kids,2.0,2449862.0,2.0,More than 1M,5.0,41.0,77.0,33.0,72.0,93.0,77.0,33.0,6.0,6.0,42.0,35 - 45,2.0,4.0,4.0,9.0,7.0,48.0,6.0,4.0,Finance,Other,3.0,0.7,,0.2,0.6,0.3,2.9,2.4,1.4,1.6,2.2,2.1,,9.9,6.1,6.9,,1.4,0.2,9.8,3.9,2.45,2.49,1.7,0.2,0.5,0.3,2.45,1.95,Flourisher,36.0,57.0,-24.0,-9.0,-2.0,1.0,5.0,67,61,69,84,32,83,92,60,69,90,63,89,72,90,88,19,80,31,11,36,94,27,29,64,80,87,12,36,81,55
520.0,IWF,Women,Married,30th,7.0,0.0,0,1.0,No Kids,2.0,227775.0,4.0,150K – 250K,2.0,56.0,54.0,49.0,97.0,92.0,54.0,83.0,3.6,3.6,69.0,Over 55,0.0,7.0,10.0,9.0,11.0,53.0,17.0,8.0,Consulting,Finance,0.5,2.8,2.2,0.6,0.1,1.9,0.5,0.2,2.5,1.2,2.1,2.6,1.8,2.4,inf,7.2,4.2,0.2,1.3,1.6,0.3,0.4,2.08,1.8,0.55,0.05,1.6,0.4,0.15,Triumvirate,89.0,90.0,3.0,-7.0,-1.0,2.0,1.0,84,13,30,42,34,27,71,30,40,39,95,45,61,80,60,78,90,63,96,16,67,97,67,24,80,98,86,16,88,13
521.0,IWF,Women,Single,25th,6.0,4.0,3+,4.0,Kids,1.0,2416488.0,1.0,More than 1M,5.0,37.0,13.0,67.0,98.0,27.0,13.0,50.0,5.0,5.0,34.0,0 - 35,5.0,3.0,4.0,5.0,3.0,51.0,18.0,1.0,Other,Tech,1.8,0.2,2.1,0.7,2.6,2.5,0.7,1.1,1.4,1.0,1.6,2.1,0.2,6.3,1.5,6.9,4.6,6.0,1.7,2.3,1.8,1.5,2.3,1.75,0.55,2.15,2.1,0.55,0.9,Joyful Striver,21.0,41.0,7.0,0.0,19.0,5.0,3.0,38,68,37,71,30,78,25,17,20,80,91,57,35,25,62,94,92,13,72,58,92,41,88,73,36,31,22,58,100,22
,IWF,Men,In a relationship,15th,4.0,2.0,2,3.0,Kids,1.0,817494.0,2.0,500K - 1M,4.0,92.0,22.0,29.0,46.0,91.0,22.0,42.0,4.2,4.2,44.0,35 - 45,6.0,6.0,6.0,6.0,15.0,52.0,3.0,3.0,Other,Finance,1.1,2.8,0.4,1.4,1.7,1.7,0.6,1.5,1.3,1.8,2.0,0.1,2.5,4.4,23.4,1.3,9.4,4.0,1.2,2.1,2.5,0.95,2.19,0.35,1.15,1.45,1.45,0.55,1.25,Purposeful Striver,36.0,3.0,-16.0,18.0,20.0,5.0,1.0,45,81,84,97,70,48,97,74,96,61,70,60,62,62,24,12,48,96,12,63,72,54,97,78,19,61,27,81,58,47
523.0,IWF,,Single,25th,6.0,4.0,3+,4.0,Kids,1.0,1231193.0,2.0,More than 1M,5.0,20.0,11.0,64.0,97.0,80.0,11.0,71.0,4.1,4.1,41.0,35 - 45,4.0,0.0,1.0,10.0,15.0,53.0,12.0,5.0,Other,Finance,2.9,1.1,0.9,0.8,2.7,1.9,2.4,,0.5,2.8,2.6,0.6,1.9,9.7,8.8,3.0,,6.2,1.3,7.9,2.8,2.4,2.48,0.75,0.65,2.25,1.6,2.0,1.4,Flourisher,10.0,6.0,14.0,18.0,6.0,5.0,1.0,98,29,43,32,72,69,77,87,11,100,96,79,38,49,59,92,12,64,55,77,82,42,58,24,52,59,46,69,45,54
524.0,HBS,Men,In a relationship,30th,7.0,4.0,3+,4.0,Kids,1.0,3973334.0,2.0,More than 1M,5.0,26.0,40.0,91.0,,77.0,40.0,38.0,inf,8.1,36.0,35 - 45,10.0,7.0,6.0,6.0,4.0,52.0,4.0,6.0,Consulting,Tech,2.5,0.3,1.1,0.3,1.8,1.4,0.6,2.2,1.3,2.0,1.3,,1.2,8.6,2.5,3.6,2.0,4.2,0.9,1.9,3.6,2.1,2.42,0.9,0.25,1.5,1.15,0.45,1.8,Purpose Seeker,73.0,5.0,-5.0,6.0,6.0,2.0,3.0,30,72,17,24,61,52,24,94,36,18,11,83,28,29,80,53,39,53,58,87,58,83,66,52,64,56,52,42,89,34
525.0,IWF,Women,Married,5th,2.0,0.0,0,1.0,No Kids,2.0,3039758.0,3.0,More than 1M,5.0,89.0,55.0,24.0,52.0,96.0,55.0,75.0,6.3,6.3,55.0,45 - 55,10.0,7.0,1.0,7.0,9.0,49.0,11.0,2.0,Healthcare,Other,2.5,1.5,2.4,0.5,,1.6,0.2,1.1,1.6,0.2,1.2,1.7,0.0,8.5,12.1,8.0,3.3,5.7,1.1,0.7,1.8,2.1,2.42,2.0,0.4,2.05,1.3,0.15,0.9,,24.0,5.0,2.0,-20.0,-21.0,4.0,5.0,45,63,68,36,97,54,98,39,11,31,59,89,56,97,84,79,44,98,10,51,45,82,25,83,80,32,43,56,35,76
526.0,IWF,Men,In a relationship,30th,7.0,4.0,3+,4.0,Kids,1.0,563636.0,3.0,500K - 1M,4.0,25.0,56.0,24.0,13.0,63.0,56.0,32.0,2.7,2.7,46.0,45 - 55,4.0,5.0,1.0,10.0,14.0,53.0,7.0,5.0,Healthcare,Tech,1.4,0.8,0.8,0.4,1.3,0.1,3.0,1.8,0.1,1.4,2.3,2.3,1.8,5.2,6.4,2.8,2.9,3.0,,,3.1,1.15,2.23,,0.35,1.05,0.1,2.5,1.55,Joy Seeker,64.0,54.0,-15.0,10.0,10.0,4.0,3.0,19,83,95,84,34,32,64,94,30,43,84,77,17,78,47,23,66,21,31,83,63,58,84,26,15,99,90,53,54,64
527.0,HBS,Men,Single,15th,4.0,2.0,2,3.0,Kids,1.0,3068370.0,4.0,More than 1M,5.0,91.0,96.0,11.0,39.0,98.0,96.0,34.0,5.9,5.9,78.0,Over 55,4.0,8.0,8.0,7.0,8.0,53.0,5.0,7.0,Other,Consulting,1.2,inf,0.6,2.9,2.2,1.9,0.1,1.8,1.3,2.7,1.7,0.3,0.0,4.7,7.1,2.1,19.5,5.2,1.3,0.2,2.9,1.05,2.21,0.55,2.45,inf,1.6,0.05,1.45,Joy Seeker,49.0,47.0,8.0,12.0,20.0,5.0,2.0,82,66,81,73,64,78,44,58,67,58,40,31,32,54,49,13,38,90,23,68,56,42,17,33,15,100,64,88,70,48
528.0,inf,Women,In a relationship,25th,6.0,3.0,3+,4.0,Kids,1.0,4262406.0,2.0,More than 1M,5.0,37.0,83.0,20.0,72.0,28.0,83.0,52.0,8.1,8.1,43.0,inf,6.0,2.0,7.0,3.0,12.0,49.0,4.0,5.0,Consulting,Consulting,0.8,0.9,2.9,2.3,2.7,0.2,2.5,1.6,2.3,0.3,0.2,2.5,0.0,3.5,7.7,9.6,15.2,6.4,0.2,8.4,2.7,0.7,2.14,2.4,1.9,2.3,0.2,2.1,1.35,Triumvirate,36.0,87.0,-18.0,-15.0,16.0,2.0,2.0,33,99,58,90,55,15,64,18,14,10,42,86,44,15,75,27,59,88,94,53,41,80,76,83,86,85,61,36,53,74
529.0,Xilio,Women,In a relationship,5th,2.0,2.0,2,3.0,Kids,1.0,4298764.0,inf,More than 1M,5.0,53.0,12.0,61.0,46.0,67.0,12.0,90.0,8.3,8.3,41.0,35 - 45,8.0,8.0,5.0,10.0,4.0,52.0,10.0,9.0,Other,Tech,0.2,2.4,0.0,2.9,1.7,1.3,1.1,1.9,2.0,3.0,2.7,1.7,1.8,1.5,20.1,0.1,19.4,4.0,0.9,3.7,3.2,0.15,2.03,0.0,2.4,1.45,1.1,0.9,1.6,Joy Seeker,82.0,49.0,-4.0,7.0,16.0,5.0,inf,73,50,88,60,41,65,23,26,61,82,87,89,62,78,48,61,71,83,54,35,62,77,28,39,57,92,94,31,13,84
530.0,HBS,Men,In a relationship,5th,2.0,2.0,2,3.0,Kids,1.0,3265658.0,1.0,More than 1M,5.0,23.0,33.0,72.0,31.0,78.0,33.0,44.0,6.5,6.5,33.0,0 - 35,1.0,2.0,1.0,9.0,7.0,48.0,3.0,7.0,Tech,Other,2.6,1.6,3.0,1.3,0.5,0.9,2.5,0.8,1.9,2.8,0.1,2.1,0.6,8.8,13.5,10.0,8.8,1.3,,8.4,1.3,2.15,2.43,2.5,1.1,0.45,0.75,2.1,0.65,Joyful Striver,24.0,9.0,-18.0,-2.0,13.0,3.0,5.0,58,12,26,62,64,13,58,78,54,93,89,15,67,58,83,47,61,61,15,32,41,37,76,76,86,28,45,56,85,11
531.0,Xilio,Women,Single,40th+,9.0,4.0,3+,inf,Kids,1.0,1806203.0,4.0,More than 1M,5.0,82.0,49.0,10.0,73.0,87.0,49.0,64.0,5.5,5.5,65.0,Over 55,3.0,2.0,0.0,2.0,14.0,55.0,1.0,5.0,Other,Other,2.4,0.9,2.0,,0.8,1.6,1.7,0.3,2.7,0.2,2.2,2.9,0.6,8.3,7.8,6.8,5.6,1.9,1.1,5.5,0.4,2.05,2.41,1.7,0.7,0.65,1.35,1.4,0.2,Joyful Striver,23.0,20.0,-11.0,-3.0,-10.0,5.0,5.0,45,15,69,87,14,32,92,67,94,62,20,35,14,48,26,89,23,85,74,82,71,96,45,60,11,61,63,57,90,78
532.0,HBS,Women,Married,25th,6.0,2.0,2,3.0,Kids,1.0,2306360.0,4.0,More than 1M,5.0,86.0,78.0,60.0,92.0,38.0,78.0,79.0,4.9,4.9,56.0,Over 55,5.0,10.0,7.0,3.0,14.0,54.0,17.0,2.0,Consulting,Consulting,3.0,1.8,2.5,2.4,0.6,0.4,2.7,0.4,0.1,2.8,2.3,0.3,2.0,10.0,15.3,8.3,16.0,1.4,0.3,9.0,0.6,2.5,2.5,2.05,,0.5,0.35,2.25,0.3,Joy Seeker,62.0,61.0,-9.0,-11.0,7.0,2.0,2.0,91,14,96,100,45,15,16,66,29,92,42,84,25,11,16,29,44,74,30,17,46,62,98,69,92,43,68,39,67,95
533.0,IWF,Men,Single,inf,9.0,2.0,2,3.0,Kids,1.0,4438249.0,3.0,More than 1M,5.0,91.0,71.0,11.0,92.0,42.0,71.0,57.0,8.3,8.3,53.0,45 - 55,4.0,0.0,0.0,9.0,5.0,54.0,15.0,9.0,Healthcare,Tech,3.0,2.1,0.9,1.0,0.7,2.1,2.8,0.7,1.7,1.1,2.9,2.7,0.2,10.0,17.9,2.9,6.5,1.7,1.4,9.3,1.1,2.5,2.5,,0.8,0.6,1.75,2.3,0.55,Triumvirate,37.0,35.0,-3.0,1.0,-5.0,4.0,3.0,33,14,97,91,58,41,39,71,70,49,16,97,26,48,48,97,37,74,13,62,47,53,69,12,60,38,61,11,35,71
534.0,IWF,Women,Single,10th,3.0,0.0,0,1.0,No Kids,2.0,4456219.0,4.0,More than 1M,5.0,14.0,43.0,81.0,50.0,83.0,43.0,66.0,7.7,7.7,57.0,Over 55,7.0,7.0,8.0,8.0,0.0,54.0,2.0,4.0,Finance,Other,1.7,0.8,0.0,0.9,0.9,2.4,0.0,1.5,2.4,2.5,0.2,0.4,0.9,6.0,6.8,0.1,6.0,2.1,1.6,0.1,2.5,1.4,2.28,inf,0.75,0.75,2.0,0.0,1.25,Joy Seeker,12.0,50.0,-2.0,-15.0,-17.0,1.0,5.0,32,63,54,60,67,27,92,61,47,54,40,12,41,30,77,53,67,19,12,23,39,89,45,14,70,70,28,24,88,55
535.0,IWF,Women,Single,5th,2.0,0.0,0,1.0,No Kids,2.0,2564629.0,2.0,More than 1M,5.0,71.0,96.0,66.0,39.0,72.0,96.0,11.0,5.7,5.7,36.0,35 - 45,2.0,6.0,9.0,2.0,6.0,52.0,2.0,6.0,Tech,Tech,2.3,,2.2,0.7,1.7,0.5,0.2,2.5,1.6,1.3,1.8,1.2,0.4,7.9,10.3,7.4,4.7,3.9,0.3,0.8,4.2,1.9,2.38,1.85,0.6,1.4,0.4,0.2,2.1,Striver,55.0,82.0,19.0,-9.0,-20.0,3.0,3.0,71,56,92,56,48,24,58,70,29,77,57,61,61,49,44,60,39,27,39,80,67,64,20,37,28,94,21,56,38,86
536.0,Xilio,Women,,15th,4.0,1.0,1,2.0,Kids,1.0,555830.0,2.0,500K - 1M,4.0,61.0,74.0,34.0,91.0,42.0,inf,20.0,3.7,,39.0,35 - 45,9.0,3.0,7.0,8.0,0.0,48.0,17.0,3.0,Finance,Healthcare,2.8,0.4,2.5,0.4,1.8,0.3,0.8,2.1,1.0,1.3,1.3,2.6,1.7,9.5,3.0,8.3,2.6,4.1,0.2,2.5,3.5,2.35,2.47,2.1,0.3,1.45,0.25,0.65,1.75,Joyful Striver,13.0,62.0,-7.0,-12.0,19.0,1.0,4.0,46,96,78,13,89,49,98,49,34,18,56,83,29,91,60,28,99,56,40,16,41,19,60,87,11,44,20,36,18,96
537.0,Xilio,Men,In a relationship,10th,3.0,3.0,3+,4.0,Kids,1.0,1362397.0,4.0,More than 1M,5.0,93.0,49.0,17.0,18.0,42.0,49.0,85.0,4.2,4.2,70.0,Over 55,0.0,0.0,3.0,5.0,0.0,54.0,12.0,9.0,Consulting,Healthcare,2.5,0.5,2.2,0.8,1.3,0.4,2.0,2.4,0.4,1.9,1.0,2.7,2.0,8.6,4.5,7.4,5.1,3.0,0.3,6.7,3.9,2.1,2.42,1.85,0.65,1.05,inf,1.65,1.95,Flourisher,23.0,17.0,-21.0,1.0,9.0,2.0,4.0,21,58,41,16,94,82,25,47,11,31,87,69,75,63,56,77,16,75,43,18,75,23,89,20,60,14,57,80,87,40
538.0,HBS,,Single,20th,5.0,0.0,0,1.0,No Kids,2.0,2166233.0,3.0,More than 1M,5.0,99.0,78.0,34.0,21.0,92.0,78.0,55.0,5.4,5.4,51.0,45 - 55,5.0,3.0,0.0,4.0,4.0,53.0,13.0,0.0,Consulting,Healthcare,0.7,2.0,0.4,1.1,1.8,2.6,2.7,1.1,2.7,inf,0.3,1.5,2.2,3.2,17.0,1.4,7.1,4.3,1.8,8.9,1.8,0.6,2.12,0.35,0.9,1.55,2.2,2.2,0.9,Purpose Seeker,89.0,88.0,6.0,-8.0,13.0,2.0,4.0,64,18,53,44,70,83,60,52,41,27,62,72,93,21,45,75,48,58,92,12,60,45,64,81,35,85,88,36,45,44
539.0,HBS,Men,Married,25th,6.0,3.0,3+,4.0,Kids,1.0,748216.0,2.0,500K - 1M,4.0,25.0,28.0,85.0,74.0,54.0,28.0,35.0,4.4,4.4,36.0,35 - 45,6.0,8.0,6.0,2.0,4.0,50.0,2.0,3.0,Healthcare,Healthcare,1.4,0.5,2.3,2.0,0.2,1.6,1.4,1.2,inf,0.1,1.7,1.8,0.8,5.1,4.5,7.5,13.5,0.6,1.1,4.6,2.0,1.15,2.23,1.9,1.7,0.2,,1.15,1.0,Purpose Seeker,30.0,3.0,18.0,2.0,-4.0,4.0,4.0,22,29,74,57,18,93,81,72,35,85,89,74,91,90,73,22,78,81,29,87,20,43,63,81,79,16,25,94,13,54
540.0,IWF,Women,In a relationship,30th,7.0,0.0,0,1.0,No Kids,2.0,547313.0,2.0,500K - 1M,4.0,54.0,43.0,81.0,48.0,10.0,43.0,86.0,3.3,3.3,41.0,35 - 45,3.0,8.0,0.0,3.0,12.0,55.0,0.0,5.0,Tech,Healthcare,0.4,1.6,2.3,0.2,0.3,1.4,1.8,1.2,2.6,1.8,1.4,2.1,0.3,2.2,13.1,7.7,1.3,0.6,0.9,6.1,2.0,0.3,2.06,1.9,0.15,0.2,1.15,1.5,1.0,Joy Seeker,17.0,32.0,-25.0,inf,15.0,3.0,4.0,32,70,96,82,15,15,91,28,79,52,28,61,10,46,98,71,44,31,96,26,68,97,26,85,29,50,80,22,68,86
541.0,HBS,Men,Married,20th,5.0,2.0,2,3.0,Kids,1.0,3695060.0,4.0,More than 1M,5.0,93.0,66.0,79.0,55.0,47.0,66.0,10.0,7.8,7.8,64.0,Over 55,7.0,9.0,0.0,1.0,9.0,53.0,14.0,5.0,Healthcare,Consulting,2.9,2.1,2.0,0.6,0.5,0.3,0.6,0.6,1.8,0.6,0.3,2.5,0.2,9.6,17.7,6.6,4.2,1.2,0.2,1.9,1.0,2.4,2.48,1.65,0.55,0.45,0.25,0.45,0.5,Joyful Striver,62.0,13.0,-3.0,-19.0,-21.0,4.0,2.0,98,44,17,81,44,72,89,59,50,48,90,99,67,47,22,70,61,95,63,53,29,27,71,24,32,11,56,64,46,63
542.0,HBS,Men,Married,25th,6.0,4.0,3+,4.0,Kids,1.0,3492565.0,4.0,More than 1M,5.0,86.0,90.0,85.0,48.0,88.0,90.0,33.0,6.6,6.6,62.0,Over 55,10.0,9.0,10.0,2.0,3.0,51.0,0.0,3.0,Consulting,Tech,1.8,0.3,2.3,2.4,1.6,1.9,2.4,0.2,2.0,1.0,1.8,0.4,1.3,6.5,2.7,7.7,16.2,3.6,1.3,8.0,0.3,1.5,2.3,1.9,inf,1.3,1.6,2.0,0.15,Joy Seeker,84.0,89.0,11.0,19.0,16.0,,3.0,39,59,86,54,48,76,92,42,76,82,99,85,92,24,27,39,23,35,34,95,46,25,51,92,63,98,76,26,97,80
543.0,IWF,Men,In a relationship,40th+,9.0,3.0,3+,4.0,Kids,1.0,1367682.0,4.0,More than 1M,,60.0,68.0,91.0,92.0,33.0,68.0,51.0,4.9,4.9,73.0,Over 55,1.0,9.0,6.0,5.0,7.0,50.0,6.0,1.0,Consulting,Finance,0.7,1.7,2.5,0.4,0.6,2.6,2.9,1.8,2.4,1.0,2.2,2.4,2.8,3.1,14.2,8.5,2.9,1.5,1.7,9.7,3.0,0.55,2.11,2.1,0.35,0.55,2.15,2.4,1.5,Purposeful Striver,,73.0,-18.0,9.0,-3.0,2.0,1.0,26,91,81,90,31,20,51,22,10,15,15,23,53,16,30,39,72,99,24,55,82,46,33,57,24,19,40,84,90,78
544.0,IWF,Women,Married,30th,inf,1.0,1,2.0,Kids,1.0,1316643.0,3.0,More than 1M,5.0,39.0,83.0,30.0,69.0,76.0,83.0,75.0,5.3,5.3,46.0,45 - 55,0.0,8.0,4.0,4.0,11.0,54.0,5.0,3.0,Tech,Consulting,2.0,0.8,1.8,1.0,0.8,2.5,0.8,3.0,2.0,1.4,,1.4,0.7,7.0,6.4,6.1,6.9,2.0,1.7,2.7,4.9,1.7,2.34,1.55,0.85,0.7,2.05,0.65,2.45,Flourisher,86.0,68.0,-13.0,-17.0,-9.0,3.0,2.0,71,71,96,90,50,52,26,87,60,92,58,98,15,87,74,60,45,18,47,99,58,50,26,55,15,53,85,68,22,38
545.0,Xilio,Men,Married,20th,5.0,0.0,0,1.0,No Kids,2.0,1563584.0,3.0,More than 1M,5.0,inf,89.0,44.0,86.0,31.0,89.0,37.0,3.6,3.6,47.0,45 - 55,5.0,10.0,1.0,9.0,,48.0,0.0,8.0,Consulting,Healthcare,1.9,2.9,0.3,2.6,1.2,1.9,1.5,0.5,1.2,1.0,2.7,1.4,0.8,6.6,24.1,0.9,17.3,2.8,1.3,4.9,0.8,1.55,2.31,0.2,2.15,1.0,1.55,1.25,0.4,Purpose Seeker,13.0,14.0,-18.0,-18.0,-14.0,2.0,4.0,93,26,52,81,14,26,72,71,14,57,82,81,59,59,17,97,100,30,32,67,28,34,57,37,44,79,17,19,29,81
546.0,IWF,Men,Married,5th,2.0,2.0,2,3.0,Kids,1.0,424540.0,4.0,250K – 500K,3.0,17.0,65.0,35.0,,61.0,65.0,13.0,3.1,3.1,66.0,Over 55,5.0,6.0,6.0,1.0,14.0,55.0,11.0,7.0,Finance,Finance,1.1,1.5,1.5,0.5,2.4,0.2,0.3,0.1,1.5,0.3,1.2,1.3,0.3,4.2,12.1,4.9,3.1,5.7,0.2,0.9,0.2,0.9,2.18,1.2,0.4,2.05,0.2,0.2,0.1,Flourisher,59.0,11.0,-3.0,19.0,-3.0,1.0,1.0,98,97,10,28,51,13,54,52,22,16,59,77,81,74,57,57,33,72,61,37,64,17,93,16,84,100,98,42,26,17
547.0,Xilio,Women,Single,25th,6.0,0.0,0,1.0,No Kids,2.0,2645075.0,4.0,More than 1M,5.0,36.0,69.0,27.0,46.0,40.0,69.0,68.0,,6.4,58.0,Over 55,3.0,4.0,3.0,3.0,8.0,53.0,5.0,3.0,Consulting,Tech,0.3,2.4,0.2,0.2,0.0,0.3,1.7,2.3,2.4,0.4,2.9,1.5,1.8,2.0,20.1,0.8,1.7,0.1,0.2,5.6,3.9,0.3,2.06,0.2,0.2,0.05,0.3,1.4,1.95,Triumvirate,19.0,56.0,17.0,-9.0,-10.0,2.0,3.0,95,12,60,72,96,72,86,58,28,89,90,37,97,76,94,42,49,15,75,23,49,97,95,80,17,44,70,87,60,63
548.0,IWF,Men,,40th+,9.0,3.0,3+,4.0,Kids,1.0,4969003.0,4.0,More than 1M,5.0,68.0,88.0,70.0,13.0,30.0,88.0,10.0,8.9,8.9,64.0,Over 55,9.0,0.0,10.0,5.0,12.0,51.0,10.0,3.0,Consulting,Healthcare,2.0,1.7,1.2,1.5,1.9,0.1,1.5,0.8,1.1,0.1,2.6,2.8,2.0,7.0,13.8,4.1,9.7,4.5,0.1,5.0,1.3,1.7,2.34,1.0,1.2,1.6,0.1,1.25,0.65,Purposeful Striver,49.0,67.0,-25.0,-9.0,-23.0,2.0,4.0,22,41,33,47,90,77,16,45,21,78,21,80,29,53,52,83,38,23,66,18,16,93,79,91,66,71,53,46,100,16
549.0,IWF,Men,Married,40th+,9.0,3.0,3+,4.0,Kids,1.0,4472987.0,3.0,More than 1M,5.0,45.0,,17.0,48.0,68.0,,86.0,8.6,8.6,53.0,45 - 55,5.0,6.0,10.0,1.0,1.0,54.0,18.0,0.0,Finance,Consulting,1.6,0.1,1.2,0.9,2.0,0.8,0.4,2.5,1.2,1.4,0.9,1.6,1.9,5.7,1.1,4.1,6.0,4.7,0.5,1.4,4.1,1.3,2.26,1.0,0.75,1.65,0.65,0.35,2.05,Purpose Seeker,12.0,29.0,19.0,7.0,4.0,1.0,2.0,68,22,33,76,85,90,36,19,57,25,32,19,23,40,62,91,62,42,66,35,14,93,16,97,59,83,59,17,64,92
550.0,HBS,Women,Single,40th+,9.0,2.0,2,3.0,Kids,1.0,56790.0,3.0,,1.0,78.0,76.0,45.0,47.0,41.0,76.0,63.0,2.7,2.7,47.0,45 - 55,9.0,2.0,3.0,7.0,13.0,54.0,6.0,0.0,Other,Tech,2.3,1.9,0.2,1.7,2.4,0.4,1.3,2.1,0.3,2.9,0.5,2.9,2.6,8.0,15.8,0.7,11.3,5.6,0.3,4.4,3.5,1.95,2.39,0.15,1.4,2.0,0.35,1.1,1.75,Triumvirate,61.0,9.0,-2.0,6.0,-4.0,5.0,3.0,28,98,26,68,96,50,19,15,34,10,63,66,14,52,94,28,31,80,88,11,51,27,23,15,58,82,44,42,42,32
551.0,Xilio,Women,Married,10th,3.0,4.0,3+,4.0,Kids,1.0,1721738.0,2.0,More than 1M,5.0,76.0,90.0,96.0,19.0,27.0,90.0,71.0,5.1,5.1,36.0,35 - 45,1.0,8.0,4.0,6.0,7.0,51.0,14.0,8.0,Other,Finance,1.6,2.9,1.0,2.4,2.8,0.8,1.0,2.8,2.7,0.3,1.3,0.5,1.5,5.7,23.8,3.5,16.1,6.5,0.5,3.3,4.7,1.3,2.26,0.85,2.0,2.35,0.65,0.85,2.35,Striver,19.0,67.0,9.0,-18.0,-17.0,inf,1.0,58,82,14,78,89,92,43,66,66,46,78,75,50,86,36,80,81,33,61,84,97,77,20,67,97,29,85,16,30,41
552.0,HBS,Women,In a relationship,30th,7.0,1.0,1,2.0,Kids,1.0,2938873.0,4.0,More than 1M,5.0,60.0,67.0,60.0,61.0,18.0,67.0,92.0,6.4,6.4,79.0,Over 55,10.0,0.0,8.0,7.0,9.0,50.0,16.0,4.0,Tech,inf,2.6,1.8,0.3,0.4,0.1,1.2,1.6,1.2,0.3,2.8,1.2,2.2,0.4,8.7,15.0,1.1,2.7,0.1,0.8,5.2,2.0,2.15,2.43,0.3,0.35,0.05,0.95,1.3,1.0,Purpose Seeker,76.0,25.0,-2.0,-7.0,,3.0,2.0,21,77,29,22,76,14,45,10,44,92,68,99,49,57,28,66,24,82,44,90,57,57,21,77,30,44,70,43,90,71
553.0,Xilio,Women,Married,1st,1.0,4.0,3+,4.0,Kids,1.0,478345.0,3.0,250K – 500K,3.0,92.0,62.0,99.0,46.0,40.0,62.0,11.0,4.1,4.1,51.0,45 - 55,10.0,2.0,1.0,3.0,3.0,53.0,3.0,1.0,inf,Consulting,1.7,2.5,2.4,1.7,0.5,2.8,1.8,2.0,1.9,2.2,1.7,2.4,0.9,6.0,20.5,8.1,11.6,1.1,1.9,5.9,3.3,,2.28,2.0,1.45,0.4,2.35,1.45,,Flourisher,9.0,76.0,-9.0,12.0,11.0,3.0,2.0,70,23,30,56,39,41,34,80,85,46,45,59,43,91,32,28,78,84,83,43,16,79,14,64,45,46,94,80,31,54
554.0,HBS,Women,In a relationship,30th,inf,4.0,3+,4.0,Kids,1.0,779074.0,3.0,500K - 1M,4.0,81.0,64.0,43.0,83.0,97.0,64.0,35.0,4.0,4.0,49.0,45 - 55,2.0,8.0,3.0,6.0,15.0,50.0,18.0,3.0,Consulting,Finance,1.7,2.7,2.8,1.5,2.7,1.8,0.0,1.4,1.2,1.9,1.8,2.0,2.0,6.0,22.1,9.5,10.1,6.2,1.2,0.1,2.3,1.4,2.28,2.35,1.25,2.2,1.55,0.0,1.15,Purposeful Striver,71.0,42.0,-21.0,-23.0,-3.0,2.0,1.0,28,20,67,70,66,95,15,67,14,90,12,23,89,90,59,97,73,96,23,28,20,76,14,76,80,81,99,16,34,77
555.0,HBS,Women,In a relationship,1st,1.0,1.0,1,2.0,Kids,1.0,3715501.0,4.0,More than 1M,5.0,65.0,74.0,21.0,91.0,31.0,74.0,59.0,7.6,7.6,73.0,Over 55,3.0,7.0,9.0,3.0,5.0,50.0,6.0,4.0,Finance,Tech,2.6,0.7,0.2,0.4,1.4,2.5,2.3,1.9,1.2,1.9,2.2,1.8,1.8,8.9,5.7,0.7,2.9,3.2,1.7,7.6,3.2,2.2,2.44,0.2,0.35,1.15,2.1,1.9,1.6,Flourisher,28.0,9.0,-6.0,-21.0,-13.0,1.0,3.0,85,65,40,40,95,79,33,100,31,73,67,25,54,90,60,88,13,60,100,48,82,27,29,58,78,63,64,50,76,39
556.0,inf,Men,Single,20th,5.0,0.0,0,1.0,No Kids,2.0,1909490.0,1.0,More than 1M,5.0,50.0,37.0,91.0,16.0,84.0,37.0,19.0,5.1,5.1,33.0,0 - 35,2.0,10.0,10.0,4.0,15.0,51.0,12.0,9.0,Consulting,Tech,1.2,0.6,2.9,1.9,1.7,2.1,2.1,1.3,2.0,2.5,1.5,1.7,1.6,4.6,5.3,9.6,12.5,4.0,1.4,7.1,2.2,1.0,2.2,2.4,1.55,1.4,1.8,1.8,1.1,Purpose Seeker,78.0,79.0,-5.0,-13.0,6.0,2.0,3.0,18,76,20,89,82,44,27,30,86,99,97,63,80,70,52,50,84,11,23,91,58,27,63,60,67,89,75,64,100,48
557.0,IWF,Men,Married,20th,5.0,4.0,3+,4.0,Kids,,3917857.0,4.0,More than 1M,,45.0,88.0,47.0,14.0,78.0,88.0,10.0,7.5,7.5,62.0,Over 55,3.0,7.0,3.0,7.0,12.0,49.0,17.0,0.0,,Finance,0.4,1.8,1.6,0.8,2.0,0.3,1.1,0.6,0.2,0.3,0.3,2.6,2.0,2.2,15.3,5.2,5.5,4.6,0.2,3.7,0.9,0.35,2.07,1.3,0.7,1.65,0.3,0.9,0.45,Joyful Striver,52.0,40.0,14.0,20.0,20.0,4.0,1.0,80,38,61,31,38,31,96,89,66,95,64,52,89,84,60,51,27,24,42,22,39,65,64,68,72,37,23,16,100,14
558.0,HBS,Women,Single,1st,1.0,0.0,0,1.0,No Kids,2.0,3206083.0,3.0,More than 1M,5.0,63.0,88.0,40.0,87.0,45.0,88.0,78.0,6.6,6.6,54.0,45 - 55,2.0,1.0,0.0,2.0,3.0,51.0,14.0,3.0,Other,Consulting,0.1,1.2,0.9,1.5,2.0,2.2,0.2,1.5,1.8,,2.6,2.5,1.9,1.3,10.3,3.0,9.8,4.8,1.5,0.5,2.5,0.05,2.01,0.75,1.2,1.7,1.85,0.15,1.25,Triumvirate,83.0,25.0,5.0,5.0,-3.0,5.0,2.0,37,18,24,95,46,74,15,65,56,71,66,51,80,93,78,96,51,44,61,14,50,32,67,15,25,79,13,93,21,76
559.0,IWF,Women,Married,40th+,9.0,2.0,2,3.0,Kids,1.0,1484908.0,4.0,More than 1M,5.0,59.0,inf,78.0,92.0,21.0,45.0,89.0,5.0,5.0,78.0,Over 55,3.0,5.0,9.0,2.0,1.0,51.0,13.0,1.0,Finance,Tech,2.3,2.5,0.2,0.2,2.8,0.8,2.3,1.6,2.3,2.1,0.9,0.4,2.6,7.8,21.0,0.8,1.6,6.5,0.6,7.5,2.6,1.9,2.38,0.2,0.2,2.35,0.7,1.9,1.3,Triumvirate,16.0,5.0,20.0,-10.0,19.0,1.0,3.0,87,76,92,52,96,93,38,96,63,81,26,90,36,19,50,61,39,45,10,59,12,44,88,99,15,41,26,27,24,31
560.0,HBS,Women,In a relationship,25th,6.0,1.0,1,2.0,Kids,1.0,2283694.0,4.0,More than 1M,5.0,69.0,46.0,75.0,56.0,72.0,46.0,12.0,5.5,5.5,71.0,Over 55,10.0,8.0,7.0,7.0,2.0,49.0,2.0,2.0,Other,Consulting,1.9,2.7,1.5,1.4,3.0,1.9,2.9,2.4,2.5,1.8,2.9,2.5,1.8,,22.5,5.0,9.2,7.0,1.3,9.6,4.1,1.55,2.31,1.25,1.15,2.5,1.6,2.4,2.05,Joyful Striver,69.0,11.0,10.0,6.0,-9.0,5.0,2.0,61,34,16,76,22,31,34,29,12,70,48,31,87,38,81,13,24,48,43,32,95,15,99,60,87,20,78,52,93,37
561.0,IWF,Women,Married,1st,1.0,3.0,3+,4.0,Kids,1.0,3349144.0,4.0,More than 1M,5.0,76.0,48.0,17.0,98.0,75.0,48.0,39.0,7.2,7.2,71.0,Over 55,8.0,4.0,5.0,5.0,4.0,48.0,14.0,8.0,Healthcare,Other,2.1,1.1,2.4,0.9,2.2,1.0,0.7,2.2,0.5,2.5,0.4,1.2,2.3,7.3,8.8,7.9,6.1,5.0,0.7,2.4,3.7,1.75,2.35,2.0,0.75,1.8,0.85,0.6,1.85,Purpose Seeker,12.0,59.0,-15.0,-4.0,14.0,4.0,5.0,92,85,37,63,41,20,64,63,62,42,99,77,87,57,20,13,79,13,28,97,49,35,39,47,61,51,33,87,95,31
562.0,Xilio,Women,In a relationship,20th,5.0,,2,3.0,Kids,1.0,335062.0,4.0,250K – 500K,3.0,19.0,96.0,50.0,27.0,35.0,96.0,67.0,4.4,4.4,68.0,Over 55,8.0,3.0,3.0,3.0,10.0,53.0,3.0,4.0,Consulting,Finance,0.6,0.7,2.1,2.5,0.9,3.0,1.0,2.0,2.7,0.2,2.9,0.8,0.7,2.9,5.9,7.1,16.4,2.0,2.0,3.2,3.3,0.55,2.11,1.75,2.05,0.7,2.5,0.8,1.65,Joyful Striver,25.0,88.0,-11.0,3.0,-5.0,2.0,1.0,25,51,60,19,55,86,90,34,93,75,77,28,53,90,89,14,64,73,33,38,60,94,33,20,11,32,58,49,11,95
inf,IWF,Women,Single,15th,4.0,0.0,0,1.0,No Kids,2.0,4979499.0,4.0,More than 1M,5.0,68.0,51.0,98.0,88.0,13.0,51.0,36.0,9.4,9.4,72.0,Over 55,2.0,0.0,8.0,0.0,6.0,48.0,14.0,1.0,Other,Other,0.4,2.3,0.2,0.2,2.6,0.8,0.6,0.3,2.0,2.1,0.3,2.6,2.0,2.2,19.5,0.5,1.1,6.2,0.5,1.8,0.6,0.35,2.07,0.15,0.15,2.2,0.65,0.45,0.3,Joy Seeker,52.0,79.0,-7.0,-4.0,-24.0,5.0,5.0,78,18,67,51,32,12,55,37,40,39,64,75,42,71,97,50,62,83,13,81,93,70,96,61,98,39,64,62,13,38
564.0,Xilio,Men,Married,25th,6.0,3.0,3+,4.0,Kids,1.0,2417312.0,4.0,More than 1M,5.0,97.0,84.0,18.0,20.0,50.0,84.0,75.0,5.7,5.7,60.0,Over 55,1.0,5.0,4.0,9.0,5.0,49.0,1.0,2.0,Consulting,Other,0.0,0.8,0.2,1.3,,0.8,1.7,2.2,2.6,1.6,0.7,1.3,2.7,1.1,6.9,0.7,8.4,0.3,0.6,5.8,3.6,0.05,2.01,0.2,1.05,0.1,0.7,1.45,1.8,Purpose Seeker,85.0,38.0,-19.0,17.0,11.0,2.0,5.0,21,88,14,73,54,18,33,14,78,29,54,48,42,22,94,96,25,15,45,35,41,97,82,29,86,18,80,23,54,52
565.0,Xilio,Women,Single,10th,3.0,0.0,0,1.0,No Kids,2.0,3723976.0,4.0,More than 1M,5.0,76.0,95.0,93.0,53.0,16.0,95.0,32.0,8.1,8.1,63.0,Over 55,9.0,0.0,2.0,1.0,8.0,50.0,inf,9.0,Healthcare,Other,1.1,2.5,1.2,1.4,0.7,2.8,0.5,1.5,1.5,1.1,0.1,2.4,1.2,4.2,20.6,inf,9.2,1.6,1.9,1.5,2.5,0.9,2.18,1.0,1.15,0.6,2.35,0.4,1.25,Purpose Seeker,53.0,72.0,2.0,-23.0,-20.0,4.0,5.0,34,49,14,30,26,69,84,30,97,69,85,82,53,53,61,70,82,66,86,88,57,24,12,19,27,97,32,30,22,51
566.0,HBS,Men,In a relationship,5th,2.0,2.0,2,3.0,Kids,1.0,4438224.0,4.0,More than 1M,5.0,97.0,28.0,48.0,89.0,70.0,28.0,91.0,8.1,8.1,80.0,Over 55,6.0,9.0,7.0,6.0,12.0,49.0,13.0,9.0,Other,Other,1.8,1.3,0.9,2.2,2.7,0.1,1.1,2.7,1.6,1.0,2.1,0.8,2.3,6.3,10.6,3.0,14.5,6.3,0.0,3.6,4.5,1.45,2.29,0.75,1.8,2.25,0.05,0.9,2.25,Joy Seeker,23.0,5.0,17.0,-16.0,18.0,5.0,5.0,61,34,17,89,94,85,35,27,42,91,10,28,29,56,32,84,43,39,67,66,80,100,57,35,90,68,90,66,64,69
567.0,Xilio,Women,Married,5th,2.0,3.0,3+,4.0,Kids,1.0,4065493.0,2.0,More than 1M,5.0,69.0,55.0,55.0,49.0,45.0,55.0,60.0,6.9,6.9,45.0,35 - 45,1.0,8.0,9.0,3.0,7.0,49.0,18.0,1.0,Healthcare,Other,1.2,2.0,0.7,1.7,0.8,2.1,2.1,2.8,2.8,1.9,2.6,0.0,2.2,,,2.3,11.5,1.8,1.4,7.0,4.6,1.0,2.2,0.6,1.45,0.65,1.75,1.75,2.3,Purposeful Striver,16.0,48.0,-21.0,16.0,-8.0,4.0,5.0,94,14,73,85,75,96,37,56,81,83,30,25,45,73,58,64,36,83,41,10,80,41,80,57,85,37,21,100,41,86
568.0,IWF,Women,Married,10th,3.0,3.0,3+,4.0,Kids,1.0,3418532.0,3.0,More than 1M,5.0,56.0,86.0,54.0,57.0,64.0,86.0,75.0,6.6,6.6,47.0,45 - 55,8.0,0.0,6.0,9.0,14.0,55.0,15.0,2.0,Consulting,Finance,1.3,0.3,0.8,2.0,0.7,2.2,1.7,0.2,2.7,2.7,1.3,1.5,0.2,4.9,,2.8,13.3,1.5,1.5,5.6,0.3,1.1,2.22,0.7,1.65,0.55,,1.4,0.15,Purposeful Striver,inf,90.0,-21.0,-5.0,4.0,2.0,1.0,62,20,19,75,15,23,12,79,97,33,92,63,16,100,47,84,22,76,18,37,29,21,31,100,44,97,20,55,31,80
569.0,Xilio,Women,In a relationship,10th,3.0,3.0,3+,4.0,Kids,1.0,1455541.0,3.0,More than 1M,5.0,inf,27.0,74.0,91.0,59.0,27.0,31.0,3.8,3.8,48.0,45 - 55,9.0,1.0,7.0,1.0,10.0,55.0,15.0,6.0,Other,Tech,2.7,1.9,2.4,2.3,0.4,2.5,1.2,2.5,1.3,1.5,2.8,0.3,1.7,9.1,15.6,8.0,15.5,1.0,1.7,3.9,4.1,2.25,2.45,2.0,1.95,0.35,2.1,0.95,2.05,Joy Seeker,39.0,18.0,4.0,-10.0,-4.0,5.0,3.0,32,68,47,50,27,27,84,66,59,13,30,34,41,62,56,22,36,99,89,71,98,14,23,23,95,88,84,35,98,83
570.0,IWF,Women,Single,25th,6.0,0.0,0,1.0,No Kids,2.0,1901403.0,4.0,More than 1M,5.0,27.0,62.0,86.0,48.0,83.0,62.0,33.0,5.1,5.1,76.0,Over 55,1.0,3.0,7.0,1.0,2.0,50.0,8.0,6.0,Consulting,Finance,1.0,1.4,2.8,2.6,2.6,2.9,1.3,0.1,0.8,2.5,1.8,2.3,0.4,4.1,11.3,,17.2,6.0,1.9,4.2,0.2,0.85,2.17,2.3,2.15,2.15,2.45,1.05,0.1,Flourisher,53.0,70.0,6.0,-14.0,,2.0,1.0,25,97,90,33,31,82,47,28,93,46,61,27,76,99,81,23,82,24,76,56,44,73,57,68,48,42,38,100,100,77
571.0,IWF,Men,Single,5th,2.0,0.0,0,1.0,No Kids,2.0,4878287.0,3.0,More than 1M,5.0,34.0,41.0,43.0,31.0,82.0,41.0,42.0,8.9,8.9,51.0,45 - 55,inf,7.0,6.0,2.0,12.0,52.0,1.0,2.0,Consulting,Healthcare,1.5,1.8,1.2,0.9,inf,inf,1.7,1.1,1.2,1.2,,inf,2.9,5.6,14.7,4.1,6.3,3.5,2.0,5.6,1.8,1.3,2.26,1.0,0.8,1.25,2.45,1.4,0.9,Striver,42.0,37.0,-18.0,-24.0,4.0,2.0,4.0,66,88,17,44,42,32,70,74,25,13,91,32,48,86,16,69,78,26,29,87,33,80,38,21,10,56,71,33,64,68
572.0,IWF,Women,Single,1st,1.0,3.0,3+,4.0,Kids,1.0,851052.0,4.0,500K - 1M,4.0,53.0,58.0,95.0,50.0,,58.0,83.0,4.8,4.8,79.0,Over 55,6.0,10.0,2.0,5.0,inf,52.0,1.0,5.0,Other,Other,2.4,0.5,2.7,1.6,2.0,0.2,0.0,1.6,1.2,0.3,2.5,1.3,2.4,8.1,4.2,9.1,10.8,4.7,0.1,0.1,2.7,1.95,2.39,2.25,1.35,1.7,0.15,0.0,1.35,Striver,58.0,60.0,-16.0,15.0,-9.0,5.0,5.0,48,47,34,65,39,83,87,12,85,86,52,94,33,85,75,81,95,100,83,68,49,95,59,32,46,31,62,14,26,95
573.0,Xilio,Men,Married,5th,2.0,3.0,3+,4.0,Kids,1.0,1837150.0,4.0,More than 1M,5.0,85.0,56.0,99.0,30.0,99.0,56.0,94.0,5.3,5.3,59.0,Over 55,1.0,5.0,3.0,7.0,9.0,51.0,8.0,8.0,Other,Tech,1.2,2.2,1.0,inf,0.7,2.5,0.2,0.4,0.9,0.2,0.9,0.3,0.3,4.6,18.4,3.2,16.8,1.7,1.6,0.8,0.7,1.0,2.2,0.8,2.1,0.6,2.05,0.2,0.35,Joyful Striver,39.0,48.0,12.0,-2.0,17.0,5.0,3.0,62,81,82,39,90,92,60,51,86,98,61,20,95,53,86,34,40,27,71,40,86,36,89,94,30,38,57,51,79,93
574.0,IWF,Women,Single,25th,6.0,1.0,1,2.0,Kids,1.0,2255300.0,3.0,More than 1M,5.0,63.0,inf,50.0,52.0,59.0,90.0,29.0,5.6,5.6,52.0,45 - 55,0.0,3.0,6.0,9.0,8.0,48.0,5.0,7.0,Finance,Healthcare,1.9,2.6,1.4,3.0,2.3,1.9,2.6,2.2,0.8,0.2,1.1,0.9,0.4,6.6,21.6,4.8,19.8,5.3,1.3,8.8,3.7,1.55,2.31,1.2,2.45,1.9,1.6,2.2,1.85,Purpose Seeker,14.0,77.0,6.0,9.0,6.0,1.0,4.0,51,14,75,66,41,56,99,30,48,86,76,48,79,37,71,91,12,28,67,79,61,88,19,81,10,43,100,52,60,93
575.0,HBS,Men,Single,20th,5.0,1.0,1,2.0,inf,1.0,1885567.0,1.0,More than 1M,5.0,99.0,47.0,69.0,95.0,40.0,47.0,93.0,5.7,5.7,35.0,0 - 35,2.0,7.0,7.0,10.0,15.0,51.0,2.0,2.0,Healthcare,Other,2.6,0.7,0.7,2.7,2.3,1.9,0.2,0.0,2.6,1.1,2.7,2.3,1.8,8.8,5.4,2.3,17.8,5.3,1.3,0.8,0.0,2.15,2.43,0.55,2.2,1.9,1.6,0.2,0.0,Striver,5.0,28.0,2.0,4.0,inf,4.0,5.0,67,57,88,56,51,78,57,49,98,27,53,77,97,11,96,53,39,85,31,58,48,54,80,48,13,51,95,41,89,15
576.0,IWF,Men,Single,1st,1.0,2.0,2,3.0,Kids,1.0,1564837.0,2.0,More than 1M,5.0,63.0,10.0,16.0,47.0,14.0,10.0,95.0,3.7,3.7,43.0,35 - 45,7.0,5.0,7.0,2.0,7.0,54.0,16.0,6.0,Consulting,Finance,2.8,0.3,1.9,1.1,0.9,,2.1,0.5,0.2,1.0,2.7,0.5,1.0,9.5,2.4,6.4,7.4,2.2,0.3,7.1,0.8,2.35,2.47,1.6,0.95,0.8,0.3,1.75,0.4,Flourisher,35.0,69.0,-9.0,4.0,-12.0,2.0,1.0,48,99,59,44,87,56,30,76,55,97,41,34,96,66,38,91,30,97,76,14,77,44,98,18,67,61,75,97,17,82
577.0,Xilio,Women,In a relationship,25th,6.0,1.0,1,2.0,Kids,1.0,3531268.0,2.0,More than 1M,5.0,68.0,60.0,20.0,72.0,10.0,60.0,88.0,7.3,7.3,37.0,35 - 45,2.0,0.0,5.0,4.0,inf,50.0,5.0,3.0,Other,Tech,0.4,0.1,2.9,0.6,1.2,2.0,2.8,1.7,2.0,2.2,2.9,1.9,0.1,2.3,0.6,9.8,3.9,2.9,1.3,9.2,2.9,0.35,2.07,2.45,0.5,1.05,1.65,inf,1.45,Triumvirate,87.0,77.0,5.0,9.0,-16.0,5.0,3.0,23,27,76,28,19,96,63,34,97,75,19,72,63,66,47,19,15,78,84,40,70,35,36,97,10,56,57,15,70,37
578.0,Xilio,Women,Married,40th+,9.0,3.0,3+,4.0,Kids,1.0,3368442.0,3.0,More than 1M,5.0,18.0,68.0,67.0,75.0,60.0,68.0,76.0,7.4,7.4,49.0,45 - 55,8.0,8.0,9.0,11.0,9.0,51.0,18.0,0.0,Tech,Healthcare,2.8,1.9,1.8,1.5,0.6,2.9,0.8,2.1,0.5,2.2,2.7,2.8,1.6,9.3,16.0,6.0,9.8,1.5,2.0,2.7,3.6,2.3,2.46,1.5,1.2,0.5,2.45,0.7,1.8,Triumvirate,75.0,81.0,-18.0,-7.0,10.0,3.0,4.0,14,79,58,17,45,39,65,64,56,57,73,39,47,43,93,80,41,33,98,46,85,32,88,34,22,83,68,83,19,86
579.0,Xilio,Men,In a relationship,40th+,9.0,1.0,1,2.0,Kids,1.0,,3.0,More than 1M,5.0,82.0,50.0,85.0,66.0,95.0,50.0,81.0,inf,8.2,47.0,45 - 55,10.0,1.0,inf,2.0,3.0,49.0,2.0,4.0,,Other,1.5,1.8,1.1,2.2,2.9,2.7,1.1,2.7,1.0,0.2,0.4,2.0,1.2,5.4,15.2,3.6,14.8,6.8,1.8,3.7,4.6,1.25,2.25,0.9,1.85,2.45,2.3,0.95,2.3,Joy Seeker,18.0,40.0,14.0,-18.0,8.0,3.0,5.0,44,46,45,35,43,34,68,93,53,42,88,54,83,96,42,59,51,100,57,88,90,22,37,26,55,60,80,76,28,40
580.0,HBS,Women,Married,5th,2.0,3.0,3+,4.0,Kids,1.0,,2.0,More than 1M,5.0,11.0,69.0,inf,69.0,58.0,69.0,87.0,9.0,9.0,40.0,35 - 45,3.0,4.0,2.0,9.0,4.0,50.0,0.0,1.0,Consulting,Finance,0.8,1.6,1.9,1.5,1.9,1.3,1.7,2.1,0.2,0.7,2.5,2.4,0.3,3.3,13.7,6.5,9.9,4.5,0.9,5.7,3.5,0.65,2.13,1.6,1.25,1.6,1.1,1.4,1.75,Striver,76.0,45.0,-1.0,0.0,-17.0,inf,1.0,96,69,77,80,82,37,81,61,18,67,78,99,89,67,38,53,71,57,17,24,74,99,18,51,56,54,66,16,23,48
581.0,IWF,Men,Married,15th,4.0,4.0,3+,4.0,Kids,1.0,4839954.0,inf,More than 1M,5.0,86.0,92.0,29.0,37.0,49.0,92.0,52.0,9.0,9.0,48.0,45 - 55,3.0,6.0,5.0,6.0,,51.0,17.0,8.0,Finance,Finance,1.4,0.7,0.4,1.4,2.8,0.1,2.6,2.0,0.8,0.8,1.2,0.3,2.4,5.1,5.8,1.2,9.7,inf,0.1,inf,3.4,1.15,2.23,0.3,1.2,2.35,0.1,2.2,1.7,Joyful Striver,9.0,62.0,-17.0,14.0,16.0,1.0,1.0,84,57,87,39,37,34,60,53,96,92,77,70,84,61,88,23,98,39,82,61,71,12,80,38,90,84,85,38,76,59
582.0,HBS,Men,Single,25th,6.0,4.0,3+,4.0,Kids,1.0,453570.0,4.0,250K – 500K,3.0,95.0,86.0,49.0,51.0,37.0,86.0,20.0,3.3,3.3,58.0,Over 55,4.0,7.0,1.0,4.0,11.0,50.0,13.0,9.0,Finance,Tech,2.9,1.2,2.7,,0.9,1.1,2.8,1.2,2.3,1.6,3.0,0.8,2.7,9.8,9.8,8.9,16.8,2.1,0.7,9.4,2.0,2.45,2.49,2.2,2.1,0.75,0.9,2.35,1.0,Striver,74.0,58.0,-24.0,,2.0,1.0,3.0,27,86,50,16,20,83,29,94,59,82,37,60,41,38,32,24,41,24,24,78,90,38,89,69,85,43,12,43,64,87
583.0,HBS,Men,Married,20th,5.0,2.0,2,3.0,Kids,1.0,2403139.0,2.0,More than 1M,5.0,87.0,26.0,98.0,58.0,22.0,26.0,18.0,6.2,6.2,39.0,35 - 45,6.0,5.0,5.0,3.0,14.0,51.0,0.0,4.0,Other,Other,,1.8,1.5,1.1,2.3,2.5,2.2,0.0,2.7,0.4,1.4,2.7,2.3,5.4,14.9,5.0,7.2,5.5,1.7,7.4,0.0,1.25,2.25,1.25,0.9,1.95,2.05,1.85,0.0,Flourisher,58.0,67.0,-11.0,4.0,-15.0,5.0,5.0,85,37,98,76,87,87,95,65,86,37,62,18,54,44,12,25,95,56,41,20,11,75,35,76,16,30,90,16,70,95
584.0,Xilio,Women,In a relationship,25th,6.0,0.0,0,1.0,No Kids,2.0,888158.0,4.0,500K - 1M,4.0,72.0,19.0,33.0,12.0,63.0,19.0,72.0,5.2,inf,63.0,Over 55,9.0,8.0,7.0,2.0,12.0,55.0,2.0,5.0,Finance,Healthcare,1.0,1.5,1.3,2.6,2.3,2.1,0.3,0.4,0.7,0.4,1.7,2.1,2.5,4.0,12.4,4.5,17.2,5.4,1.4,0.9,0.6,0.8,2.16,1.1,2.15,1.9,1.75,0.2,0.3,Purpose Seeker,17.0,56.0,-23.0,-19.0,-12.0,1.0,4.0,18,78,71,74,48,67,68,64,69,44,60,85,70,84,54,11,97,53,62,52,15,73,90,94,60,22,41,90,65,46
585.0,HBS,Men,Single,1st,1.0,4.0,3+,4.0,Kids,1.0,2144792.0,4.0,More than 1M,5.0,97.0,94.0,44.0,66.0,77.0,94.0,,5.6,5.6,63.0,Over 55,2.0,9.0,9.0,2.0,0.0,55.0,1.0,3.0,Other,Tech,1.9,3.0,1.8,1.2,2.1,1.4,2.0,1.6,1.4,2.8,1.6,1.9,0.6,6.7,24.7,5.9,8.1,4.8,0.9,6.7,2.7,1.6,2.32,1.45,1.0,1.75,1.15,1.65,1.35,Joyful Striver,7.0,40.0,10.0,-23.0,13.0,5.0,3.0,83,86,19,45,56,50,80,96,24,19,62,11,79,57,17,39,48,36,76,79,84,37,96,66,12,63,17,86,72,97
586.0,Xilio,Women,Married,25th,6.0,3.0,3+,4.0,Kids,1.0,82528.0,4.0,Less than 150K,1.0,54.0,36.0,68.0,47.0,89.0,36.0,67.0,3.2,3.2,74.0,Over 55,10.0,8.0,3.0,0.0,15.0,51.0,2.0,6.0,Consulting,Finance,0.7,0.4,1.9,1.0,2.9,0.2,1.2,2.0,1.4,2.4,1.0,2.0,0.8,3.2,3.4,6.2,6.6,6.8,0.1,4.1,3.4,0.6,2.12,1.55,0.8,2.4,0.15,1.05,1.7,Joy Seeker,46.0,40.0,-22.0,-25.0,-7.0,2.0,1.0,67,90,30,34,28,34,18,79,45,74,13,14,97,42,95,39,73,93,13,32,52,96,17,81,59,34,96,67,96,81
587.0,,Men,Single,1st,1.0,1.0,1,2.0,Kids,1.0,1903421.0,2.0,More than 1M,5.0,75.0,67.0,90.0,86.0,59.0,67.0,10.0,5.0,5.0,43.0,35 - 45,1.0,10.0,6.0,3.0,inf,48.0,1.0,2.0,Finance,Tech,0.2,2.1,0.2,1.4,1.2,1.3,1.4,1.3,2.6,0.5,0.2,1.2,0.6,1.7,17.4,0.7,9.1,2.8,0.9,4.7,2.1,0.2,2.04,0.2,1.15,1.0,1.05,1.2,1.05,Joy Seeker,13.0,77.0,-12.0,inf,-11.0,1.0,3.0,26,49,45,46,24,87,10,86,72,51,88,71,62,84,38,91,39,73,39,49,91,45,11,23,35,30,39,94,20,24
588.0,IWF,Women,In a relationship,10th,3.0,2.0,2,3.0,Kids,1.0,2628260.0,3.0,More than 1M,5.0,28.0,92.0,33.0,12.0,40.0,92.0,14.0,5.7,5.7,50.0,45 - 55,7.0,6.0,7.0,10.0,5.0,51.0,8.0,3.0,Consulting,Finance,0.4,1.2,2.0,2.3,0.4,1.4,0.1,2.2,2.3,1.2,2.7,0.1,2.3,2.2,10.1,6.8,15.2,0.9,0.9,0.5,3.7,0.3,2.06,1.7,1.9,0.35,1.15,0.1,1.85,Purpose Seeker,40.0,33.0,15.0,-1.0,2.0,2.0,1.0,16,54,21,10,37,57,38,96,78,94,26,78,60,82,11,40,72,50,22,72,49,15,66,48,40,10,24,40,56,60
589.0,HBS,Men,In a relationship,20th,5.0,2.0,2,3.0,Kids,1.0,1447077.0,4.0,More than 1M,5.0,90.0,76.0,68.0,12.0,28.0,76.0,14.0,5.1,5.1,71.0,Over 55,4.0,4.0,8.0,6.0,13.0,48.0,15.0,5.0,Tech,Other,0.4,1.3,0.7,0.4,2.0,2.8,0.6,1.6,1.5,1.1,2.4,2.4,2.8,2.2,10.7,2.4,2.5,4.7,1.9,1.9,2.6,0.3,2.06,0.6,0.3,1.7,2.3,0.5,1.3,Purpose Seeker,42.0,6.0,15.0,11.0,-2.0,3.0,5.0,55,71,100,24,33,19,72,82,95,18,76,61,85,87,59,86,40,77,30,11,98,20,61,25,71,67,83,82,15,79
590.0,Xilio,Men,In a relationship,10th,3.0,0.0,0,1.0,No Kids,2.0,3325887.0,1.0,More than 1M,5.0,24.0,91.0,71.0,90.0,46.0,91.0,77.0,6.6,6.6,30.0,0 - 35,3.0,5.0,9.0,3.0,inf,53.0,4.0,4.0,Finance,Healthcare,0.5,2.2,2.1,0.6,2.2,1.9,2.4,0.2,2.0,2.4,0.4,2.0,2.2,2.4,17.9,7.1,3.9,5.1,1.3,7.9,0.4,0.4,2.08,1.8,0.5,1.8,1.6,2.0,0.2,Striver,9.0,88.0,-1.0,-25.0,-18.0,1.0,4.0,22,67,11,46,81,84,81,90,89,69,83,95,65,18,74,29,96,14,50,88,48,47,67,27,35,78,64,54,43,32
591.0,IWF,Women,Single,20th,5.0,3.0,3+,4.0,Kids,1.0,3348230.0,1.0,More than 1M,5.0,92.0,67.0,38.0,51.0,68.0,67.0,97.0,7.0,7.0,34.0,0 - 35,1.0,5.0,6.0,11.0,6.0,55.0,13.0,6.0,Tech,Healthcare,0.4,2.1,2.5,2.9,1.7,0.9,1.4,0.6,2.5,,2.3,1.4,2.6,2.2,17.3,8.2,19.0,4.0,0.6,4.5,1.0,0.35,2.07,2.05,2.4,1.45,0.8,1.15,0.5,Flourisher,50.0,19.0,-16.0,-11.0,17.0,3.0,4.0,49,76,22,22,18,20,65,75,50,24,56,14,36,57,29,58,49,62,28,96,37,43,12,84,76,95,47,56,74,34
592.0,HBS,Men,Single,10th,3.0,3.0,3+,4.0,Kids,1.0,2282728.0,4.0,More than 1M,5.0,90.0,65.0,91.0,94.0,18.0,65.0,75.0,5.5,5.5,76.0,Over 55,1.0,6.0,1.0,7.0,1.0,48.0,12.0,4.0,Consulting,Consulting,1.9,3.0,2.4,0.5,0.6,1.6,0.9,2.5,0.0,0.4,1.9,2.7,1.9,6.8,24.8,8.0,3.5,1.4,1.1,3.0,4.2,1.6,2.32,2.0,0.45,0.5,1.3,0.75,2.1,Joyful Striver,27.0,80.0,-5.0,11.0,-17.0,2.0,2.0,51,65,62,17,56,94,77,28,83,66,65,68,47,76,61,44,42,17,57,95,89,90,17,29,64,80,24,86,98,55
593.0,IWF,Women,Married,5th,2.0,0.0,0,1.0,No Kids,2.0,2515195.0,2.0,More than 1M,5.0,81.0,97.0,10.0,75.0,27.0,97.0,94.0,6.2,6.2,39.0,35 - 45,7.0,1.0,7.0,10.0,6.0,53.0,13.0,6.0,Consulting,Finance,0.5,0.4,1.7,1.7,1.5,0.2,1.2,2.2,1.2,2.2,1.2,1.0,1.2,2.6,3.2,5.5,11.4,3.5,0.1,3.8,3.6,0.45,2.09,1.4,1.4,1.25,0.15,inf,1.8,Triumvirate,66.0,40.0,10.0,-13.0,7.0,2.0,1.0,18,49,41,14,42,30,44,92,33,78,32,77,71,92,94,32,72,31,95,82,72,76,68,55,37,22,39,90,73,32
594.0,IWF,Women,In a relationship,5th,2.0,1.0,1,2.0,Kids,1.0,4290507.0,4.0,More than 1M,5.0,60.0,68.0,35.0,84.0,24.0,68.0,54.0,8.3,8.3,65.0,Over 55,1.0,,,8.0,6.0,inf,7.0,4.0,Consulting,Healthcare,1.0,0.3,1.6,1.7,0.9,2.9,2.6,2.7,2.7,1.2,0.8,0.9,1.3,4.1,2.6,5.2,11.6,2.2,1.9,8.5,4.5,0.85,2.17,1.3,1.45,0.8,2.45,2.15,2.25,Joyful Striver,5.0,59.0,-14.0,14.0,7.0,2.0,4.0,59,49,25,69,71,95,12,16,91,31,27,18,27,45,46,70,34,16,72,56,73,55,11,54,53,61,55,81,96,19
595.0,Xilio,Men,In a relationship,30th,7.0,2.0,2,3.0,Kids,1.0,190775.0,2.0,150K – 250K,2.0,77.0,31.0,75.0,79.0,85.0,31.0,37.0,3.7,3.7,45.0,35 - 45,10.0,4.0,3.0,4.0,8.0,51.0,7.0,5.0,Other,Healthcare,2.7,2.2,0.4,1.5,1.3,1.1,2.2,0.4,2.2,0.8,2.6,2.6,0.2,9.1,18.1,1.4,9.8,3.0,0.7,7.5,0.6,2.25,2.45,0.35,1.2,1.05,0.9,1.85,0.3,Joy Seeker,29.0,59.0,1.0,-18.0,-7.0,5.0,4.0,36,100,41,82,28,54,16,72,58,73,10,31,73,80,81,93,45,31,29,39,21,95,71,13,90,32,73,82,91,82
596.0,IWF,Women,In a relationship,5th,2.0,0.0,0,1.0,No Kids,2.0,2697867.0,1.0,More than 1M,5.0,76.0,82.0,,82.0,54.0,82.0,12.0,6.0,6.0,33.0,0 - 35,10.0,6.0,1.0,11.0,4.0,51.0,11.0,7.0,Other,Healthcare,1.4,1.7,2.3,1.9,1.9,1.4,0.8,3.0,1.6,1.1,2.1,2.4,0.1,5.3,14.5,7.8,12.9,4.5,1.0,2.7,5.0,1.2,2.24,1.95,1.6,1.6,1.2,0.7,2.5,Striver,37.0,48.0,14.0,-21.0,-23.0,5.0,4.0,75,86,41,10,76,16,36,51,27,50,44,36,86,53,36,64,33,55,73,25,50,38,58,93,47,30,35,82,87,86
597.0,Xilio,Women,Single,25th,6.0,0.0,0,1.0,No Kids,2.0,1593299.0,3.0,More than 1M,5.0,59.0,,95.0,35.0,12.0,68.0,53.0,4.8,4.8,49.0,45 - 55,5.0,0.0,1.0,3.0,0.0,52.0,19.0,4.0,Tech,Healthcare,2.0,0.8,0.8,0.7,2.2,1.1,0.4,0.6,1.6,1.5,1.6,1.5,2.1,7.0,6.9,2.7,4.6,5.2,0.7,1.2,1.0,1.65,2.33,0.7,0.55,1.85,inf,0.3,0.5,Purpose Seeker,38.0,41.0,-24.0,-17.0,-16.0,3.0,4.0,14,42,20,45,83,90,10,51,16,96,73,19,39,91,56,76,67,39,46,68,38,69,29,29,39,15,87,49,90,41
598.0,HBS,Men,Single,1st,1.0,1.0,1,2.0,Kids,1.0,3499401.0,4.0,More than 1M,5.0,87.0,64.0,74.0,85.0,79.0,64.0,79.0,6.7,6.7,62.0,Over 55,4.0,5.0,10.0,2.0,10.0,49.0,7.0,3.0,Finance,Finance,0.5,0.2,1.5,1.7,0.7,2.0,0.8,0.0,1.0,1.0,1.8,0.4,1.3,2.6,2.0,5.0,11.1,1.6,1.4,inf,0.1,0.45,2.09,1.25,1.4,0.6,1.7,0.65,0.05,Triumvirate,83.0,13.0,-13.0,-25.0,14.0,1.0,1.0,38,15,19,44,49,73,100,68,13,80,67,89,58,69,15,17,48,25,40,56,32,63,38,20,75,29,76,39,75,60
599.0,Xilio,Women,In a relationship,40th+,9.0,1.0,1,2.0,Kids,,3805803.0,2.0,More than 1M,5.0,47.0,61.0,49.0,42.0,73.0,inf,inf,7.3,7.3,40.0,35 - 45,0.0,10.0,9.0,10.0,3.0,48.0,17.0,5.0,Other,Other,0.6,0.3,0.9,1.1,1.2,2.0,2.8,3.0,1.6,0.7,0.3,0.6,1.7,2.7,2.1,2.8,7.4,2.8,1.3,9.2,5.0,0.5,2.1,0.7,0.95,1.0,1.65,2.3,2.5,Triumvirate,8.0,45.0,6.0,10.0,16.0,5.0,5.0,46,97,24,75,56,73,89,29,99,65,68,70,50,72,69,49,55,88,83,39,94,78,26,74,17,85,45,71,40,50
600.0,IWF,Men,inf,30th,7.0,3.0,3+,4.0,Kids,1.0,1374027.0,2.0,More than 1M,5.0,36.0,10.0,80.0,22.0,77.0,10.0,88.0,4.8,4.8,39.0,35 - 45,,inf,5.0,1.0,7.0,52.0,18.0,0.0,Finance,Tech,,2.7,0.4,2.0,0.8,2.1,1.7,0.8,2.0,1.2,1.4,2.0,1.7,1.4,22.4,1.3,13.2,1.9,1.4,5.8,1.4,0.1,2.02,0.35,1.65,0.65,1.8,1.45,inf,Purposeful Striver,65.0,89.0,5.0,9.0,-25.0,1.0,3.0,47,28,26,72,74,11,80,82,78,32,10,60,22,14,54,68,86,14,27,18,89,83,83,27,23,49,99,80,92,74
601.0,Xilio,Women,In a relationship,10th,3.0,0.0,0,1.0,No Kids,2.0,4196500.0,2.0,More than 1M,5.0,77.0,74.0,51.0,18.0,48.0,74.0,inf,8.4,8.4,39.0,35 - 45,1.0,8.0,2.0,8.0,8.0,48.0,13.0,1.0,Other,Consulting,0.5,0.6,1.9,0.4,0.6,0.8,1.6,2.0,1.3,0.1,0.6,1.2,0.8,2.5,4.8,6.3,2.8,1.4,0.5,5.3,3.3,0.4,2.08,1.55,0.35,0.5,0.65,1.35,1.65,Joyful Striver,86.0,53.0,-10.0,-24.0,3.0,5.0,2.0,92,89,49,32,38,85,53,26,69,34,12,19,43,96,53,41,19,76,29,74,60,83,31,48,71,18,87,26,71,74
602.0,Xilio,Men,Married,1st,1.0,0.0,0,1.0,No Kids,2.0,821267.0,4.0,500K - 1M,4.0,91.0,90.0,61.0,84.0,54.0,90.0,46.0,3.5,3.5,70.0,Over 55,10.0,10.0,2.0,2.0,3.0,52.0,6.0,5.0,Healthcare,Other,0.8,1.0,0.2,1.7,2.4,0.9,1.8,0.5,2.1,2.3,0.6,2.5,1.4,3.5,8.1,0.5,11.4,5.5,0.6,6.0,0.9,0.7,2.14,0.15,1.45,1.95,0.8,1.5,0.45,Striver,17.0,42.0,6.0,14.0,8.0,4.0,5.0,17,49,27,18,59,51,96,36,64,100,76,15,34,95,92,16,96,32,91,68,54,18,15,53,84,59,40,14,63,49
603.0,,Men,Single,25th,6.0,4.0,3+,4.0,Kids,1.0,527562.0,4.0,500K - 1M,4.0,99.0,36.0,98.0,23.0,81.0,36.0,45.0,4.0,,72.0,Over 55,2.0,7.0,6.0,6.0,15.0,54.0,12.0,3.0,Consulting,Tech,0.5,0.7,2.2,0.6,2.7,0.4,1.1,1.7,2.6,0.5,2.0,2.8,1.4,2.6,5.7,7.5,3.7,6.4,0.3,3.7,2.9,0.45,2.09,1.85,0.45,2.25,0.3,0.9,1.45,Triumvirate,71.0,63.0,6.0,-3.0,-13.0,2.0,3.0,74,68,64,43,22,91,50,56,25,15,46,71,75,99,27,11,91,70,20,73,99,94,71,27,72,37,87,90,17,27
604.0,IWF,Men,In a relationship,30th,7.0,0.0,0,1.0,No Kids,2.0,3878693.0,4.0,More than 1M,5.0,27.0,85.0,32.0,54.0,10.0,85.0,81.0,8.3,8.3,69.0,Over 55,3.0,6.0,0.0,10.0,0.0,51.0,9.0,2.0,Consulting,Other,0.3,1.1,1.0,0.8,1.1,2.0,2.4,2.7,0.5,0.1,2.7,2.4,1.2,1.8,8.9,3.2,5.6,2.6,1.3,8.1,4.5,0.2,2.04,0.8,0.7,0.95,1.65,2.0,2.25,Joyful Striver,89.0,27.0,8.0,-17.0,inf,2.0,5.0,95,68,82,55,10,63,84,11,99,43,92,14,27,85,74,94,41,83,95,17,31,86,40,56,88,20,49,10,51,45
605.0,HBS,Men,In a relationship,1st,,3.0,3+,4.0,Kids,1.0,4608238.0,4.0,More than 1M,5.0,40.0,37.0,31.0,31.0,25.0,37.0,71.0,8.7,8.7,61.0,Over 55,0.0,2.0,9.0,8.0,7.0,50.0,4.0,8.0,Consulting,Consulting,0.4,0.2,0.0,0.7,2.3,0.1,1.6,1.0,1.4,2.0,1.2,1.1,2.5,2.1,1.7,0.0,4.4,5.3,0.1,5.2,1.6,0.3,2.06,0.0,,1.9,0.1,1.3,0.8,Joy Seeker,45.0,38.0,-15.0,8.0,8.0,2.0,2.0,26,57,34,87,43,84,51,72,91,72,38,79,14,49,34,15,45,14,53,61,19,19,71,40,75,84,83,89,50,40
606.0,IWF,Women,Single,5th,2.0,0.0,0,inf,No Kids,2.0,4067776.0,4.0,More than 1M,5.0,16.0,17.0,51.0,44.0,22.0,17.0,24.0,8.8,8.8,65.0,Over 55,3.0,7.0,1.0,0.0,5.0,53.0,17.0,1.0,Tech,Tech,1.4,1.6,1.5,0.5,2.7,1.8,0.4,2.0,1.2,2.3,0.6,2.4,1.4,5.1,13.0,5.1,3.7,6.3,1.2,1.2,3.4,1.15,2.23,1.3,0.45,,1.5,0.3,1.7,Joy Seeker,4.0,60.0,-16.0,20.0,3.0,3.0,3.0,80,50,68,13,57,25,42,71,38,18,98,72,28,28,36,45,37,32,91,27,16,84,21,48,49,97,82,90,68,63
607.0,IWF,Men,Single,25th,6.0,0.0,0,1.0,No Kids,2.0,2034168.0,3.0,More than 1M,5.0,91.0,18.0,84.0,87.0,80.0,18.0,31.0,5.0,5.0,54.0,45 - 55,5.0,4.0,3.0,5.0,7.0,48.0,15.0,9.0,Other,Other,0.6,0.2,0.1,2.5,2.5,2.6,0.4,0.6,2.1,2.4,1.9,1.1,1.8,2.9,1.7,0.5,16.5,5.9,1.7,1.3,0.9,0.5,2.1,0.1,2.05,2.1,2.15,0.3,0.45,Triumvirate,36.0,7.0,-11.0,-12.0,-13.0,5.0,5.0,98,22,87,39,86,27,59,28,32,69,42,65,51,56,16,41,25,88,73,100,82,77,21,47,22,65,55,40,49,72
608.0,HBS,Men,Single,1st,1.0,1.0,1,2.0,Kids,1.0,4040912.0,4.0,More than 1M,5.0,99.0,44.0,10.0,54.0,24.0,44.0,50.0,7.2,7.2,68.0,Over 55,0.0,10.0,9.0,8.0,12.0,51.0,4.0,2.0,Consulting,Healthcare,1.1,2.4,0.8,0.9,0.5,2.7,1.6,1.9,0.7,1.5,2.6,0.5,2.7,inf,20.0,2.8,5.7,1.3,1.8,5.4,3.1,0.9,2.18,0.7,0.7,0.45,2.25,1.35,1.55,Joy Seeker,,5.0,-9.0,,3.0,2.0,4.0,54,54,98,84,57,68,72,26,23,58,70,68,27,74,53,54,25,91,43,91,98,67,72,88,26,88,51,44,31,10
609.0,IWF,Men,Single,25th,6.0,3.0,3+,4.0,Kids,1.0,4541732.0,4.0,More than 1M,5.0,84.0,91.0,19.0,92.0,90.0,91.0,61.0,7.6,7.6,,Over 55,6.0,10.0,7.0,inf,11.0,53.0,13.0,8.0,Tech,inf,1.5,0.7,2.1,2.8,2.9,1.3,2.8,1.0,1.9,0.6,2.2,0.1,2.6,5.5,5.8,7.1,18.5,6.7,0.9,9.4,1.7,1.25,2.25,1.75,2.3,2.4,1.1,2.35,0.85,Purpose Seeker,31.0,45.0,14.0,4.0,13.0,3.0,4.0,13,98,31,81,58,99,46,78,88,60,99,72,41,76,38,51,27,34,96,67,24,61,25,56,24,44,27,81,33,61
610.0,IWF,Men,Single,40th+,9.0,2.0,2,3.0,Kids,1.0,4915211.0,4.0,More than 1M,5.0,11.0,78.0,11.0,92.0,45.0,78.0,70.0,9.7,9.7,71.0,Over 55,0.0,0.0,5.0,9.0,13.0,48.0,2.0,4.0,Other,Consulting,2.1,1.6,0.2,2.9,1.1,1.4,0.9,0.6,2.6,2.2,2.6,1.2,2.7,7.2,13.5,0.6,19.4,2.6,0.9,3.1,1.1,1.75,2.35,inf,2.4,0.95,1.15,0.75,0.55,Joyful Striver,19.0,58.0,-8.0,5.0,-2.0,5.0,,45,62,39,12,73,25,68,48,58,69,13,98,30,100,53,62,17,17,74,58,86,43,34,79,42,90,45,39,47,66
611.0,HBS,Women,Married,15th,4.0,0.0,0,1.0,No Kids,2.0,2209996.0,4.0,More than 1M,5.0,79.0,36.0,43.0,99.0,76.0,36.0,19.0,6.0,6.0,76.0,Over 55,inf,1.0,3.0,0.0,14.0,51.0,9.0,9.0,Healthcare,Tech,0.1,2.6,2.5,1.7,1.0,0.2,inf,0.9,1.3,2.1,1.6,2.7,0.8,1.4,22.0,,11.4,2.4,0.2,8.7,1.6,0.1,2.02,2.1,1.45,0.85,0.2,2.15,0.8,Flourisher,61.0,31.0,-17.0,12.0,0.0,4.0,3.0,79,51,93,23,70,15,90,91,42,79,23,68,19,27,45,18,89,30,64,41,55,44,31,17,25,34,85,94,11,18
612.0,HBS,Women,Married,40th+,9.0,4.0,3+,4.0,inf,1.0,1630396.0,4.0,More than 1M,5.0,86.0,95.0,35.0,98.0,86.0,95.0,52.0,4.9,4.9,66.0,,5.0,8.0,0.0,5.0,7.0,48.0,7.0,1.0,Finance,Tech,2.4,2.0,0.0,0.4,0.2,2.0,2.3,0.5,2.7,0.7,2.3,0.7,0.1,8.2,16.3,0.0,2.9,0.4,1.3,7.6,0.9,2.0,2.4,0.0,,0.15,1.7,,0.45,Triumvirate,54.0,23.0,-1.0,-15.0,-9.0,1.0,3.0,40,72,94,69,38,66,57,80,34,46,100,60,46,59,28,84,84,11,83,57,99,42,100,95,22,28,59,24,50,95
613.0,,Women,In a relationship,5th,2.0,3.0,3+,4.0,Kids,1.0,3341149.0,4.0,More than 1M,5.0,29.0,31.0,72.0,80.0,25.0,31.0,87.0,7.1,7.1,74.0,Over 55,5.0,7.0,5.0,4.0,4.0,55.0,inf,8.0,Consulting,Finance,1.9,1.6,0.7,1.1,1.5,2.5,inf,2.7,3.0,2.7,0.4,0.6,0.8,6.7,13.3,2.5,7.5,3.4,1.6,2.5,4.5,1.55,2.31,0.6,0.95,1.2,2.05,0.6,2.25,Joy Seeker,39.0,42.0,14.0,9.0,-19.0,2.0,1.0,28,36,53,86,48,56,14,90,30,40,42,59,58,39,15,96,79,31,10,54,94,81,97,74,95,40,70,65,28,99
614.0,IWF,Women,In a relationship,1st,1.0,4.0,3+,4.0,Kids,1.0,152402.0,3.0,150K – 250K,2.0,18.0,,45.0,91.0,84.0,33.0,84.0,2.6,2.6,51.0,45 - 55,9.0,6.0,1.0,5.0,14.0,50.0,5.0,3.0,Other,Tech,0.2,inf,2.2,2.4,0.3,0.7,0.1,1.2,0.3,0.3,1.0,2.9,0.8,1.7,8.1,7.4,16.0,0.8,0.5,0.4,2.0,0.2,2.04,1.85,2.0,0.25,0.6,0.1,1.0,Triumvirate,74.0,10.0,-12.0,-18.0,-13.0,5.0,3.0,70,47,41,54,97,57,57,48,26,50,31,13,95,75,34,84,10,81,47,63,96,41,85,22,32,90,49,69,11,83
615.0,Xilio,Men,In a relationship,25th,6.0,4.0,3+,4.0,Kids,1.0,1196588.0,4.0,More than 1M,5.0,61.0,91.0,40.0,85.0,28.0,91.0,51.0,5.6,5.6,79.0,Over 55,0.0,7.0,6.0,1.0,8.0,50.0,4.0,8.0,Tech,Healthcare,2.6,1.0,0.9,1.1,0.7,1.3,0.3,0.7,0.7,2.9,1.2,0.1,2.7,8.9,8.3,3.2,7.3,1.7,0.8,1.0,1.2,2.2,2.44,0.8,0.9,0.6,1.05,0.25,0.6,Joy Seeker,90.0,32.0,-1.0,-23.0,-21.0,3.0,4.0,63,69,60,43,35,51,12,45,32,71,57,57,22,14,40,58,71,96,18,94,70,64,27,64,45,59,12,36,71,65
616.0,Xilio,Men,Single,15th,4.0,0.0,0,1.0,No Kids,2.0,4662965.0,3.0,More than 1M,5.0,99.0,68.0,40.0,86.0,97.0,68.0,31.0,8.7,8.7,55.0,45 - 55,3.0,10.0,7.0,10.0,5.0,53.0,14.0,8.0,Healthcare,Tech,2.8,,0.3,0.3,1.0,2.5,2.2,1.3,2.9,2.6,1.5,2.4,1.9,9.3,16.7,1.0,1.7,2.2,1.7,7.3,2.2,2.3,2.46,0.25,0.2,0.8,2.1,1.8,1.1,Purpose Seeker,19.0,53.0,-4.0,-12.0,0.0,4.0,3.0,48,16,55,54,26,85,56,49,66,67,12,41,64,51,18,11,85,81,80,55,70,17,54,97,52,96,91,11,92,56
617.0,HBS,Women,In a relationship,10th,3.0,2.0,2,3.0,Kids,1.0,2526081.0,1.0,More than 1M,5.0,33.0,59.0,31.0,56.0,16.0,59.0,26.0,6.1,6.1,32.0,0 - 35,0.0,5.0,10.0,11.0,7.0,55.0,18.0,3.0,Tech,Other,0.2,3.0,1.1,1.7,2.4,2.6,0.6,1.0,2.9,2.1,2.8,1.0,0.2,1.5,24.9,3.6,11.1,5.7,1.8,2.0,1.6,0.15,2.03,0.9,1.4,2.0,2.2,0.5,0.8,Striver,39.0,30.0,4.0,-13.0,-23.0,3.0,5.0,100,14,30,70,80,69,71,54,90,23,96,60,26,93,93,76,47,77,26,40,60,55,89,94,59,72,16,83,25,12
618.0,IWF,Men,Single,30th,7.0,0.0,0,1.0,No Kids,2.0,2707618.0,1.0,More than 1M,5.0,46.0,68.0,57.0,93.0,94.0,68.0,26.0,6.6,6.6,33.0,0 - 35,1.0,7.0,9.0,6.0,7.0,53.0,1.0,8.0,Healthcare,Healthcare,0.8,2.0,0.8,2.5,2.6,0.7,1.1,2.2,0.3,2.8,2.6,0.1,0.4,3.5,16.5,2.7,16.9,6.1,0.5,3.7,,0.7,2.14,inf,2.1,2.2,0.6,0.95,1.85,Flourisher,67.0,39.0,-6.0,19.0,-19.0,4.0,4.0,83,54,41,92,22,86,23,13,67,45,94,61,18,14,83,20,54,73,61,46,47,23,77,52,83,56,40,73,31,11
619.0,IWF,Women,Single,5th,2.0,3.0,3+,4.0,Kids,1.0,4797999.0,2.0,More than 1M,5.0,11.0,20.0,94.0,27.0,17.0,20.0,29.0,9.0,9.0,37.0,35 - 45,4.0,6.0,6.0,10.0,10.0,48.0,8.0,0.0,Consulting,Consulting,2.4,1.7,2.5,2.4,0.9,1.7,1.5,2.9,0.0,2.2,0.4,2.8,0.5,8.3,13.9,8.4,15.9,2.1,1.1,5.0,4.9,2.0,2.4,2.1,2.0,0.75,1.4,1.25,2.45,Triumvirate,45.0,31.0,-5.0,6.0,13.0,,2.0,99,67,48,25,78,13,72,34,23,45,32,83,97,59,46,59,67,28,27,25,21,17,21,13,90,10,74,14,23,63
620.0,Xilio,Men,In a relationship,1st,1.0,1.0,1,2.0,Kids,1.0,4687860.0,2.0,More than 1M,5.0,26.0,12.0,43.0,63.0,59.0,12.0,73.0,8.7,8.7,41.0,35 - 45,10.0,4.0,8.0,6.0,5.0,48.0,6.0,5.0,Other,Tech,2.2,2.2,0.9,0.5,2.6,0.6,2.2,1.3,inf,0.6,0.5,0.4,1.9,7.7,18.3,3.1,3.5,6.0,0.4,7.3,2.2,1.85,2.37,0.8,0.45,2.15,0.5,1.8,1.1,Triumvirate,13.0,82.0,inf,8.0,-25.0,5.0,3.0,28,40,21,75,35,11,70,78,29,88,77,43,53,94,36,44,90,96,72,55,97,80,58,80,22,67,73,100,65,46
621.0,HBS,Women,Single,20th,5.0,4.0,3+,4.0,Kids,1.0,605278.0,3.0,500K - 1M,4.0,24.0,93.0,92.0,28.0,51.0,93.0,48.0,3.3,3.3,54.0,45 - 55,2.0,10.0,5.0,5.0,14.0,55.0,5.0,inf,Consulting,Other,0.6,1.4,2.4,2.0,2.6,0.3,0.3,2.6,3.0,1.3,1.1,1.7,2.2,2.7,11.6,7.9,13.5,6.0,0.2,1.1,4.3,0.45,2.09,1.95,1.7,2.15,0.25,0.3,2.15,Purposeful Striver,58.0,2.0,6.0,19.0,-9.0,2.0,5.0,48,32,56,49,58,99,40,39,39,17,30,45,87,67,22,24,10,91,42,55,86,86,42,69,39,19,86,77,74,65
622.0,Xilio,inf,In a relationship,10th,3.0,0.0,0,1.0,No Kids,2.0,1208049.0,3.0,More than 1M,5.0,45.0,35.0,38.0,21.0,19.0,35.0,61.0,4.7,4.7,47.0,45 - 55,0.0,4.0,6.0,0.0,5.0,53.0,18.0,0.0,Tech,Finance,0.6,0.2,2.7,0.7,2.3,2.7,,1.7,0.5,0.2,0.9,0.8,2.6,2.9,1.5,8.9,4.4,5.4,1.8,4.1,2.8,0.5,2.1,2.25,0.55,1.9,2.3,1.0,1.4,Striver,20.0,78.0,20.0,-7.0,17.0,3.0,1.0,76,51,27,26,76,68,26,85,28,35,52,79,55,88,50,84,41,62,13,87,75,63,95,21,66,17,12,22,54,40
623.0,Xilio,Women,Married,,4.0,4.0,3+,4.0,Kids,1.0,3110201.0,4.0,More than 1M,5.0,33.0,41.0,59.0,61.0,75.0,41.0,85.0,7.7,7.7,63.0,Over 55,0.0,0.0,8.0,7.0,8.0,54.0,6.0,8.0,Consulting,Finance,1.1,1.7,1.3,0.7,0.4,2.5,1.5,0.5,1.5,,1.8,0.2,2.8,4.3,14.1,4.3,inf,1.0,1.6,4.9,0.8,0.95,inf,1.1,0.55,0.35,2.05,1.2,0.4,Joy Seeker,72.0,77.0,-5.0,12.0,-1.0,2.0,1.0,54,19,30,43,16,36,33,77,62,45,94,52,17,93,75,40,17,96,96,97,63,30,72,68,39,35,44,90,63,21
624.0,Xilio,Men,Single,5th,2.0,1.0,1,2.0,Kids,1.0,4702311.0,1.0,More than 1M,5.0,39.0,90.0,79.0,37.0,35.0,90.0,83.0,9.3,9.3,30.0,0 - 35,4.0,3.0,7.0,7.0,1.0,49.0,16.0,9.0,Finance,Other,1.5,2.9,2.7,2.6,2.1,2.3,1.6,2.1,2.5,2.2,2.7,0.1,0.6,,,9.1,17.5,4.8,1.5,5.4,3.5,inf,2.24,2.25,2.2,1.75,1.9,1.35,1.75,Purpose Seeker,61.0,12.0,9.0,-10.0,-23.0,1.0,5.0,22,41,22,25,67,36,32,97,65,57,35,25,46,17,94,71,49,61,84,98,48,84,27,86,80,43,24,94,75,67
625.0,HBS,Women,Single,15th,4.0,0.0,0,1.0,No Kids,2.0,3592737.0,1.0,More than 1M,5.0,86.0,51.0,96.0,inf,99.0,51.0,91.0,8.1,8.1,33.0,0 - 35,3.0,9.0,3.0,6.0,7.0,49.0,19.0,9.0,Consulting,Tech,1.9,0.5,1.1,0.7,2.8,0.1,2.5,1.5,0.1,1.2,2.9,0.3,0.9,6.6,4.4,3.8,5.0,6.6,0.1,8.2,2.6,1.55,2.31,0.95,0.6,2.35,0.1,2.05,1.3,Purpose Seeker,39.0,39.0,6.0,-24.0,-11.0,2.0,3.0,67,62,30,69,58,88,91,38,86,94,50,68,28,40,33,37,65,56,61,70,85,23,63,63,19,28,30,32,95,76
626.0,IWF,Women,Married,25th,6.0,3.0,3+,4.0,Kids,1.0,3494442.0,3.0,,5.0,46.0,41.0,43.0,23.0,82.0,41.0,70.0,6.9,6.9,46.0,45 - 55,0.0,9.0,5.0,5.0,10.0,55.0,7.0,9.0,Other,,1.1,2.1,2.9,0.8,2.0,2.5,0.5,2.0,1.8,1.0,2.0,0.2,0.7,4.3,17.3,9.6,5.3,4.8,1.7,1.7,3.3,0.9,2.18,2.4,0.65,1.7,2.1,0.45,1.65,Joy Seeker,1.0,inf,4.0,14.0,3.0,5.0,1.0,29,39,17,75,62,81,59,82,91,37,47,62,72,21,53,34,72,91,18,55,48,84,36,53,75,87,71,59,55,35
,IWF,Women,Married,20th,5.0,2.0,2,3.0,Kids,1.0,1304732.0,3.0,More than 1M,5.0,82.0,85.0,95.0,65.0,60.0,85.0,79.0,4.0,4.0,54.0,45 - 55,7.0,0.0,5.0,10.0,12.0,50.0,12.0,3.0,Healthcare,Healthcare,1.4,0.6,0.3,0.0,1.0,1.3,2.4,2.7,0.8,1.8,2.5,2.3,1.1,5.2,5.0,0.9,0.0,2.3,0.9,8.1,4.4,1.15,2.23,0.2,0.0,0.85,1.1,2.0,2.2,Striver,3.0,13.0,13.0,-9.0,17.0,4.0,4.0,81,48,55,75,74,16,87,77,32,77,97,28,55,30,69,93,97,63,73,60,87,11,92,25,92,81,92,88,42,87
628.0,HBS,Women,In a relationship,1st,1.0,0.0,0,1.0,No Kids,2.0,3344692.0,2.0,More than 1M,5.0,85.0,79.0,56.0,92.0,47.0,79.0,85.0,6.9,6.9,43.0,35 - 45,0.0,4.0,10.0,2.0,5.0,55.0,0.0,6.0,Finance,Healthcare,2.2,1.6,2.1,2.6,1.5,1.0,2.1,1.3,2.6,2.6,1.6,1.5,2.7,7.7,13.4,6.9,17.4,3.5,0.7,6.9,2.2,1.85,2.37,1.7,2.2,1.25,0.85,1.75,1.1,Purpose Seeker,77.0,46.0,-14.0,8.0,6.0,1.0,4.0,70,40,16,99,71,72,88,60,71,71,20,98,80,71,18,34,83,53,39,71,39,70,87,15,48,10,37,87,88,21
629.0,Xilio,Men,In a relationship,40th+,9.0,2.0,2,3.0,Kids,1.0,4223398.0,2.0,More than 1M,5.0,60.0,88.0,30.0,32.0,23.0,88.0,82.0,8.1,8.1,41.0,35 - 45,,6.0,6.0,2.0,10.0,53.0,4.0,3.0,Other,Other,0.1,0.3,1.5,2.4,1.9,1.6,1.7,2.7,0.9,0.1,0.6,1.0,1.7,1.3,2.4,4.9,inf,4.5,1.1,5.6,4.5,0.1,2.02,1.25,2.0,1.6,1.35,1.4,2.25,Joy Seeker,62.0,27.0,15.0,16.0,0.0,5.0,5.0,48,91,32,22,26,55,88,33,42,89,38,50,35,100,11,84,83,16,17,44,57,26,34,23,46,57,13,82,59,99
630.0,IWF,Men,Married,25th,6.0,1.0,1,2.0,Kids,1.0,4749607.0,3.0,More than 1M,5.0,inf,30.0,90.0,31.0,15.0,30.0,27.0,9.3,9.3,55.0,45 - 55,10.0,7.0,5.0,7.0,8.0,49.0,0.0,9.0,Tech,Other,0.8,1.4,1.2,1.9,1.5,0.3,2.1,2.3,2.1,1.2,1.6,1.3,2.2,3.3,11.3,3.9,12.5,3.6,0.2,7.0,3.8,0.65,2.13,0.95,1.55,,0.25,1.75,1.9,Striver,63.0,17.0,-8.0,-10.0,-10.0,3.0,5.0,10,11,84,65,52,72,79,23,27,95,69,90,55,99,65,92,45,10,14,90,92,87,43,67,12,34,22,46,31,25
631.0,HBS,Men,In a relationship,1st,1.0,,1,2.0,Kids,1.0,1140389.0,2.0,More than 1M,5.0,53.0,48.0,49.0,60.0,71.0,48.0,22.0,3.5,3.5,36.0,35 - 45,10.0,3.0,1.0,9.0,14.0,54.0,8.0,inf,Tech,Finance,2.1,2.3,1.9,2.3,0.4,2.3,1.2,1.5,2.0,0.5,1.7,2.8,1.5,7.4,18.9,6.3,15.0,0.8,1.5,4.1,2.4,1.8,2.36,1.6,1.9,0.3,1.9,1.05,1.2,Joy Seeker,25.0,60.0,-5.0,12.0,-1.0,3.0,1.0,12,87,95,40,34,21,36,78,82,85,76,56,55,42,39,10,98,72,85,51,40,98,97,40,98,33,88,39,49,62
632.0,HBS,Men,Single,10th,3.0,2.0,2,3.0,Kids,1.0,57712.0,4.0,Less than 150K,1.0,25.0,39.0,73.0,22.0,78.0,39.0,97.0,3.8,3.8,72.0,Over 55,3.0,5.0,5.0,3.0,15.0,50.0,0.0,5.0,Finance,Other,2.7,1.0,,0.5,0.9,1.7,0.4,,0.7,2.1,2.2,2.7,0.1,9.1,8.7,7.0,3.0,2.2,1.2,inf,3.0,2.25,2.45,1.75,0.4,0.8,1.45,0.35,1.5,Joyful Striver,56.0,64.0,-13.0,-24.0,2.0,1.0,5.0,86,86,31,43,12,22,24,27,42,89,74,63,84,35,31,68,66,48,72,54,34,57,69,50,43,56,60,32,48,81
633.0,HBS,Women,In a relationship,15th,4.0,3.0,3+,4.0,Kids,1.0,4101647.0,3.0,More than 1M,5.0,51.0,,22.0,24.0,90.0,65.0,60.0,7.8,7.8,46.0,45 - 55,5.0,0.0,4.0,9.0,0.0,53.0,18.0,5.0,inf,Finance,1.5,2.0,0.0,1.4,2.4,0.6,2.0,1.0,0.1,0.3,0.7,2.1,0.2,5.6,16.6,0.0,9.2,5.6,0.4,6.7,1.6,1.3,2.26,0.0,1.15,2.0,0.45,1.65,0.8,Purpose Seeker,33.0,88.0,-5.0,-24.0,-17.0,1.0,1.0,71,21,98,48,88,52,59,51,41,60,70,64,23,99,84,78,83,28,10,77,77,100,63,44,95,93,57,43,50,58
634.0,Xilio,Men,Married,5th,2.0,2.0,2,3.0,Kids,1.0,3942942.0,2.0,More than 1M,5.0,92.0,46.0,62.0,80.0,10.0,46.0,62.0,7.5,7.5,42.0,35 - 45,10.0,9.0,2.0,3.0,14.0,53.0,6.0,7.0,Other,Consulting,1.6,2.4,0.5,1.1,2.6,0.6,1.6,3.0,1.2,2.0,1.1,2.7,1.6,5.8,19.9,1.7,7.0,6.0,0.4,5.2,4.9,1.35,2.27,0.4,0.9,2.15,0.45,1.3,2.45,Triumvirate,38.0,35.0,-18.0,0.0,-25.0,5.0,2.0,72,48,31,76,38,26,45,66,70,51,28,28,94,49,90,83,92,40,24,84,60,17,96,19,47,78,48,73,84,58
635.0,HBS,Women,Married,40th+,9.0,3.0,3+,4.0,Kids,1.0,142816.0,1.0,Less than 150K,1.0,66.0,57.0,45.0,95.0,81.0,57.0,47.0,2.6,2.6,31.0,0 - 35,0.0,2.0,7.0,3.0,6.0,51.0,19.0,inf,Tech,Tech,0.3,2.8,2.1,0.3,0.4,0.6,1.9,2.0,0.9,0.9,,1.0,2.2,2.0,23.2,7.1,1.9,1.0,0.4,6.4,3.3,0.25,2.05,1.8,0.25,0.35,0.45,1.6,1.65,Striver,6.0,70.0,20.0,-13.0,3.0,3.0,3.0,34,75,38,17,41,72,17,92,63,38,55,71,72,74,22,51,54,86,98,56,22,65,14,90,23,76,76,64,77,16
636.0,HBS,Men,Married,15th,4.0,3.0,3+,inf,Kids,1.0,1665156.0,3.0,More than 1M,5.0,88.0,95.0,37.0,74.0,45.0,95.0,88.0,4.1,4.1,48.0,,7.0,10.0,,1.0,5.0,53.0,8.0,8.0,Other,Consulting,1.3,0.7,2.0,1.5,2.9,0.2,1.0,0.1,2.4,0.6,2.9,1.1,0.6,5.0,5.9,6.7,9.7,inf,0.1,3.4,0.2,1.1,2.22,1.65,1.2,2.4,0.15,0.85,0.1,Striver,58.0,83.0,14.0,5.0,-4.0,,,65,22,22,96,35,90,88,21,26,91,58,68,81,68,80,43,88,33,91,88,72,26,45,39,73,41,67,80,16,24
637.0,IWF,Men,Single,15th,4.0,3.0,3+,4.0,Kids,1.0,165230.0,2.0,150K – 250K,2.0,62.0,93.0,71.0,87.0,27.0,93.0,39.0,3.6,3.6,37.0,35 - 45,6.0,10.0,9.0,9.0,0.0,49.0,13.0,4.0,Healthcare,Tech,1.6,,2.9,2.8,1.0,,2.7,1.0,2.4,2.8,1.3,1.8,2.2,5.8,10.0,9.7,18.4,2.3,1.2,9.1,1.6,1.35,2.27,2.4,2.3,0.8,1.45,2.25,0.8,Striver,44.0,30.0,20.0,8.0,-10.0,4.0,3.0,42,55,91,87,25,45,12,91,28,19,31,74,12,24,25,75,89,78,47,39,51,78,63,53,48,26,93,18,94,45
638.0,HBS,Women,Married,40th+,9.0,4.0,3+,4.0,Kids,1.0,1796616.0,4.0,More than 1M,5.0,70.0,13.0,57.0,11.0,25.0,13.0,38.0,5.2,5.2,64.0,Over 55,3.0,3.0,0.0,9.0,12.0,48.0,4.0,4.0,Finance,Finance,0.7,0.5,2.3,0.1,2.0,2.5,1.8,1.9,1.4,0.1,2.3,1.9,2.4,inf,inf,7.6,0.8,4.6,1.7,5.9,3.1,0.6,2.12,1.9,0.1,1.65,2.1,1.45,1.55,Purposeful Striver,45.0,71.0,-19.0,13.0,15.0,1.0,1.0,47,36,11,64,34,94,71,26,100,48,87,77,37,10,54,27,11,96,51,33,63,21,97,64,63,70,11,13,80,81
639.0,IWF,,Married,20th,5.0,3.0,3+,4.0,Kids,1.0,4493418.0,4.0,More than 1M,5.0,94.0,14.0,inf,25.0,59.0,14.0,98.0,7.7,7.7,60.0,Over 55,7.0,6.0,0.0,1.0,5.0,55.0,4.0,2.0,Healthcare,Tech,0.8,3.0,2.9,0.9,2.3,0.1,0.3,0.2,1.8,1.3,2.3,1.4,1.2,3.4,24.8,9.5,5.8,5.3,0.0,0.9,0.3,0.65,2.13,2.4,0.75,1.9,0.05,0.2,0.15,Joyful Striver,32.0,74.0,-3.0,-23.0,,4.0,3.0,15,26,38,36,63,17,56,39,79,91,66,37,38,20,74,86,77,92,55,75,76,47,45,80,11,78,34,75,13,83
640.0,Xilio,Women,In a relationship,1st,1.0,1.0,1,2.0,Kids,1.0,1413194.0,4.0,More than 1M,5.0,11.0,41.0,39.0,12.0,66.0,41.0,69.0,4.0,4.0,75.0,Over 55,2.0,10.0,5.0,0.0,1.0,54.0,10.0,9.0,Tech,Consulting,1.1,2.8,2.1,0.6,2.4,0.1,1.3,0.1,1.8,0.1,0.8,1.2,2.2,4.4,23.2,7.0,4.2,5.7,0.1,4.5,0.1,0.95,2.19,1.75,0.5,2.05,0.1,1.1,0.05,Striver,45.0,63.0,18.0,-18.0,15.0,3.0,2.0,67,69,94,62,37,78,86,97,43,10,23,27,96,64,20,14,59,74,62,52,89,27,78,27,52,20,20,100,85,24
641.0,HBS,Women,Married,10th,3.0,2.0,2,3.0,Kids,1.0,3131360.0,4.0,More than 1M,5.0,16.0,62.0,,30.0,16.0,62.0,34.0,6.6,6.6,62.0,Over 55,2.0,4.0,0.0,5.0,8.0,50.0,18.0,7.0,Tech,Healthcare,0.1,1.6,0.9,0.7,2.8,1.7,2.3,1.4,2.5,1.5,1.7,3.0,1.2,1.2,13.5,3.0,4.8,6.6,1.1,7.6,2.3,0.05,2.01,0.75,0.6,2.35,1.45,1.9,1.15,Joyful Striver,61.0,28.0,6.0,-3.0,-19.0,3.0,4.0,53,73,88,48,82,99,97,84,93,48,53,35,27,11,79,29,38,42,35,43,99,35,48,92,62,47,10,42,100,71
642.0,IWF,Women,In a relationship,10th,3.0,0.0,0,1.0,No Kids,2.0,1911548.0,4.0,More than 1M,5.0,28.0,21.0,70.0,87.0,19.0,21.0,91.0,6.1,6.1,76.0,Over 55,1.0,0.0,10.0,4.0,10.0,50.0,13.0,0.0,Other,Finance,1.0,2.5,0.3,2.7,0.9,2.5,2.4,1.0,1.3,1.5,2.7,2.5,2.0,3.9,21.1,1.1,18.2,2.2,1.6,7.9,1.7,0.8,2.16,0.25,2.25,0.8,2.05,2.0,0.85,Joyful Striver,47.0,60.0,-15.0,-12.0,-12.0,5.0,1.0,54,97,61,74,65,89,70,32,34,30,25,28,44,74,29,75,90,68,70,32,65,46,79,88,12,77,57,41,68,27
643.0,Xilio,Women,In a relationship,5th,2.0,1.0,1,2.0,Kids,1.0,4375760.0,2.0,More than 1M,5.0,62.0,37.0,22.0,29.0,96.0,37.0,,8.1,8.1,44.0,35 - 45,inf,2.0,4.0,4.0,12.0,53.0,17.0,9.0,Consulting,Other,0.6,1.6,2.3,1.4,2.6,1.0,1.5,1.3,0.8,1.0,1.4,1.3,2.3,2.9,13.0,7.8,9.4,6.0,0.7,4.9,2.2,0.55,2.11,,1.15,2.15,0.8,1.25,1.1,Joy Seeker,21.0,79.0,-4.0,1.0,3.0,2.0,5.0,41,44,36,26,74,45,41,90,77,74,86,64,86,53,72,84,19,42,76,70,28,79,13,95,50,28,57,53,90,55
644.0,HBS,Men,In a relationship,30th,7.0,4.0,3+,4.0,Kids,1.0,3281298.0,3.0,More than 1M,5.0,63.0,38.0,84.0,26.0,45.0,38.0,22.0,6.2,6.2,50.0,45 - 55,6.0,5.0,6.0,7.0,14.0,49.0,15.0,1.0,Healthcare,Healthcare,1.0,1.9,1.9,1.4,,1.0,2.7,0.8,0.8,0.4,2.8,2.2,3.0,3.9,15.6,6.4,9.3,0.9,0.7,8.9,1.3,0.8,2.16,1.6,1.15,0.35,0.85,2.25,0.65,Joy Seeker,80.0,,-4.0,3.0,-7.0,4.0,inf,54,79,59,39,95,37,22,10,83,24,21,66,85,25,99,71,36,41,63,46,55,50,83,48,17,96,19,46,93,70
645.0,Xilio,Men,Married,30th,7.0,3.0,,4.0,Kids,1.0,4495150.0,inf,More than 1M,5.0,47.0,93.0,89.0,54.0,19.0,93.0,45.0,8.3,8.3,31.0,0 - 35,8.0,6.0,4.0,3.0,7.0,53.0,1.0,5.0,Healthcare,Consulting,0.4,0.3,0.1,2.3,2.1,1.8,0.8,0.5,1.6,1.1,0.6,0.8,,2.1,2.2,0.5,15.2,4.9,1.2,2.7,0.8,0.3,2.06,0.1,1.9,1.75,1.5,0.65,0.4,Flourisher,85.0,22.0,17.0,13.0,-7.0,4.0,2.0,70,92,88,62,89,56,10,88,83,13,64,15,56,31,21,41,24,68,31,22,24,88,74,51,99,26,90,100,35,52
646.0,Xilio,Men,Married,40th+,9.0,1.0,1,2.0,Kids,1.0,30404.0,4.0,Less than 150K,1.0,79.0,93.0,70.0,67.0,72.0,93.0,80.0,2.9,2.9,75.0,Over 55,5.0,1.0,4.0,11.0,8.0,51.0,7.0,0.0,Tech,Finance,2.7,2.3,1.1,0.5,2.2,0.8,1.2,2.1,1.3,2.0,0.2,0.3,1.2,9.0,18.9,3.6,3.1,5.2,0.5,4.1,3.4,2.25,2.45,0.9,0.4,1.85,0.7,1.05,1.7,Striver,75.0,68.0,-1.0,13.0,-24.0,3.0,1.0,56,39,32,22,50,85,43,41,97,69,60,10,14,27,71,67,69,50,35,80,41,51,94,63,84,22,39,76,40,53
647.0,Xilio,Men,Married,30th,7.0,2.0,2,3.0,Kids,1.0,4927590.0,4.0,More than 1M,5.0,47.0,25.0,15.0,68.0,65.0,25.0,91.0,7.6,7.6,71.0,Over 55,4.0,5.0,1.0,0.0,8.0,48.0,4.0,7.0,Finance,Finance,1.8,0.4,2.9,1.5,2.0,0.1,2.7,1.5,1.3,2.3,2.7,1.1,0.5,inf,3.2,9.6,9.7,4.7,0.1,9.0,2.6,1.5,2.3,2.4,1.2,1.7,0.05,2.25,1.3,Flourisher,36.0,20.0,-4.0,-25.0,15.0,1.0,1.0,30,80,97,30,60,39,71,18,94,70,48,17,84,56,100,59,40,21,92,16,58,99,49,39,72,100,44,69,82,75
648.0,HBS,Women,Married,5th,2.0,0.0,0,1.0,No Kids,2.0,1353483.0,4.0,More than 1M,5.0,98.0,51.0,29.0,46.0,33.0,51.0,11.0,4.6,4.6,79.0,Over 55,6.0,9.0,7.0,9.0,2.0,51.0,7.0,inf,Consulting,Other,2.0,2.5,1.5,1.3,0.8,2.2,2.7,0.6,0.3,1.6,2.5,1.2,0.6,7.1,20.7,5.0,8.6,1.8,1.5,9.0,1.0,1.7,2.34,1.25,1.05,0.65,1.85,2.25,0.5,Joy Seeker,19.0,68.0,2.0,-9.0,19.0,2.0,5.0,89,83,53,28,80,32,88,24,20,29,42,60,68,90,51,47,30,82,69,51,30,85,46,29,74,10,28,68,78,64
649.0,HBS,Men,In a relationship,5th,2.0,3.0,3+,4.0,Kids,1.0,1752320.0,1.0,More than 1M,5.0,68.0,76.0,79.0,50.0,41.0,76.0,38.0,5.0,5.0,30.0,0 - 35,9.0,inf,4.0,7.0,13.0,50.0,17.0,2.0,Healthcare,Tech,2.4,2.3,1.3,1.8,2.6,1.9,2.1,1.0,2.2,,3.0,0.0,2.1,8.1,19.6,4.3,11.9,6.1,1.3,6.9,1.6,1.95,2.39,1.1,1.5,2.2,1.55,1.7,0.8,Striver,20.0,64.0,3.0,15.0,-11.0,4.0,3.0,94,72,86,62,87,25,87,37,100,19,42,94,84,39,92,64,69,20,48,47,74,50,76,51,88,11,62,45,61,95
650.0,Xilio,Women,In a relationship,30th,7.0,3.0,3+,4.0,Kids,1.0,4939764.0,1.0,More than 1M,5.0,95.0,41.0,,77.0,97.0,41.0,35.0,9.3,9.3,33.0,0 - 35,2.0,5.0,3.0,5.0,8.0,48.0,3.0,6.0,Consulting,Other,1.5,2.1,1.4,3.0,0.5,1.7,inf,1.8,0.6,0.6,2.0,2.4,2.8,5.5,17.7,4.6,20.0,1.2,1.2,8.6,inf,1.25,2.25,1.15,2.5,0.4,1.45,2.15,1.5,Purposeful Striver,57.0,17.0,-13.0,4.0,-23.0,2.0,5.0,84,37,31,28,38,23,91,33,25,96,38,97,68,19,78,37,67,28,45,61,79,56,40,98,13,91,43,58,81,88
651.0,IWF,Women,Married,1st,1.0,1.0,1,2.0,Kids,1.0,2362517.0,3.0,More than 1M,5.0,97.0,40.0,44.0,59.0,33.0,40.0,73.0,6.7,6.7,52.0,45 - 55,10.0,6.0,5.0,7.0,5.0,55.0,11.0,1.0,Consulting,Healthcare,0.3,0.1,0.6,2.3,0.2,2.2,0.3,0.2,0.6,0.9,2.8,1.1,1.2,1.8,0.9,2.1,15.4,0.4,1.5,0.9,0.4,0.2,2.04,0.5,1.9,0.15,1.85,0.2,0.2,Joy Seeker,18.0,inf,-8.0,-13.0,-15.0,2.0,4.0,45,69,52,66,92,83,80,69,99,43,78,34,56,67,67,83,50,63,30,53,36,23,100,96,77,75,41,60,30,48
652.0,HBS,Women,Single,inf,2.0,0.0,0,1.0,No Kids,2.0,4567090.0,3.0,More than 1M,5.0,68.0,32.0,51.0,67.0,13.0,32.0,41.0,9.0,9.0,46.0,45 - 55,4.0,3.0,1.0,3.0,3.0,54.0,11.0,0.0,Healthcare,Finance,1.6,0.9,1.1,1.2,2.2,2.0,2.6,0.4,1.2,0.5,2.5,1.7,0.5,5.8,7.6,3.7,8.0,5.0,1.4,8.6,0.7,1.35,2.27,0.9,1.0,1.8,1.7,2.15,0.35,Striver,47.0,22.0,-24.0,-5.0,20.0,4.0,1.0,28,88,46,34,28,80,40,44,70,57,79,56,22,71,14,95,55,66,50,73,32,10,90,14,19,77,85,17,25,14
653.0,Xilio,Men,In a relationship,1st,1.0,1.0,1,2.0,Kids,1.0,3226340.0,inf,More than 1M,5.0,73.0,20.0,33.0,22.0,86.0,20.0,14.0,6.7,6.7,37.0,35 - 45,3.0,3.0,1.0,1.0,12.0,53.0,13.0,5.0,Other,Other,1.8,0.8,1.1,2.5,1.4,0.6,1.0,0.2,0.7,0.7,2.5,0.2,0.9,6.3,6.6,3.7,16.6,3.3,0.4,3.2,0.4,1.45,2.29,0.9,2.05,1.2,0.5,0.8,0.2,Joy Seeker,49.0,17.0,3.0,,4.0,5.0,5.0,29,46,70,95,75,61,73,95,89,42,40,64,87,94,36,90,54,51,57,22,56,26,96,59,84,25,90,59,60,66
654.0,Xilio,Men,In a relationship,25th,6.0,2.0,2,3.0,Kids,1.0,193273.0,4.0,150K – 250K,2.0,85.0,12.0,24.0,25.0,35.0,12.0,50.0,2.6,2.6,73.0,Over 55,2.0,8.0,7.0,4.0,9.0,53.0,11.0,7.0,Finance,Other,2.2,1.1,0.2,0.5,2.5,1.1,0.5,2.4,1.8,0.7,1.7,0.5,1.4,7.7,9.0,0.5,3.4,5.9,0.7,1.8,4.1,1.85,2.37,0.15,0.45,2.1,0.9,0.45,2.05,,14.0,10.0,-5.0,-7.0,14.0,1.0,5.0,66,31,65,40,50,46,34,36,16,70,89,73,98,89,37,31,35,80,35,97,21,64,86,50,59,13,15,50,25,24
655.0,Xilio,Women,In a relationship,5th,2.0,3.0,3+,4.0,Kids,1.0,3884418.0,3.0,More than 1M,5.0,47.0,10.0,89.0,61.0,54.0,10.0,82.0,8.9,8.9,54.0,inf,4.0,5.0,1.0,5.0,8.0,52.0,2.0,5.0,Healthcare,Other,1.3,0.3,2.3,0.1,1.2,inf,0.7,2.3,1.1,1.6,1.1,2.7,0.9,4.9,2.2,7.7,0.6,2.7,0.3,2.4,3.8,1.1,2.22,1.9,0.1,0.95,0.3,0.6,1.9,Purpose Seeker,15.0,65.0,-11.0,-1.0,-8.0,4.0,5.0,27,77,12,90,54,38,47,92,25,19,40,92,42,15,35,52,60,40,72,37,94,62,56,48,32,66,22,47,27,100
656.0,IWF,Women,Married,1st,1.0,2.0,2,3.0,Kids,1.0,3682692.0,3.0,More than 1M,5.0,61.0,10.0,86.0,16.0,45.0,10.0,19.0,7.4,7.4,50.0,45 - 55,2.0,3.0,4.0,9.0,5.0,49.0,2.0,9.0,Consulting,Tech,0.4,2.8,1.2,0.6,0.5,0.4,1.3,2.3,1.3,1.7,2.8,1.8,0.7,2.1,23.4,4.2,4.1,1.2,0.3,4.2,3.8,0.3,2.06,1.05,0.5,0.4,0.3,1.05,1.9,Joyful Striver,31.0,22.0,1.0,-4.0,-24.0,2.0,3.0,56,29,72,64,24,76,23,85,25,63,98,19,71,76,100,92,45,61,86,91,75,40,36,66,70,82,95,95,56,25
657.0,Xilio,Women,Married,25th,6.0,1.0,1,2.0,Kids,1.0,1117341.0,2.0,More than 1M,5.0,57.0,19.0,17.0,96.0,63.0,19.0,75.0,4.3,4.3,39.0,35 - 45,5.0,7.0,9.0,9.0,3.0,51.0,4.0,0.0,Consulting,Finance,0.9,1.7,2.5,1.0,2.5,2.0,0.8,2.1,1.6,2.8,1.3,2.9,2.2,3.6,13.8,8.2,6.8,5.9,1.4,2.5,3.6,0.7,2.14,2.05,0.85,2.1,1.7,0.65,1.8,Purposeful Striver,1.0,90.0,5.0,5.0,6.0,2.0,1.0,58,77,28,32,12,24,17,29,49,93,55,65,88,50,58,90,61,11,45,10,14,71,60,100,56,94,84,87,65,66
658.0,IWF,Men,In a relationship,30th,7.0,4.0,3+,4.0,Kids,1.0,4007266.0,4.0,More than 1M,5.0,62.0,66.0,60.0,31.0,63.0,66.0,83.0,7.8,7.8,inf,Over 55,2.0,2.0,6.0,1.0,3.0,54.0,7.0,0.0,Finance,Consulting,1.1,0.9,2.6,1.5,1.6,2.6,1.0,2.0,0.6,0.6,1.6,3.0,0.0,4.3,7.6,8.5,10.2,3.8,1.7,3.2,3.3,0.9,2.18,2.15,1.3,1.35,2.15,0.8,1.65,Striver,54.0,82.0,inf,-9.0,-18.0,1.0,2.0,23,100,32,41,20,56,100,74,21,74,86,21,25,52,30,97,90,92,33,52,18,17,29,66,12,32,73,88,37,91
659.0,IWF,Men,Single,20th,5.0,3.0,3+,4.0,Kids,1.0,3061756.0,2.0,More than 1M,5.0,69.0,89.0,67.0,19.0,48.0,89.0,63.0,6.8,,36.0,35 - 45,8.0,8.0,8.0,1.0,11.0,51.0,2.0,8.0,Consulting,Other,1.9,1.2,0.6,1.8,0.6,2.9,0.4,1.4,0.5,1.9,1.3,1.1,1.6,6.8,9.9,2.1,12.3,1.3,1.9,1.3,2.4,1.6,2.32,0.55,1.55,0.45,inf,0.35,1.2,Purposeful Striver,3.0,50.0,-3.0,-3.0,-4.0,2.0,5.0,24,73,38,71,62,55,63,94,44,86,61,42,53,94,10,45,60,47,99,51,29,39,22,46,26,11,16,64,91,34
660.0,Xilio,Men,Married,1st,1.0,inf,3+,4.0,Kids,1.0,873523.0,2.0,500K - 1M,4.0,80.0,72.0,98.0,23.0,55.0,72.0,12.0,3.9,3.9,36.0,35 - 45,10.0,0.0,2.0,0.0,7.0,49.0,18.0,9.0,Healthcare,Other,1.7,1.3,2.0,2.7,2.2,1.9,0.9,1.9,2.6,2.5,1.7,0.9,2.4,6.1,11.2,6.6,18.2,5.0,1.3,3.0,3.2,1.45,2.29,1.65,2.3,1.8,1.55,0.75,1.6,Joyful Striver,16.0,14.0,-2.0,6.0,-20.0,4.0,5.0,40,26,39,83,55,61,11,58,30,10,19,80,67,86,67,61,12,41,30,59,91,86,72,16,31,76,54,77,87,31
,Xilio,Women,In a relationship,25th,6.0,0.0,0,1.0,No Kids,2.0,576237.0,4.0,500K - 1M,4.0,37.0,70.0,17.0,44.0,88.0,70.0,77.0,3.4,3.4,58.0,Over 55,10.0,2.0,5.0,1.0,1.0,48.0,18.0,7.0,Finance,Finance,1.1,1.8,1.4,1.5,1.5,0.6,1.7,0.1,1.3,1.7,1.4,2.6,0.8,4.2,15.0,4.7,10.2,3.6,0.4,5.7,,0.9,2.18,1.2,1.25,1.3,0.45,1.45,0.1,Purpose Seeker,87.0,64.0,18.0,-16.0,-14.0,1.0,1.0,10,21,48,19,39,28,90,10,59,14,97,26,15,27,88,45,23,19,27,69,72,89,53,14,100,96,54,27,65,40
662.0,IWF,Women,In a relationship,25th,6.0,0.0,0,1.0,No Kids,2.0,4925207.0,4.0,More than 1M,5.0,45.0,75.0,10.0,57.0,58.0,75.0,81.0,8.6,,59.0,Over 55,0.0,2.0,4.0,11.0,1.0,50.0,7.0,6.0,Consulting,Consulting,3.0,inf,2.6,1.5,1.8,0.3,1.3,1.9,1.2,0.8,0.1,3.0,1.8,9.9,12.9,8.8,10.0,4.2,0.2,4.4,3.1,2.45,2.49,2.2,1.25,1.5,0.25,1.1,1.55,Triumvirate,57.0,47.0,-13.0,-16.0,14.0,2.0,2.0,63,31,34,81,66,86,87,19,52,89,83,70,98,67,64,37,58,17,24,10,95,75,33,88,25,35,94,74,46,43
663.0,Xilio,Women,Married,20th,5.0,1.0,1,2.0,Kids,1.0,4070479.0,4.0,More than 1M,5.0,43.0,75.0,23.0,86.0,98.0,75.0,46.0,7.9,7.9,64.0,Over 55,2.0,10.0,,4.0,4.0,50.0,3.0,1.0,Healthcare,Finance,1.8,2.8,0.6,0.2,1.4,2.4,1.0,2.3,0.1,0.8,2.6,1.9,2.0,6.5,23.0,2.2,1.0,3.2,1.6,3.5,3.9,1.5,inf,,0.15,1.15,2.05,0.85,1.95,Purposeful Striver,75.0,29.0,-4.0,10.0,10.0,4.0,1.0,12,26,17,63,27,30,98,56,26,24,50,19,24,69,90,87,86,99,88,60,81,54,12,60,89,16,74,73,25,96
664.0,Xilio,Women,Single,25th,6.0,3.0,3+,4.0,Kids,inf,122193.0,4.0,Less than 150K,1.0,81.0,27.0,30.0,76.0,56.0,27.0,46.0,2.8,2.8,62.0,Over 55,7.0,1.0,10.0,10.0,3.0,55.0,14.0,6.0,Healthcare,Consulting,0.7,1.5,2.0,0.1,2.5,1.7,2.2,1.5,1.5,0.1,1.3,2.4,2.0,3.1,12.4,6.8,0.7,5.8,1.2,7.5,2.5,0.6,2.12,1.7,0.1,2.05,1.45,1.85,1.25,Triumvirate,12.0,76.0,17.0,-18.0,-11.0,4.0,2.0,25,19,67,61,60,73,65,68,41,37,86,40,13,97,35,67,100,84,15,25,82,27,19,17,12,53,28,21,94,25
665.0,IWF,Women,Married,25th,6.0,1.0,1,2.0,Kids,1.0,3211915.0,4.0,More than 1M,5.0,63.0,55.0,68.0,89.0,24.0,55.0,,6.5,6.5,75.0,Over 55,0.0,3.0,4.0,0.0,inf,52.0,16.0,5.0,Tech,Tech,0.3,3.0,1.8,1.7,2.5,1.9,2.7,1.1,1.7,0.9,1.8,2.3,1.3,1.9,24.8,6.1,11.0,5.8,1.2,8.9,1.8,0.25,2.05,1.5,1.4,2.05,1.55,2.25,0.9,Joyful Striver,74.0,36.0,11.0,-6.0,2.0,3.0,3.0,96,74,25,29,57,46,93,71,50,32,12,69,65,36,93,45,10,29,52,48,80,54,74,65,61,42,56,50,74,79
666.0,HBS,Men,Single,10th,3.0,2.0,2,3.0,Kids,1.0,4730254.0,4.0,More than 1M,5.0,70.0,43.0,40.0,85.0,41.0,43.0,22.0,8.7,8.7,77.0,Over 55,2.0,0.0,5.0,7.0,11.0,54.0,4.0,2.0,Tech,Finance,0.5,2.6,0.9,1.3,2.1,2.3,2.3,0.8,1.7,2.2,0.4,1.1,1.0,2.4,21.3,3.0,8.8,5.0,1.6,7.6,1.4,0.4,2.08,0.75,1.1,1.75,1.95,1.9,0.7,Triumvirate,,inf,7.0,6.0,19.0,3.0,1.0,66,31,81,41,75,36,94,95,15,26,68,79,73,77,34,79,66,29,40,24,39,28,58,82,42,73,55,51,69,68
667.0,inf,Women,Married,1st,1.0,2.0,2,3.0,Kids,1.0,1216887.0,2.0,More than 1M,5.0,95.0,41.0,39.0,67.0,76.0,41.0,26.0,4.3,4.3,44.0,35 - 45,5.0,5.0,3.0,2.0,12.0,50.0,5.0,7.0,Healthcare,Finance,0.7,0.6,0.4,,0.3,2.1,1.0,1.9,2.1,0.1,0.0,1.7,2.5,3.2,5.2,1.4,16.8,0.7,1.4,3.3,3.2,0.6,2.12,0.35,2.1,0.25,1.75,0.85,1.6,Striver,72.0,76.0,-23.0,-12.0,-8.0,4.0,1.0,84,99,10,23,17,64,70,27,97,22,61,26,77,31,86,18,26,18,37,42,91,86,67,20,51,45,38,69,70,24
668.0,Xilio,Women,Single,25th,6.0,3.0,3+,4.0,Kids,1.0,3038038.0,3.0,More than 1M,5.0,66.0,43.0,63.0,58.0,27.0,43.0,55.0,7.4,7.4,52.0,45 - 55,6.0,7.0,4.0,4.0,14.0,54.0,13.0,9.0,Other,Consulting,0.5,2.8,2.0,0.5,2.5,2.5,2.2,2.1,0.5,0.7,0.7,2.5,2.3,2.4,23.3,6.5,3.2,5.9,1.7,7.4,3.5,0.4,2.08,1.65,0.4,2.1,2.1,1.85,1.75,Purpose Seeker,76.0,,-7.0,2.0,-24.0,5.0,2.0,21,91,14,59,31,38,31,55,36,23,43,59,43,33,42,30,59,81,17,96,100,77,86,31,11,13,93,59,20,91
669.0,HBS,Women,Married,10th,3.0,3.0,3+,4.0,Kids,1.0,538153.0,4.0,500K - 1M,4.0,24.0,97.0,10.0,inf,97.0,97.0,47.0,2.3,2.3,59.0,Over 55,9.0,8.0,2.0,4.0,9.0,49.0,13.0,6.0,Tech,Other,0.6,0.3,2.2,0.1,2.0,0.2,0.5,2.6,0.8,2.1,2.1,2.1,1.0,2.7,2.9,7.4,0.5,4.7,0.1,1.5,4.4,0.45,2.09,1.85,0.05,1.7,0.15,0.4,2.2,Joyful Striver,24.0,29.0,-3.0,20.0,-13.0,3.0,5.0,83,59,12,37,15,29,44,41,29,20,58,46,100,49,98,73,23,24,38,62,25,92,87,86,48,32,70,90,84,22
670.0,IWF,Women,Married,10th,3.0,1.0,1,2.0,Kids,1.0,3364817.0,4.0,More than 1M,5.0,46.0,46.0,65.0,11.0,63.0,46.0,18.0,7.6,7.6,68.0,Over 55,2.0,5.0,3.0,6.0,11.0,53.0,15.0,4.0,Healthcare,Finance,0.9,2.5,0.9,1.3,2.1,2.2,0.4,1.0,2.4,2.3,0.3,0.1,0.3,inf,20.4,3.2,9.0,4.9,1.5,1.3,1.7,0.7,2.14,0.8,1.1,1.75,1.85,0.35,0.85,Joyful Striver,28.0,11.0,3.0,-2.0,19.0,4.0,1.0,25,23,74,62,85,34,25,36,34,37,37,91,65,83,81,85,68,97,30,26,94,59,11,20,55,34,74,92,75,33
671.0,IWF,Women,Married,25th,6.0,2.0,2,3.0,Kids,1.0,3612069.0,2.0,More than 1M,5.0,13.0,60.0,84.0,23.0,95.0,60.0,16.0,8.0,8.0,37.0,35 - 45,10.0,6.0,7.0,4.0,4.0,49.0,2.0,7.0,Consulting,Finance,0.5,1.1,1.9,0.7,1.1,2.6,1.0,2.3,2.8,1.4,2.7,1.0,0.2,2.6,9.5,6.4,4.7,2.5,1.7,3.5,3.8,0.45,2.09,1.6,0.6,0.9,,0.85,1.9,Joyful Striver,8.0,33.0,inf,-11.0,-11.0,2.0,1.0,81,73,13,33,66,79,59,27,75,51,92,71,41,75,78,70,90,72,90,98,14,34,75,69,57,99,32,45,41,22
672.0,Xilio,Women,In a relationship,25th,6.0,1.0,1,2.0,Kids,1.0,2745514.0,4.0,More than 1M,5.0,39.0,91.0,56.0,25.0,37.0,91.0,20.0,5.2,5.2,62.0,Over 55,4.0,2.0,1.0,8.0,5.0,50.0,12.0,8.0,Healthcare,Other,2.7,2.6,1.2,0.1,2.6,0.9,2.4,1.7,0.4,2.1,0.6,0.4,0.3,9.1,21.9,4.0,1.0,6.2,0.6,8.1,2.8,2.25,2.45,1.0,0.1,2.2,0.7,2.0,1.4,Flourisher,36.0,6.0,13.0,-4.0,-6.0,4.0,5.0,85,56,73,88,45,72,52,48,18,70,96,99,18,49,15,49,12,100,97,15,38,47,40,24,36,94,60,57,28,74
673.0,Xilio,Women,Single,15th,4.0,3.0,3+,,Kids,1.0,4911713.0,3.0,More than 1M,5.0,73.0,42.0,96.0,59.0,96.0,42.0,81.0,8.7,8.7,47.0,45 - 55,5.0,4.0,10.0,3.0,2.0,,13.0,0.0,Consulting,Healthcare,0.2,2.6,2.1,2.2,2.2,1.9,0.7,2.6,1.5,1.2,0.6,0.7,1.7,1.7,inf,7.1,14.5,5.1,1.3,2.5,4.4,0.2,2.04,1.8,1.8,1.8,1.6,0.6,2.2,Purpose Seeker,90.0,79.0,18.0,4.0,3.0,2.0,4.0,33,38,98,31,88,45,26,58,62,73,22,89,72,15,32,65,49,30,67,40,56,45,77,47,24,83,72,80,65,45
674.0,HBS,Women,Married,10th,3.0,3.0,3+,4.0,Kids,1.0,2688571.0,4.0,More than 1M,5.0,35.0,91.0,16.0,85.0,29.0,91.0,13.0,6.0,6.0,58.0,Over 55,10.0,4.0,2.0,4.0,1.0,53.0,3.0,4.0,Consulting,Tech,1.6,2.4,0.6,0.3,0.3,0.9,0.2,1.6,0.6,0.5,0.5,2.7,0.2,5.7,20.1,2.0,2.2,0.8,0.6,0.6,2.6,1.3,2.26,0.5,0.3,0.3,0.8,0.15,1.3,Triumvirate,8.0,32.0,-1.0,-22.0,16.0,2.0,3.0,37,85,19,39,66,11,89,91,70,40,78,81,81,27,39,13,98,14,69,78,31,77,92,10,16,36,31,82,14,58
675.0,IWF,Women,Single,30th,7.0,3.0,3+,4.0,Kids,1.0,4864357.0,3.0,More than 1M,5.0,18.0,29.0,31.0,54.0,25.0,29.0,25.0,8.1,8.1,52.0,45 - 55,4.0,5.0,4.0,4.0,8.0,52.0,5.0,9.0,Finance,Healthcare,1.2,2.4,2.7,1.8,1.2,2.9,0.4,1.6,0.2,1.2,0.0,0.1,1.0,4.7,19.8,8.9,12.2,2.9,1.9,1.3,2.6,1.05,2.21,2.25,1.5,1.0,2.4,0.35,1.3,Purpose Seeker,58.0,51.0,11.0,-13.0,3.0,1.0,4.0,17,45,30,72,58,31,67,53,47,90,76,97,87,90,87,40,75,44,59,49,87,65,46,55,66,60,80,17,12,91
676.0,HBS,Women,Married,40th+,9.0,1.0,1,2.0,Kids,1.0,1709748.0,1.0,More than 1M,5.0,23.0,93.0,87.0,60.0,97.0,93.0,46.0,4.6,4.6,inf,0 - 35,2.0,6.0,6.0,2.0,5.0,53.0,9.0,1.0,Healthcare,Consulting,2.9,0.9,0.9,0.8,2.7,0.1,2.6,1.7,1.0,1.7,2.3,0.7,2.3,9.8,7.6,2.9,5.6,6.2,0.1,8.6,2.9,2.45,2.49,0.7,0.7,2.2,0.1,2.15,1.45,Flourisher,60.0,75.0,-18.0,-3.0,-23.0,4.0,2.0,45,61,55,13,54,25,11,81,12,82,70,86,42,96,63,36,43,94,40,39,66,48,82,97,51,88,42,34,37,57
677.0,HBS,Women,Married,20th,5.0,4.0,3+,4.0,Kids,1.0,2253069.0,4.0,More than 1M,5.0,36.0,34.0,88.0,84.0,24.0,34.0,61.0,5.1,5.1,71.0,Over 55,2.0,10.0,8.0,9.0,15.0,54.0,19.0,5.0,Consulting,Tech,0.3,0.2,1.1,0.5,0.1,1.7,1.9,2.2,0.4,2.8,2.6,0.9,0.9,2.0,2.0,3.7,3.5,0.3,1.2,6.3,3.7,0.3,2.06,0.9,0.45,0.1,1.45,1.6,1.85,Striver,50.0,58.0,16.0,-18.0,-7.0,2.0,3.0,99,85,100,86,91,27,13,63,93,19,69,38,96,39,96,67,99,77,56,78,92,72,33,52,18,90,53,16,99,52
678.0,IWF,Men,Married,5th,2.0,0.0,0,1.0,No Kids,2.0,3475498.0,3.0,More than 1M,5.0,55.0,55.0,63.0,48.0,43.0,55.0,73.0,8.0,8.0,55.0,45 - 55,1.0,0.0,0.0,1.0,14.0,49.0,16.0,6.0,Healthcare,Healthcare,1.2,1.2,0.2,1.1,2.9,0.5,0.8,2.9,2.1,0.2,1.8,1.9,2.3,4.6,10.1,0.6,7.6,6.7,0.3,2.5,4.8,1.0,2.2,0.15,0.95,2.4,0.4,0.65,2.4,inf,28.0,87.0,-10.0,-8.0,-23.0,4.0,4.0,17,16,36,68,75,78,94,43,79,17,80,41,30,30,20,34,18,57,43,85,44,16,86,31,15,78,16,17,96,15
,IWF,Women,inf,10th,3.0,1.0,1,2.0,Kids,1.0,4922472.0,3.0,More than 1M,5.0,71.0,95.0,86.0,88.0,67.0,95.0,61.0,9.4,9.4,52.0,45 - 55,4.0,9.0,2.0,0.0,11.0,50.0,3.0,4.0,Tech,Tech,,0.5,0.3,2.4,2.0,2.1,1.7,0.2,1.6,1.5,0.6,1.6,2.2,9.7,4.3,1.1,16.0,4.8,1.4,5.6,0.4,2.4,2.48,0.3,2.0,1.7,1.8,1.4,0.2,Purpose Seeker,41.0,,-18.0,-14.0,-12.0,3.0,3.0,67,38,75,96,86,63,48,80,64,30,33,97,64,71,40,78,93,89,11,16,97,67,53,12,66,89,100,97,81,90
680.0,HBS,Men,Married,40th+,9.0,1.0,1,2.0,Kids,1.0,511680.0,4.0,500K - 1M,4.0,42.0,85.0,63.0,87.0,37.0,85.0,21.0,4.2,4.2,66.0,Over 55,10.0,6.0,6.0,1.0,15.0,50.0,10.0,7.0,Consulting,Consulting,2.6,2.1,1.5,1.2,1.9,0.5,1.6,0.2,0.4,1.0,,0.7,0.7,8.8,17.4,5.2,7.8,4.4,0.4,5.3,0.3,2.15,2.43,1.3,1.0,1.6,0.45,1.3,0.15,Purposeful Striver,64.0,46.0,-25.0,5.0,14.0,2.0,2.0,69,20,50,17,54,39,15,45,10,86,72,89,85,19,15,79,30,99,76,22,69,89,92,23,85,32,11,90,38,77
681.0,IWF,Men,Single,30th,7.0,2.0,2,3.0,Kids,1.0,2666694.0,4.0,More than 1M,5.0,79.0,35.0,44.0,12.0,28.0,35.0,57.0,6.5,6.5,79.0,Over 55,1.0,0.0,6.0,6.0,11.0,51.0,16.0,2.0,Finance,Other,2.5,1.0,0.8,2.3,0.8,0.7,2.0,2.8,0.0,1.5,1.4,0.5,2.2,8.4,8.7,2.7,15.0,1.9,0.5,6.6,4.7,2.05,2.41,0.65,1.9,0.7,0.6,1.65,2.35,Joyful Striver,27.0,29.0,18.0,-12.0,-22.0,1.0,5.0,59,42,22,91,88,54,90,27,79,68,95,20,66,22,20,14,34,71,81,13,79,68,50,11,39,18,26,85,86,23
682.0,HBS,Women,Married,40th+,9.0,3.0,3+,4.0,Kids,1.0,2991293.0,4.0,More than 1M,5.0,83.0,58.0,44.0,62.0,52.0,58.0,63.0,6.0,6.0,63.0,Over 55,2.0,5.0,2.0,6.0,2.0,49.0,3.0,4.0,Other,Healthcare,0.8,2.9,2.5,0.4,0.7,1.5,0.7,1.6,2.4,0.1,2.9,0.7,2.2,3.3,24.4,8.4,2.5,1.7,1.0,2.3,2.6,0.65,2.13,2.1,0.3,0.6,1.25,0.6,1.3,Triumvirate,63.0,4.0,-21.0,8.0,-15.0,5.0,4.0,37,15,18,21,29,28,98,47,54,59,70,15,11,85,86,100,53,44,61,59,69,57,83,70,64,42,74,40,68,39
683.0,HBS,Men,Married,15th,4.0,3.0,3+,4.0,Kids,1.0,4130673.0,4.0,More than 1M,5.0,68.0,81.0,17.0,73.0,18.0,81.0,28.0,7.7,7.7,78.0,Over 55,2.0,8.0,6.0,1.0,0.0,52.0,9.0,9.0,Tech,Consulting,0.5,1.9,0.0,2.3,2.8,2.7,2.6,1.8,0.5,0.9,inf,1.5,1.2,2.5,16.0,0.1,15.5,6.6,1.8,8.6,3.1,0.45,2.09,0.05,1.95,2.35,2.3,2.15,1.55,Flourisher,17.0,81.0,-23.0,-8.0,5.0,3.0,2.0,50,88,45,40,73,96,78,68,56,78,32,44,22,18,21,17,34,79,16,12,67,14,60,41,93,44,67,21,34,93
684.0,HBS,Men,In a relationship,10th,3.0,1.0,1,2.0,Kids,1.0,1564026.0,4.0,More than 1M,5.0,91.0,96.0,40.0,16.0,89.0,96.0,51.0,5.1,5.1,77.0,Over 55,10.0,9.0,10.0,2.0,8.0,53.0,2.0,2.0,Finance,Consulting,inf,2.5,1.1,0.7,0.9,0.6,0.9,1.4,1.8,2.5,2.2,0.8,0.6,7.0,20.6,3.8,4.7,2.1,0.4,3.1,2.4,1.65,,0.95,0.6,0.75,0.55,0.75,1.2,Joyful Striver,73.0,13.0,-25.0,8.0,17.0,1.0,2.0,73,41,95,87,76,43,78,18,88,79,39,42,13,77,75,18,18,30,85,21,12,96,51,47,93,59,39,66,31,17
685.0,IWF,Women,Single,10th,3.0,1.0,1,2.0,Kids,1.0,345826.0,4.0,250K – 500K,3.0,25.0,62.0,51.0,10.0,40.0,62.0,29.0,2.8,2.8,80.0,Over 55,9.0,4.0,6.0,0.0,14.0,,11.0,5.0,Tech,Finance,2.8,0.4,1.0,2.0,2.3,0.4,2.1,0.3,1.0,1.7,1.3,2.8,1.6,9.4,3.3,3.4,13.5,5.4,0.3,6.9,0.5,2.3,2.46,0.85,1.7,1.95,0.35,1.75,0.25,Joyful Striver,33.0,39.0,-22.0,-15.0,6.0,,1.0,36,60,99,43,92,22,29,82,35,39,69,27,93,48,62,24,71,89,28,74,43,45,87,55,63,33,95,75,80,63
inf,HBS,Women,Married,20th,5.0,4.0,3+,4.0,Kids,1.0,3497366.0,2.0,More than 1M,5.0,73.0,41.0,62.0,91.0,37.0,41.0,78.0,7.5,7.5,,35 - 45,3.0,1.0,10.0,9.0,3.0,55.0,3.0,6.0,,Finance,1.7,2.6,0.1,1.7,1.2,2.3,0.0,2.3,1.8,inf,0.9,1.4,2.8,6.0,21.6,0.2,11.3,2.8,1.5,0.2,3.8,1.4,2.28,0.05,1.4,1.0,1.9,,1.9,Joy Seeker,84.0,15.0,14.0,15.0,1.0,5.0,1.0,72,84,67,91,12,52,73,81,23,26,27,46,59,33,45,16,35,48,99,36,54,97,49,51,36,97,35,21,32,75
687.0,Xilio,Women,In a relationship,25th,6.0,3.0,3+,4.0,Kids,1.0,357359.0,3.0,250K – 500K,3.0,52.0,15.0,90.0,95.0,69.0,15.0,89.0,3.3,3.3,47.0,45 - 55,0.0,7.0,0.0,9.0,7.0,54.0,7.0,6.0,Finance,Consulting,1.7,2.8,0.4,2.8,0.4,1.5,1.1,2.2,0.9,0.9,1.4,0.2,1.9,6.1,23.1,1.2,18.6,1.0,1.0,3.7,3.7,1.45,2.29,0.3,2.3,0.35,1.25,0.95,1.85,Joy Seeker,77.0,29.0,9.0,-14.0,4.0,1.0,2.0,26,67,63,84,63,71,25,60,63,84,65,22,57,43,26,81,66,43,24,59,59,34,57,15,93,33,44,36,79,13
688.0,HBS,Women,In a relationship,5th,2.0,1.0,1,2.0,Kids,1.0,3778603.0,2.0,More than 1M,5.0,62.0,94.0,49.0,32.0,83.0,94.0,16.0,7.3,7.3,45.0,35 - 45,9.0,8.0,1.0,6.0,6.0,,3.0,6.0,Other,Healthcare,0.8,1.5,1.2,1.2,0.0,2.7,1.1,0.9,0.3,0.9,0.2,2.2,0.5,3.5,12.2,4.1,7.7,0.1,1.8,3.5,1.6,0.7,2.14,1.05,0.95,0.05,2.3,0.9,0.8,Joy Seeker,29.0,29.0,6.0,-11.0,17.0,5.0,4.0,82,96,21,85,87,31,60,44,80,29,62,83,87,70,37,24,46,24,87,86,11,54,93,50,68,28,72,55,88,83
689.0,Xilio,Women,In a relationship,1st,1.0,4.0,3+,4.0,Kids,inf,4231253.0,,More than 1M,5.0,24.0,68.0,75.0,36.0,64.0,68.0,53.0,8.4,8.4,43.0,35 - 45,8.0,6.0,9.0,1.0,11.0,55.0,5.0,2.0,Tech,Tech,2.3,1.8,1.5,0.2,1.6,0.4,1.6,0.9,0.7,1.1,2.4,1.0,2.0,7.9,15.2,4.9,1.3,3.8,0.3,5.4,1.5,1.9,2.38,1.25,0.15,1.35,0.35,1.35,inf,Purpose Seeker,13.0,75.0,16.0,5.0,-24.0,3.0,3.0,42,35,90,58,73,61,46,91,55,57,16,99,39,50,31,46,25,15,57,26,24,28,13,34,16,48,84,16,88,93
690.0,IWF,Women,Single,40th+,9.0,3.0,3+,4.0,Kids,1.0,2890337.0,inf,More than 1M,5.0,19.0,52.0,62.0,47.0,58.0,52.0,inf,6.7,6.7,66.0,Over 55,0.0,10.0,8.0,4.0,1.0,52.0,4.0,8.0,Consulting,Other,0.6,2.3,1.2,0.1,2.9,1.9,0.2,2.5,0.6,2.5,0.7,2.0,1.3,2.7,19.1,4.0,0.4,6.8,1.3,0.7,4.2,0.45,2.09,1.0,0.05,2.45,1.6,0.2,2.1,Purpose Seeker,46.0,32.0,8.0,3.0,-17.0,2.0,5.0,93,55,87,88,49,61,82,14,40,82,78,90,38,14,16,92,46,75,23,81,46,16,69,20,49,70,80,70,49,69
691.0,HBS,Women,Single,30th,7.0,4.0,3+,4.0,Kids,1.0,347537.0,2.0,250K – 500K,3.0,54.0,74.0,99.0,96.0,84.0,74.0,95.0,3.2,3.2,39.0,35 - 45,0.0,10.0,8.0,inf,14.0,54.0,16.0,2.0,Tech,Tech,1.0,0.5,1.6,2.5,1.1,0.7,2.4,0.2,1.3,2.9,2.2,0.8,1.8,3.9,4.4,5.3,16.5,2.6,0.5,7.9,0.4,0.8,2.16,1.35,2.05,0.9,0.6,2.0,0.2,Triumvirate,35.0,2.0,17.0,0.0,2.0,3.0,3.0,86,38,23,66,68,45,78,23,97,11,81,73,17,88,24,48,85,97,12,41,24,67,48,50,81,34,37,67,23,62
692.0,Xilio,Women,Single,25th,6.0,2.0,2,3.0,Kids,1.0,580222.0,4.0,500K - 1M,4.0,57.0,47.0,50.0,95.0,13.0,47.0,25.0,4.2,4.2,61.0,Over 55,4.0,4.0,1.0,2.0,3.0,48.0,1.0,9.0,Consulting,Tech,1.3,1.5,1.8,1.6,1.1,0.5,0.7,2.6,2.0,1.3,0.2,1.7,2.2,4.8,12.6,6.0,10.5,2.5,0.3,2.2,4.4,1.05,2.21,1.5,1.3,0.9,0.4,0.55,2.2,Triumvirate,6.0,47.0,-1.0,-8.0,5.0,2.0,3.0,38,13,43,35,64,82,51,39,68,46,88,10,21,59,20,15,33,65,59,93,69,90,14,80,11,34,34,67,38,83
inf,IWF,Women,Single,15th,4.0,3.0,3+,,Kids,1.0,2603619.0,2.0,More than 1M,5.0,65.0,57.0,inf,77.0,36.0,57.0,79.0,5.6,5.6,42.0,35 - 45,8.0,1.0,7.0,,15.0,55.0,13.0,8.0,Other,Tech,1.5,1.2,0.0,2.3,1.0,2.1,2.0,0.8,0.8,1.2,2.9,2.3,1.5,5.6,10.0,0.1,15.5,2.4,1.4,6.8,1.3,1.25,2.25,0.0,1.95,0.85,1.7,1.7,0.65,Flourisher,82.0,78.0,-16.0,6.0,8.0,5.0,3.0,22,90,62,27,71,28,66,13,38,10,61,72,50,13,33,92,35,58,63,60,94,75,15,66,23,36,70,22,25,24
694.0,IWF,Men,Married,5th,2.0,2.0,2,3.0,Kids,1.0,2483752.0,4.0,More than 1M,5.0,34.0,29.0,55.0,78.0,69.0,29.0,45.0,6.3,6.3,75.0,Over 55,6.0,1.0,2.0,inf,10.0,52.0,7.0,4.0,Consulting,Healthcare,0.7,0.4,1.4,0.7,1.6,1.8,2.4,1.8,0.0,2.5,0.6,2.8,2.4,3.2,3.7,4.6,4.7,3.6,1.2,8.0,3.0,0.6,2.12,1.15,0.6,1.3,1.5,2.0,1.5,Joy Seeker,69.0,84.0,-5.0,-4.0,-11.0,2.0,4.0,55,22,29,95,13,47,75,48,26,13,13,98,35,60,76,66,29,10,15,26,73,89,23,55,19,41,40,62,96,10
695.0,Xilio,Men,Married,25th,6.0,3.0,3+,4.0,Kids,1.0,1394133.0,4.0,More than 1M,5.0,99.0,64.0,54.0,99.0,73.0,64.0,32.0,4.9,4.9,74.0,Over 55,4.0,8.0,7.0,8.0,15.0,48.0,3.0,6.0,Tech,Other,0.3,1.1,2.9,1.0,1.3,2.3,1.7,2.8,1.6,1.3,2.6,0.8,2.2,2.0,9.2,9.6,6.9,3.1,1.5,5.6,4.7,0.3,2.06,2.4,0.85,1.1,1.9,1.4,2.35,Joyful Striver,47.0,22.0,20.0,12.0,-1.0,3.0,5.0,44,48,84,47,69,79,18,93,23,63,43,43,59,61,39,90,18,74,58,43,90,48,79,95,59,20,63,74,19,31
696.0,HBS,Men,In a relationship,25th,6.0,0.0,0,1.0,No Kids,2.0,1962247.0,2.0,More than 1M,5.0,31.0,14.0,61.0,95.0,19.0,14.0,25.0,5.2,5.2,44.0,35 - 45,1.0,2.0,10.0,3.0,3.0,51.0,18.0,1.0,Consulting,Other,1.8,0.2,1.6,0.1,2.6,inf,2.2,2.0,1.8,1.7,2.4,1.0,1.8,6.5,1.7,5.2,0.6,6.2,0.6,7.4,3.4,1.55,2.31,1.3,0.1,2.2,inf,1.85,1.7,Joyful Striver,25.0,75.0,13.0,-9.0,10.0,2.0,5.0,15,24,25,90,84,88,95,73,45,34,78,19,11,48,79,28,96,37,32,44,61,27,87,57,27,78,76,58,56,100
697.0,IWF,Men,Married,5th,2.0,4.0,3+,4.0,Kids,1.0,1383038.0,4.0,More than 1M,5.0,13.0,26.0,53.0,58.0,73.0,26.0,51.0,inf,4.8,72.0,Over 55,9.0,10.0,3.0,7.0,14.0,52.0,6.0,9.0,Consulting,,0.9,0.1,2.0,2.9,1.5,1.3,2.0,1.2,2.9,0.7,2.9,1.4,0.5,3.6,0.6,6.8,19.2,3.5,0.9,6.6,2.1,0.7,2.14,1.7,2.4,1.25,1.1,1.65,1.05,Striver,66.0,27.0,1.0,-3.0,-18.0,2.0,3.0,91,38,79,96,100,66,73,34,67,12,42,93,64,17,75,72,38,29,87,33,32,10,21,72,27,42,60,44,13,24
698.0,Xilio,Women,In a relationship,30th,7.0,2.0,2,3.0,Kids,1.0,280875.0,4.0,250K – 500K,3.0,80.0,11.0,12.0,82.0,,11.0,23.0,2.7,2.7,58.0,Over 55,2.0,3.0,10.0,7.0,8.0,51.0,6.0,1.0,Healthcare,Finance,1.7,0.4,0.9,2.0,1.5,1.2,1.1,2.1,1.8,2.2,1.4,2.8,2.5,6.2,3.4,3.1,13.4,3.6,0.8,3.6,3.4,1.45,2.29,0.8,1.65,1.25,1.0,0.9,1.7,Triumvirate,10.0,67.0,1.0,-2.0,-17.0,4.0,1.0,78,38,65,97,39,29,95,37,33,18,78,16,65,54,70,40,40,57,87,63,46,72,71,48,25,28,67,26,21,83
699.0,HBS,Women,In a relationship,40th+,9.0,4.0,3+,4.0,Kids,1.0,4687693.0,4.0,More than 1M,5.0,17.0,48.0,51.0,48.0,14.0,48.0,99.0,9.1,9.1,63.0,Over 55,5.0,5.0,6.0,8.0,5.0,inf,8.0,5.0,Tech,,0.5,2.9,2.3,2.8,inf,3.0,2.4,1.0,1.4,1.6,2.2,2.7,2.8,2.4,24.1,7.7,18.7,1.0,2.0,8.1,1.7,0.4,2.08,1.95,2.35,0.35,2.45,2.0,0.85,Joy Seeker,56.0,81.0,-24.0,-18.0,11.0,3.0,4.0,56,84,92,59,11,18,31,85,72,95,47,65,23,97,87,84,28,81,29,27,50,12,36,19,61,25,43,81,51,93
700.0,Xilio,Men,Married,5th,2.0,1.0,1,2.0,Kids,1.0,4294694.0,2.0,More than 1M,5.0,91.0,31.0,40.0,85.0,64.0,31.0,20.0,8.1,8.1,43.0,35 - 45,6.0,9.0,6.0,0.0,15.0,55.0,1.0,,Healthcare,Finance,1.4,1.6,2.3,0.8,2.9,0.9,0.9,0.8,1.7,2.4,1.1,0.3,0.4,5.3,13.7,7.7,5.3,6.9,0.6,2.9,1.4,1.2,2.24,1.95,0.65,2.45,0.75,0.75,0.7,Flourisher,30.0,56.0,15.0,15.0,19.0,4.0,1.0,34,41,67,17,71,41,43,75,100,96,35,89,15,37,50,88,29,74,86,59,66,30,63,94,78,20,68,76,13,31
701.0,HBS,Men,Married,1st,1.0,0.0,0,1.0,No Kids,2.0,737689.0,1.0,500K - 1M,4.0,77.0,25.0,41.0,23.0,31.0,25.0,46.0,3.6,3.6,31.0,0 - 35,1.0,8.0,7.0,5.0,inf,49.0,13.0,4.0,Other,Consulting,1.6,2.9,1.6,1.8,0.7,0.9,1.7,3.0,2.8,2.3,0.6,0.4,1.5,5.8,24.1,5.2,12.2,1.7,0.6,5.7,5.0,1.35,2.27,1.3,1.55,0.6,0.75,1.45,2.5,Purpose Seeker,5.0,21.0,-13.0,-20.0,13.0,5.0,2.0,75,11,13,50,58,13,64,87,34,85,10,46,90,36,91,19,96,99,100,55,34,39,99,79,61,84,30,19,93,59
702.0,Xilio,Women,Married,5th,2.0,0.0,0,1.0,No Kids,2.0,4477794.0,4.0,More than 1M,5.0,50.0,99.0,14.0,64.0,13.0,,33.0,8.9,8.9,70.0,Over 55,9.0,6.0,8.0,4.0,inf,48.0,2.0,3.0,Consulting,Healthcare,0.2,1.3,2.9,2.0,0.2,1.1,2.2,2.3,2.5,0.6,1.3,1.5,0.8,1.5,10.8,9.8,13.6,0.5,0.7,7.5,3.8,0.15,2.03,2.45,1.7,0.2,0.9,1.85,1.9,Striver,33.0,47.0,-17.0,-21.0,6.0,2.0,4.0,19,56,13,15,18,59,38,31,68,83,13,38,98,74,60,96,36,60,69,57,46,20,21,74,40,83,65,43,15,57
703.0,IWF,Women,In a relationship,20th,5.0,1.0,1,2.0,Kids,1.0,1645952.0,3.0,More than 1M,5.0,83.0,65.0,59.0,57.0,60.0,65.0,21.0,4.6,4.6,55.0,45 - 55,0.0,10.0,8.0,1.0,14.0,51.0,14.0,0.0,Tech,Healthcare,1.0,0.9,0.4,1.0,2.0,1.7,,1.9,1.0,2.1,0.5,0.3,2.3,,7.8,1.3,6.4,4.6,1.1,3.8,3.2,0.85,2.17,0.3,0.8,1.65,1.4,0.95,1.6,Purpose Seeker,65.0,80.0,10.0,18.0,-9.0,3.0,4.0,65,87,29,78,40,91,47,40,41,43,48,21,70,43,53,76,94,52,54,42,49,31,17,68,93,78,46,95,23,82
704.0,IWF,Men,Married,15th,4.0,0.0,0,1.0,No Kids,2.0,1326516.0,4.0,More than 1M,5.0,23.0,99.0,84.0,27.0,42.0,99.0,11.0,3.9,3.9,62.0,Over 55,9.0,8.0,5.0,9.0,2.0,51.0,2.0,7.0,Tech,Consulting,0.4,1.5,0.1,2.5,1.8,,0.9,1.1,0.7,2.4,2.9,1.0,2.2,2.2,12.7,0.2,17.0,inf,0.5,3.0,1.8,0.35,2.07,0.05,2.1,inf,0.65,0.75,0.9,Joyful Striver,18.0,59.0,-4.0,3.0,9.0,3.0,2.0,39,93,19,53,70,14,27,32,91,52,63,26,21,90,22,71,53,58,70,96,94,66,83,87,32,96,73,13,44,60
705.0,Xilio,Women,,25th,6.0,2.0,2,3.0,Kids,1.0,2560179.0,4.0,More than 1M,5.0,35.0,13.0,75.0,51.0,91.0,13.0,61.0,5.3,5.3,62.0,Over 55,5.0,0.0,6.0,9.0,1.0,53.0,0.0,1.0,Other,Tech,0.2,1.3,2.3,2.8,1.2,2.7,1.4,0.1,0.8,1.0,0.3,0.4,0.4,1.6,11.0,7.7,18.9,2.9,1.8,4.6,0.2,0.15,2.03,1.95,2.35,1.05,2.3,1.15,0.1,Triumvirate,49.0,84.0,16.0,2.0,11.0,5.0,3.0,14,31,33,73,88,29,80,57,27,83,99,57,22,71,99,12,44,34,65,98,55,98,25,45,51,64,28,38,56,26
706.0,Xilio,inf,Single,1st,1.0,0.0,0,1.0,No Kids,2.0,1586617.0,4.0,More than 1M,5.0,65.0,63.0,88.0,87.0,18.0,63.0,76.0,5.2,5.2,64.0,Over 55,3.0,,5.0,5.0,9.0,49.0,3.0,3.0,Other,Other,3.0,0.3,2.4,2.7,1.3,0.8,2.5,0.1,1.5,0.5,1.8,1.9,2.6,9.9,2.6,8.1,17.7,3.0,0.5,8.2,0.2,2.45,2.49,2.0,2.2,1.05,0.65,2.05,0.1,Striver,11.0,6.0,0.0,-15.0,-7.0,5.0,5.0,42,84,35,38,57,96,74,29,46,31,42,93,28,71,21,27,80,83,11,36,69,12,61,36,90,34,94,55,67,92
707.0,IWF,Women,Single,40th+,9.0,0.0,0,1.0,No Kids,2.0,3493351.0,4.0,More than 1M,5.0,75.0,98.0,87.0,30.0,43.0,98.0,79.0,6.5,6.5,56.0,Over 55,0.0,1.0,7.0,4.0,11.0,49.0,17.0,5.0,Tech,Finance,1.0,1.9,0.4,2.2,2.4,2.7,2.8,1.7,2.2,0.0,1.9,2.8,0.5,3.9,16.0,1.2,14.8,5.5,inf,9.3,2.8,0.8,2.16,0.3,1.85,1.95,2.25,2.3,1.4,Flourisher,85.0,19.0,-14.0,-25.0,inf,3.0,1.0,74,36,46,37,34,84,10,47,35,79,42,35,53,47,91,34,31,85,54,10,28,39,35,82,71,86,87,84,74,100
708.0,IWF,Men,Married,5th,2.0,4.0,3+,4.0,inf,1.0,1295040.0,3.0,More than 1M,5.0,41.0,14.0,71.0,59.0,56.0,14.0,31.0,5.4,5.4,50.0,45 - 55,5.0,7.0,9.0,4.0,1.0,48.0,12.0,5.0,Other,Other,2.4,0.6,0.8,0.8,0.6,0.3,1.6,2.3,1.5,1.4,1.6,3.0,2.4,8.3,5.4,2.7,5.5,1.4,0.2,5.5,3.8,2.0,2.4,0.65,0.7,0.5,0.25,1.35,1.9,Striver,26.0,57.0,-9.0,17.0,3.0,5.0,5.0,27,76,94,20,45,46,97,64,18,11,81,92,98,35,18,29,83,50,49,94,100,97,17,64,86,43,83,55,28,60
709.0,Xilio,Men,In a relationship,20th,5.0,1.0,1,2.0,Kids,1.0,1884971.0,4.0,More than 1M,5.0,25.0,68.0,88.0,35.0,86.0,68.0,78.0,4.2,4.2,67.0,Over 55,8.0,0.0,1.0,3.0,4.0,49.0,12.0,1.0,Consulting,Finance,0.8,1.9,0.1,0.8,2.5,2.0,2.0,1.6,0.2,1.1,2.0,1.1,1.4,3.3,15.5,0.2,5.6,5.7,1.3,6.6,2.7,0.65,2.13,0.05,0.7,2.05,1.65,1.65,1.35,Joyful Striver,63.0,69.0,-12.0,-7.0,-19.0,2.0,1.0,58,90,63,74,17,31,13,77,73,75,29,21,68,33,94,67,96,80,33,68,18,54,54,79,59,21,62,86,66,46
710.0,HBS,Women,Married,25th,6.0,2.0,2,3.0,Kids,1.0,680199.0,2.0,500K - 1M,4.0,99.0,26.0,17.0,96.0,30.0,26.0,93.0,4.6,4.6,41.0,35 - 45,7.0,3.0,6.0,5.0,0.0,52.0,2.0,8.0,Consulting,Consulting,2.0,2.0,0.9,2.9,1.9,2.7,2.7,2.5,2.2,1.7,0.3,1.8,1.0,7.1,inf,2.9,19.3,4.5,1.8,9.0,4.2,1.7,2.34,0.75,2.4,1.6,2.25,2.25,2.1,Striver,89.0,3.0,-12.0,-17.0,2.0,2.0,2.0,20,65,30,28,82,67,13,88,81,41,25,30,46,48,57,95,24,73,38,19,78,45,93,90,86,97,80,68,74,58
711.0,IWF,Women,In a relationship,30th,7.0,0.0,0,,No Kids,2.0,4064628.0,4.0,More than 1M,5.0,14.0,45.0,43.0,34.0,89.0,45.0,14.0,8.0,8.0,65.0,Over 55,9.0,6.0,3.0,5.0,2.0,49.0,9.0,5.0,Finance,Consulting,2.3,0.5,2.3,0.0,1.3,0.5,0.3,0.1,2.4,0.6,1.7,2.6,0.5,7.8,3.8,7.7,0.2,2.9,0.3,1.0,0.2,1.9,2.38,1.95,0.05,1.05,0.4,0.25,0.1,Purposeful Striver,86.0,1.0,8.0,1.0,-17.0,1.0,2.0,94,30,83,18,67,77,91,97,29,25,30,51,34,30,58,59,22,70,76,34,14,96,90,62,90,30,72,70,22,68
712.0,Xilio,Women,Single,30th,7.0,4.0,3+,4.0,Kids,1.0,1879396.0,inf,More than 1M,5.0,37.0,90.0,15.0,56.0,59.0,90.0,46.0,5.2,5.2,44.0,35 - 45,1.0,1.0,1.0,6.0,0.0,54.0,9.0,7.0,Healthcare,Other,1.8,0.2,1.6,2.1,1.4,2.9,,1.1,0.9,2.6,0.9,0.4,0.5,6.4,1.5,5.2,14.3,3.2,1.9,2.3,1.8,1.5,2.3,1.3,1.8,1.15,2.4,0.6,0.9,Joy Seeker,59.0,58.0,-6.0,8.0,2.0,4.0,5.0,35,56,47,36,54,53,36,98,63,85,54,70,25,56,62,88,13,21,77,93,98,81,28,69,24,38,71,77,17,19
713.0,HBS,Men,Married,25th,6.0,0.0,0,1.0,No Kids,2.0,2721276.0,4.0,More than 1M,5.0,22.0,50.0,67.0,57.0,75.0,50.0,36.0,6.0,6.0,57.0,Over 55,9.0,,3.0,7.0,2.0,49.0,15.0,7.0,Finance,Healthcare,1.4,2.3,1.0,2.1,0.8,1.4,2.1,0.7,2.0,0.8,2.8,2.1,2.0,5.2,19.5,3.5,14.1,1.8,0.9,7.1,1.2,1.2,2.24,0.85,1.75,0.65,1.15,1.75,0.6,Purposeful Striver,27.0,38.0,-15.0,18.0,-20.0,1.0,4.0,72,89,55,43,71,43,52,10,95,10,99,67,47,57,65,19,91,90,75,66,35,73,26,70,99,60,81,75,27,39
714.0,HBS,Women,Married,5th,2.0,1.0,1,2.0,Kids,1.0,658861.0,3.0,500K - 1M,4.0,80.0,72.0,56.0,31.0,87.0,72.0,40.0,4.0,4.0,50.0,45 - 55,10.0,4.0,10.0,6.0,11.0,49.0,17.0,9.0,Other,Consulting,1.2,1.4,1.1,1.9,2.3,2.8,2.5,1.3,1.3,0.7,2.3,1.2,1.7,4.7,11.5,inf,12.5,5.3,1.9,8.2,2.2,1.05,,0.95,1.55,1.9,2.35,2.05,1.1,Striver,49.0,15.0,-10.0,-22.0,3.0,5.0,2.0,98,68,13,53,48,86,68,16,92,81,96,63,52,22,49,30,65,78,93,75,28,63,74,45,53,32,86,43,44,94
715.0,IWF,Men,Married,40th+,9.0,1.0,1,2.0,Kids,1.0,2556954.0,1.0,More than 1M,5.0,25.0,51.0,24.0,71.0,86.0,51.0,97.0,6.0,6.0,33.0,0 - 35,9.0,2.0,9.0,4.0,15.0,48.0,4.0,7.0,Finance,Consulting,1.0,0.2,0.0,3.0,1.5,2.0,2.6,0.2,2.7,1.4,2.9,0.6,0.4,4.1,1.5,0.0,19.8,3.6,1.4,8.6,0.4,0.85,2.17,0.0,2.5,1.3,1.7,2.15,0.2,Striver,77.0,34.0,5.0,10.0,-9.0,1.0,2.0,95,93,69,77,67,51,41,66,39,57,91,43,96,12,33,38,32,23,63,24,39,77,38,94,51,42,28,95,96,30
716.0,IWF,Women,Single,15th,,2.0,2,3.0,Kids,1.0,691614.0,4.0,500K - 1M,4.0,31.0,10.0,54.0,82.0,41.0,10.0,30.0,4.4,4.4,63.0,Over 55,10.0,8.0,3.0,3.0,7.0,53.0,17.0,7.0,Other,Tech,2.8,,0.9,0.9,1.0,0.9,1.2,2.9,2.5,1.5,0.1,1.2,0.3,9.4,24.9,3.0,6.2,2.2,0.6,4.2,4.8,2.3,2.46,0.75,0.8,0.8,0.75,1.05,2.4,Striver,33.0,61.0,-20.0,-8.0,-10.0,5.0,3.0,68,15,66,91,90,18,42,21,62,59,71,16,23,41,81,19,43,43,62,37,57,59,23,36,54,17,84,14,35,43
717.0,Xilio,Women,In a relationship,15th,4.0,2.0,2,3.0,Kids,1.0,4903878.0,1.0,More than 1M,5.0,65.0,78.0,14.0,40.0,34.0,78.0,56.0,8.9,8.9,32.0,inf,1.0,,6.0,inf,3.0,inf,12.0,3.0,Other,Finance,2.5,0.2,1.9,1.0,1.8,0.6,0.3,0.7,1.6,0.6,0.9,0.2,0.2,8.5,1.4,6.5,6.8,4.2,0.4,0.9,1.1,2.1,2.42,1.6,0.85,1.5,0.45,0.2,0.55,Joy Seeker,1.0,35.0,-7.0,-11.0,-3.0,5.0,1.0,36,28,54,24,92,16,37,14,72,22,40,44,15,44,42,22,26,57,88,22,25,40,26,50,44,51,11,18,47,82
718.0,HBS,Women,In a relationship,10th,3.0,0.0,0,1.0,No Kids,2.0,4723174.0,4.0,More than 1M,5.0,98.0,90.0,22.0,70.0,93.0,90.0,86.0,8.7,8.7,79.0,Over 55,4.0,5.0,3.0,10.0,11.0,53.0,16.0,1.0,Finance,Consulting,2.9,2.1,2.9,0.2,3.0,0.9,1.3,2.8,2.1,0.8,0.6,2.1,2.2,9.7,17.4,9.7,1.6,7.0,0.6,4.4,4.6,2.4,2.48,2.45,0.2,2.5,0.75,1.1,2.3,Purpose Seeker,21.0,64.0,11.0,-13.0,5.0,1.0,2.0,58,66,29,60,73,77,64,59,20,24,51,24,98,28,32,56,37,70,58,23,80,38,22,37,31,86,15,29,93,59
719.0,HBS,Women,Single,,7.0,0.0,0,1.0,No Kids,2.0,3387519.0,1.0,More than 1M,5.0,49.0,26.0,92.0,20.0,12.0,26.0,59.0,6.9,6.9,35.0,0 - 35,4.0,6.0,7.0,3.0,12.0,50.0,16.0,1.0,Other,Healthcare,0.4,3.0,2.5,1.3,1.3,0.3,0.7,inf,2.7,0.5,inf,0.8,2.1,2.1,24.6,8.5,8.9,3.0,0.2,2.3,2.1,0.3,2.06,2.1,1.1,1.1,0.25,0.6,1.05,Striver,55.0,25.0,-22.0,-7.0,-23.0,5.0,4.0,86,78,26,22,53,28,69,51,40,62,21,74,32,23,86,32,23,90,41,75,27,68,100,25,83,78,38,30,75,85
720.0,Xilio,Women,Married,1st,1.0,1.0,1,2.0,Kids,1.0,inf,2.0,500K - 1M,4.0,51.0,58.0,15.0,32.0,67.0,58.0,91.0,3.8,3.8,42.0,35 - 45,6.0,6.0,8.0,8.0,3.0,52.0,4.0,9.0,Consulting,Finance,2.2,0.7,0.1,0.8,2.8,0.4,0.9,3.0,1.5,2.2,0.7,0.9,0.2,7.6,6.0,0.2,5.2,6.4,0.3,2.9,4.9,1.85,2.37,0.05,0.65,2.3,0.35,0.75,2.45,Joy Seeker,6.0,24.0,-22.0,-20.0,-5.0,2.0,1.0,42,12,80,92,38,40,79,21,58,53,74,99,69,57,63,59,43,44,70,43,65,45,72,44,84,50,50,26,35,56
721.0,Xilio,Men,Single,15th,4.0,0.0,0,1.0,No Kids,2.0,1756351.0,4.0,More than 1M,5.0,22.0,34.0,48.0,64.0,25.0,34.0,96.0,5.2,5.2,68.0,Over 55,4.0,10.0,2.0,1.0,10.0,53.0,18.0,1.0,Tech,Consulting,2.8,0.4,2.7,1.0,1.0,0.3,2.3,1.7,0.9,2.3,2.0,0.4,1.7,9.4,3.6,9.0,6.9,2.4,0.2,7.7,2.8,inf,2.47,2.25,0.85,0.85,0.25,1.95,1.4,Striver,81.0,12.0,-6.0,-14.0,0.0,3.0,2.0,10,10,13,58,68,44,71,27,96,17,82,34,21,95,62,96,84,74,51,34,30,86,42,45,47,83,60,21,66,94
722.0,HBS,Women,Single,25th,inf,3.0,3+,4.0,Kids,1.0,1102647.0,4.0,More than 1M,5.0,96.0,42.0,60.0,21.0,40.0,42.0,inf,3.4,3.4,60.0,Over 55,1.0,2.0,10.0,11.0,7.0,52.0,2.0,3.0,Other,Tech,0.5,0.4,2.3,2.5,,1.3,0.2,2.8,2.3,1.4,0.7,2.6,0.3,2.6,3.0,7.8,16.7,0.4,0.8,0.8,4.7,0.45,2.09,1.95,2.1,0.15,1.05,0.2,2.35,Purpose Seeker,69.0,18.0,-16.0,11.0,10.0,5.0,3.0,30,67,23,79,80,66,89,75,28,83,12,68,22,90,58,13,66,68,10,63,40,82,38,65,79,72,14,91,34,93
723.0,IWF,Women,Single,20th,5.0,2.0,2,3.0,Kids,1.0,1661107.0,4.0,More than 1M,5.0,96.0,69.0,31.0,87.0,92.0,69.0,43.0,4.3,4.3,68.0,Over 55,4.0,5.0,9.0,2.0,2.0,54.0,6.0,8.0,Tech,Finance,0.2,inf,2.3,2.8,0.6,2.4,2.5,0.0,0.7,2.1,1.5,1.5,2.7,1.6,7.6,7.8,18.7,1.4,1.6,8.3,0.0,0.15,2.03,1.95,2.35,0.5,2.0,2.05,0.0,Purpose Seeker,5.0,15.0,-2.0,-9.0,16.0,3.0,1.0,64,47,12,65,18,94,43,83,21,55,99,88,15,77,87,76,86,45,72,88,10,94,46,28,73,23,50,76,39,15
724.0,HBS,Women,Single,10th,3.0,4.0,3+,4.0,Kids,1.0,1058455.0,1.0,More than 1M,5.0,51.0,94.0,22.0,66.0,69.0,94.0,43.0,4.6,4.6,30.0,0 - 35,2.0,5.0,0.0,3.0,7.0,52.0,6.0,2.0,Tech,Tech,2.2,0.3,1.4,0.6,1.3,0.4,1.3,2.2,1.2,2.2,2.7,1.7,2.7,7.7,2.5,4.6,3.7,2.9,0.3,4.3,3.7,1.85,2.37,1.15,0.45,1.05,0.35,1.05,1.85,Joy Seeker,3.0,80.0,9.0,-3.0,11.0,3.0,3.0,15,24,97,85,15,70,96,88,24,78,18,95,72,54,87,94,64,88,44,21,12,76,92,66,16,97,71,14,91,59
725.0,Xilio,Men,Married,5th,2.0,1.0,1,2.0,Kids,1.0,1335794.0,4.0,More than 1M,5.0,81.0,83.0,48.0,28.0,67.0,83.0,97.0,4.7,4.7,72.0,Over 55,8.0,9.0,9.0,7.0,8.0,51.0,11.0,1.0,Tech,Healthcare,1.7,2.1,1.2,1.1,0.7,0.4,1.8,2.7,2.6,0.4,2.1,1.7,2.1,6.2,17.3,4.0,7.5,1.5,inf,6.0,4.5,1.45,2.29,1.0,0.95,0.55,0.35,1.5,2.25,Triumvirate,53.0,27.0,0.0,0.0,-4.0,3.0,4.0,90,43,89,60,38,40,97,26,40,28,60,15,47,28,89,62,75,28,60,18,34,98,55,94,53,71,39,69,16,72
726.0,HBS,Women,Single,1st,1.0,0.0,0,1.0,No Kids,2.0,1980367.0,3.0,More than 1M,5.0,43.0,17.0,27.0,56.0,13.0,17.0,70.0,5.3,5.3,51.0,45 - 55,9.0,0.0,1.0,7.0,6.0,51.0,1.0,4.0,Tech,Consulting,2.5,0.2,0.9,2.8,0.0,1.9,0.3,0.4,2.2,2.9,1.2,1.2,2.8,8.6,1.6,3.0,18.6,0.0,1.3,0.9,0.7,2.1,2.42,0.75,2.3,0.0,1.6,0.2,0.35,Joy Seeker,23.0,72.0,11.0,3.0,16.0,3.0,2.0,78,70,67,46,67,92,65,77,52,47,25,61,59,73,58,11,46,51,80,40,17,98,33,42,85,84,71,62,36,21
727.0,Xilio,Women,Single,30th,7.0,1.0,1,2.0,Kids,1.0,1940705.0,4.0,More than 1M,5.0,26.0,85.0,87.0,66.0,13.0,85.0,39.0,5.3,5.3,78.0,Over 55,3.0,8.0,0.0,4.0,3.0,49.0,16.0,9.0,Finance,Other,0.4,1.5,0.2,0.2,2.7,0.6,1.0,0.3,1.2,2.5,1.1,0.6,2.4,2.3,12.7,0.7,1.2,6.4,0.4,3.4,0.5,0.35,2.07,0.15,0.15,2.3,0.5,0.85,0.25,Joyful Striver,53.0,60.0,12.0,7.0,-14.0,1.0,5.0,14,44,64,26,26,62,22,80,46,20,97,88,61,75,69,77,77,78,54,87,74,85,23,32,16,55,36,61,20,50
728.0,Xilio,Men,In a relationship,15th,4.0,1.0,1,2.0,Kids,1.0,1631596.0,4.0,More than 1M,5.0,78.0,75.0,46.0,86.0,68.0,75.0,61.0,5.1,5.1,58.0,Over 55,1.0,1.0,8.0,10.0,5.0,49.0,5.0,4.0,Tech,Consulting,2.4,3.0,0.7,0.3,2.5,0.3,0.3,1.3,0.6,0.6,1.4,2.2,2.5,8.2,24.9,2.3,1.8,5.9,0.2,0.9,2.1,2.0,2.4,0.55,0.25,2.1,0.25,0.2,1.05,Triumvirate,37.0,46.0,-5.0,1.0,16.0,3.0,2.0,12,73,13,67,25,41,65,71,88,52,87,97,49,88,99,74,85,28,86,62,71,20,14,72,75,76,59,87,17,40
729.0,Xilio,Women,In a relationship,10th,3.0,1.0,1,2.0,Kids,1.0,3821481.0,2.0,More than 1M,5.0,22.0,79.0,18.0,78.0,78.0,79.0,93.0,7.3,7.3,38.0,35 - 45,8.0,5.0,3.0,7.0,15.0,51.0,4.0,9.0,Other,Healthcare,0.6,2.4,0.7,0.5,2.2,0.5,2.9,2.8,1.1,0.6,0.5,0.4,1.7,2.8,20.3,2.5,3.3,5.2,0.3,9.6,4.7,0.5,2.1,0.6,0.4,1.85,0.4,2.4,2.35,Joyful Striver,74.0,89.0,14.0,-1.0,-13.0,5.0,4.0,62,34,33,96,96,75,27,50,38,29,12,30,17,75,99,88,35,48,74,52,16,20,62,79,69,62,91,57,20,11
inf,HBS,Men,In a relationship,5th,2.0,2.0,2,3.0,Kids,1.0,4180276.0,4.0,More than 1M,5.0,27.0,90.0,65.0,37.0,20.0,90.0,46.0,inf,7.6,57.0,Over 55,3.0,9.0,3.0,1.0,11.0,55.0,9.0,8.0,Tech,Other,0.5,1.8,1.5,1.8,0.5,2.8,2.4,1.6,0.9,0.4,1.9,0.3,0.9,2.5,15.4,4.8,11.9,1.2,1.8,8.1,2.7,0.4,2.08,1.2,1.5,0.4,2.3,2.0,1.35,Joyful Striver,74.0,17.0,13.0,-16.0,-15.0,3.0,5.0,32,33,43,99,12,68,63,43,35,29,33,80,70,84,74,66,70,78,23,47,16,35,97,31,10,61,61,99,97,25
731.0,Xilio,Women,In a relationship,1st,1.0,3.0,3+,4.0,Kids,1.0,2412357.0,4.0,More than 1M,5.0,68.0,43.0,29.0,74.0,80.0,43.0,48.0,6.0,6.0,78.0,Over 55,1.0,6.0,7.0,3.0,10.0,48.0,4.0,9.0,Healthcare,Other,0.5,0.9,2.2,0.5,0.4,2.5,1.4,1.6,0.5,0.4,1.1,2.1,0.7,2.5,7.7,7.5,3.0,0.8,1.6,4.6,2.6,0.4,2.08,1.85,0.4,0.3,2.05,1.15,1.3,Joy Seeker,83.0,53.0,-5.0,-3.0,-10.0,4.0,5.0,62,21,39,38,30,19,86,79,11,30,82,41,17,54,41,79,76,61,12,51,17,62,39,76,71,16,58,28,39,10
732.0,Xilio,Women,In a relationship,,6.0,3.0,3+,4.0,Kids,1.0,3517124.0,4.0,More than 1M,5.0,13.0,48.0,97.0,29.0,15.0,48.0,92.0,6.7,6.7,62.0,Over 55,1.0,7.0,7.0,0.0,4.0,48.0,2.0,1.0,Tech,Healthcare,2.4,1.9,1.4,2.9,inf,1.1,0.7,0.4,2.2,2.2,2.6,0.6,1.0,8.3,15.6,4.7,19.4,0.5,0.7,2.2,0.7,2.05,2.41,1.2,2.4,0.15,0.9,0.55,0.35,Purpose Seeker,17.0,8.0,-16.0,-5.0,-18.0,3.0,4.0,46,27,91,42,73,11,52,54,93,91,22,62,43,96,88,16,93,21,33,81,28,23,69,89,96,90,71,26,24,13
733.0,HBS,Men,Single,15th,4.0,3.0,3+,4.0,Kids,1.0,2275131.0,4.0,More than 1M,5.0,22.0,82.0,61.0,92.0,51.0,82.0,48.0,5.9,5.9,68.0,Over 55,10.0,0.0,10.0,7.0,2.0,49.0,,6.0,Finance,Consulting,2.0,1.6,0.2,1.3,2.2,2.0,2.8,0.0,0.8,1.4,2.3,0.9,1.9,7.0,13.2,0.6,8.9,5.1,1.3,9.3,0.0,1.65,2.33,0.15,1.1,1.8,1.65,2.35,0.0,Joy Seeker,85.0,79.0,12.0,-5.0,14.0,1.0,2.0,83,24,28,69,99,75,48,67,24,66,11,68,88,83,30,28,83,92,74,57,26,73,82,68,98,93,69,63,65,56
734.0,IWF,Women,Married,40th+,9.0,0.0,0,1.0,No Kids,2.0,4276049.0,3.0,More than 1M,5.0,77.0,24.0,93.0,89.0,24.0,24.0,27.0,7.3,7.3,53.0,45 - 55,9.0,3.0,4.0,9.0,inf,inf,inf,4.0,Healthcare,Tech,1.6,1.3,2.9,1.5,2.8,1.6,1.0,2.4,1.4,2.3,,1.4,0.5,5.7,10.7,9.6,10.0,6.5,1.1,3.4,4.1,1.3,2.26,2.4,1.25,2.3,1.35,0.85,2.05,Purposeful Striver,78.0,27.0,20.0,17.0,14.0,4.0,3.0,83,89,40,100,45,69,70,60,13,59,80,78,69,76,27,53,61,56,57,76,20,89,100,34,27,63,89,77,44,74
735.0,Xilio,Men,Married,15th,4.0,0.0,0,1.0,No Kids,2.0,121865.0,4.0,Less than 150K,1.0,40.0,67.0,93.0,25.0,44.0,67.0,20.0,3.6,3.6,76.0,Over 55,10.0,0.0,9.0,7.0,0.0,53.0,10.0,2.0,Other,Consulting,1.1,0.4,2.8,0.7,1.3,2.0,0.5,0.3,1.2,2.2,1.1,1.3,0.8,4.2,3.3,9.4,4.9,3.0,1.4,1.6,0.4,0.9,2.18,2.35,0.6,1.1,1.7,0.4,0.2,Purpose Seeker,73.0,46.0,-22.0,-13.0,19.0,5.0,2.0,92,36,69,98,95,97,51,43,95,83,30,71,66,78,69,72,27,85,19,75,58,19,37,26,16,20,63,44,48,61
736.0,Xilio,Women,In a relationship,10th,3.0,2.0,2,3.0,Kids,1.0,4074588.0,4.0,More than 1M,5.0,58.0,49.0,88.0,79.0,29.0,49.0,21.0,8.1,8.1,59.0,Over 55,9.0,9.0,4.0,1.0,12.0,53.0,7.0,6.0,Consulting,Other,2.6,2.7,2.4,1.4,0.4,2.0,1.7,1.9,2.9,1.8,0.6,2.1,1.4,8.9,22.2,7.9,9.4,0.8,1.4,5.6,3.2,2.2,2.44,1.95,1.2,0.3,inf,1.4,1.6,Joyful Striver,1.0,50.0,19.0,11.0,-24.0,2.0,5.0,26,81,69,64,71,26,90,53,59,35,28,13,55,12,22,74,62,45,22,25,20,40,35,48,63,34,14,97,33,56
737.0,Xilio,Men,Single,5th,2.0,0.0,0,1.0,No Kids,2.0,1102200.0,4.0,More than 1M,5.0,24.0,inf,19.0,19.0,98.0,43.0,35.0,4.4,4.4,78.0,Over 55,2.0,1.0,5.0,7.0,8.0,53.0,2.0,6.0,Other,Healthcare,1.2,1.3,3.0,2.0,1.5,1.9,2.8,2.7,1.2,2.1,2.3,1.9,0.7,4.5,11.2,9.9,13.2,3.6,1.3,9.4,4.6,1.0,2.2,2.5,1.65,1.3,1.55,2.35,2.3,Joyful Striver,51.0,71.0,-6.0,7.0,4.0,5.0,4.0,94,69,28,19,51,25,88,24,47,39,98,95,31,47,33,48,72,72,82,92,50,45,27,86,76,68,18,50,17,86
,Xilio,Women,Married,30th,7.0,3.0,3+,4.0,inf,1.0,2150473.0,4.0,More than 1M,5.0,90.0,,42.0,42.0,,14.0,18.0,inf,6.1,66.0,Over 55,9.0,8.0,7.0,2.0,15.0,49.0,19.0,8.0,Tech,Consulting,2.4,0.6,1.6,2.3,1.0,0.8,0.0,0.6,0.2,0.1,1.5,1.9,1.8,8.3,4.9,5.4,15.0,2.4,0.5,0.0,1.0,2.05,2.41,1.35,1.9,0.85,0.65,0.0,0.5,Triumvirate,45.0,3.0,-9.0,-2.0,4.0,3.0,2.0,87,55,58,56,85,25,27,87,32,82,56,27,96,86,39,92,62,85,23,25,71,19,45,84,19,97,43,22,52,59
inf,Xilio,Women,Single,30th,7.0,0.0,0,1.0,No Kids,2.0,2530856.0,3.0,More than 1M,5.0,79.0,55.0,72.0,56.0,36.0,55.0,43.0,6.9,6.9,49.0,45 - 55,4.0,5.0,3.0,8.0,2.0,50.0,3.0,3.0,Other,Tech,1.3,1.1,2.9,2.3,1.1,0.1,0.7,2.0,0.3,0.9,0.7,2.1,2.8,5.0,9.2,9.6,15.1,2.6,0.1,2.4,3.3,1.1,2.22,2.4,1.9,0.95,0.1,0.6,1.65,Striver,77.0,64.0,-19.0,18.0,-14.0,5.0,3.0,82,98,72,32,51,55,32,79,68,40,31,90,49,51,11,35,36,91,19,40,61,35,17,83,70,75,45,42,51,54
740.0,IWF,Women,Single,10th,3.0,3.0,3+,4.0,Kids,1.0,2936158.0,1.0,More than 1M,5.0,17.0,35.0,83.0,93.0,90.0,35.0,42.0,7.0,7.0,31.0,0 - 35,10.0,9.0,3.0,5.0,13.0,48.0,1.0,1.0,Tech,Tech,1.1,1.2,0.2,1.7,1.9,1.4,2.8,0.2,1.8,1.9,0.6,0.9,2.2,4.4,10.4,0.8,11.6,4.3,0.9,9.4,0.4,0.95,2.19,0.2,1.45,1.55,1.15,2.35,0.2,Joy Seeker,4.0,44.0,-22.0,-15.0,-16.0,3.0,3.0,10,26,92,94,70,48,63,59,99,51,84,65,54,92,92,53,40,60,49,67,75,29,27,48,68,36,29,24,93,51
,HBS,Women,Married,40th+,9.0,1.0,1,2.0,Kids,1.0,4098472.0,4.0,More than 1M,5.0,25.0,16.0,15.0,50.0,29.0,16.0,73.0,7.0,7.0,64.0,Over 55,0.0,1.0,4.0,6.0,10.0,51.0,9.0,0.0,Finance,Finance,1.4,2.5,1.1,2.7,2.2,2.7,,1.8,1.8,0.0,0.5,1.0,2.0,5.2,20.7,3.7,18.1,5.0,1.8,1.7,3.0,1.15,2.23,0.9,2.25,1.8,2.25,0.45,1.5,Joy Seeker,62.0,53.0,3.0,-9.0,18.0,1.0,1.0,60,62,31,30,22,40,39,41,84,77,42,33,64,49,34,21,100,52,32,37,77,53,93,33,68,92,90,72,50,93
742.0,IWF,Men,Married,20th,5.0,3.0,3+,4.0,Kids,1.0,1252869.0,3.0,More than 1M,5.0,33.0,93.0,52.0,30.0,38.0,93.0,81.0,3.8,3.8,48.0,45 - 55,6.0,2.0,0.0,10.0,5.0,50.0,0.0,inf,Finance,Tech,0.9,2.2,0.7,2.5,0.3,1.7,0.3,0.5,1.3,0.1,2.3,1.3,1.7,3.7,18.3,2.3,,0.8,1.1,1.1,0.8,0.75,2.15,0.55,2.05,0.3,1.4,0.3,0.4,Joyful Striver,65.0,24.0,-12.0,-22.0,-15.0,1.0,3.0,54,17,33,22,20,97,67,76,37,70,41,75,60,59,59,31,10,43,64,13,84,71,67,47,78,67,93,24,56,65
743.0,HBS,Women,In a relationship,10th,3.0,0.0,0,1.0,No Kids,2.0,2313869.0,4.0,More than 1M,5.0,93.0,90.0,38.0,71.0,58.0,90.0,31.0,5.4,5.4,56.0,Over 55,2.0,4.0,1.0,8.0,10.0,49.0,14.0,7.0,Other,Healthcare,2.2,2.3,0.6,2.3,0.1,2.5,1.7,2.2,1.3,2.6,0.7,0.9,1.5,7.7,19.2,2.0,15.1,0.2,1.7,5.7,3.7,1.85,2.37,inf,1.9,0.1,2.1,1.45,1.85,Purposeful Striver,32.0,60.0,-23.0,-1.0,-11.0,5.0,4.0,86,88,85,42,63,10,77,12,75,70,73,22,95,44,23,86,15,58,72,19,76,82,41,97,72,20,94,40,35,80
744.0,Xilio,Women,In a relationship,20th,5.0,0.0,0,1.0,No Kids,2.0,3155354.0,4.0,More than 1M,5.0,inf,57.0,14.0,10.0,57.0,57.0,71.0,6.8,6.8,72.0,Over 55,1.0,7.0,7.0,8.0,9.0,51.0,2.0,4.0,Healthcare,Other,1.5,0.0,0.4,0.2,3.0,3.0,2.6,0.9,0.2,2.1,1.6,3.0,0.6,5.5,0.3,1.4,1.1,7.0,2.0,8.6,1.5,1.25,inf,0.35,0.15,2.5,2.5,2.15,0.75,Triumvirate,34.0,3.0,-2.0,4.0,-10.0,4.0,5.0,13,36,39,33,25,20,76,95,17,79,94,71,14,33,15,23,20,27,80,60,49,88,58,90,17,64,92,37,61,66
745.0,HBS,Women,Single,30th,7.0,4.0,3+,4.0,Kids,1.0,4112494.0,2.0,More than 1M,5.0,63.0,21.0,34.0,55.0,88.0,21.0,65.0,8.2,8.2,39.0,35 - 45,6.0,7.0,4.0,8.0,0.0,48.0,10.0,5.0,Tech,Tech,0.7,1.2,1.9,0.0,0.7,0.5,1.4,1.4,1.5,0.8,1.4,2.4,2.7,3.1,10.4,6.2,0.1,1.6,0.3,4.8,2.3,0.6,2.12,1.55,0.0,0.6,0.4,1.2,1.15,Joy Seeker,72.0,20.0,11.0,-17.0,-9.0,3.0,3.0,71,55,67,20,17,94,80,95,38,87,48,63,22,97,85,95,43,70,51,27,14,18,57,66,87,28,72,19,97,42
746.0,HBS,Women,Married,25th,6.0,4.0,3+,4.0,Kids,1.0,1459551.0,4.0,More than 1M,5.0,71.0,49.0,76.0,57.0,52.0,49.0,16.0,4.4,4.4,65.0,Over 55,3.0,8.0,0.0,3.0,2.0,53.0,15.0,3.0,Finance,Finance,2.7,1.4,2.3,0.6,0.2,2.1,3.0,1.8,1.5,2.1,1.7,0.5,0.7,9.1,12.0,7.8,4.2,0.4,1.4,9.9,3.0,2.25,2.45,1.95,0.55,0.15,1.75,2.5,1.5,Striver,39.0,46.0,-10.0,-5.0,0.0,1.0,1.0,74,59,40,26,68,13,27,83,20,77,93,24,37,26,93,39,93,66,75,56,94,80,91,53,64,48,76,66,31,37
747.0,IWF,Men,Single,1st,1.0,1.0,1,,Kids,1.0,2311020.0,4.0,More than 1M,5.0,91.0,10.0,53.0,24.0,85.0,10.0,27.0,5.8,5.8,79.0,Over 55,6.0,1.0,3.0,5.0,10.0,48.0,2.0,6.0,Other,Consulting,1.2,0.1,1.7,2.0,0.6,2.0,2.0,0.5,0.4,2.4,2.6,0.0,0.3,4.5,0.5,5.8,13.3,1.3,1.3,6.8,0.9,0.95,2.19,1.45,1.65,inf,1.7,1.7,0.45,Purpose Seeker,26.0,15.0,-22.0,-6.0,-24.0,5.0,2.0,41,80,73,77,66,80,16,60,27,99,81,78,93,49,96,53,72,14,88,41,31,99,80,45,15,94,39,80,14,53
748.0,Xilio,Women,Single,40th+,9.0,0.0,0,1.0,No Kids,2.0,2786944.0,4.0,More than 1M,5.0,24.0,81.0,81.0,59.0,84.0,81.0,68.0,6.0,6.0,65.0,Over 55,8.0,9.0,9.0,8.0,,52.0,19.0,3.0,Finance,Tech,1.6,0.8,0.4,1.2,0.1,2.9,0.2,2.2,0.3,0.9,2.6,0.1,2.3,5.9,6.5,1.5,8.2,0.3,2.0,0.7,3.7,1.35,2.27,0.35,1.05,0.1,2.45,0.2,1.85,Flourisher,34.0,25.0,-2.0,-7.0,-14.0,1.0,3.0,43,12,28,56,49,35,49,76,64,26,51,12,89,83,39,93,62,98,82,39,46,33,74,79,10,99,78,42,24,65
749.0,IWF,Women,In a relationship,30th,7.0,0.0,0,1.0,No Kids,2.0,4812883.0,2.0,More than 1M,5.0,36.0,35.0,14.0,inf,10.0,35.0,18.0,8.5,8.5,39.0,35 - 45,10.0,6.0,4.0,3.0,6.0,48.0,17.0,9.0,Other,Other,2.7,2.3,2.4,1.2,1.2,3.0,3.0,0.9,0.4,0.1,1.4,0.7,0.5,9.2,19.0,8.1,8.0,2.7,2.0,9.9,1.5,2.25,2.45,2.05,1.0,1.0,2.45,2.5,0.75,Joyful Striver,54.0,78.0,8.0,-7.0,0.0,5.0,5.0,81,73,57,34,68,59,79,85,59,28,18,46,71,75,39,100,94,33,56,45,20,21,42,89,65,95,79,16,45,53
750.0,HBS,Women,In a relationship,inf,1.0,2.0,2,3.0,Kids,1.0,2317623.0,2.0,More than 1M,5.0,69.0,80.0,95.0,43.0,12.0,80.0,89.0,5.1,5.1,40.0,35 - 45,6.0,4.0,7.0,8.0,10.0,52.0,11.0,5.0,Consulting,Tech,1.9,0.4,1.9,2.7,2.4,2.1,1.2,2.0,0.3,2.8,0.0,0.3,1.1,6.6,3.4,6.4,17.7,5.6,1.4,4.1,3.3,1.55,2.31,1.6,2.2,2.0,1.7,1.0,1.65,Joyful Striver,3.0,71.0,4.0,-14.0,,2.0,3.0,48,53,54,82,11,21,95,57,23,60,34,46,96,53,47,47,94,73,90,18,53,69,59,54,84,79,12,14,72,93
751.0,inf,Women,In a relationship,30th,7.0,0.0,0,1.0,No Kids,2.0,944032.0,1.0,500K - 1M,4.0,24.0,71.0,90.0,92.0,61.0,71.0,90.0,3.6,3.6,33.0,0 - 35,2.0,10.0,4.0,10.0,2.0,55.0,4.0,3.0,Tech,Finance,inf,1.6,1.2,2.7,1.0,0.7,0.9,0.5,1.8,1.0,1.3,1.6,0.1,2.1,13.4,inf,17.9,2.4,0.5,2.9,0.8,0.3,2.06,0.95,2.25,0.85,0.6,0.7,0.4,Joyful Striver,50.0,17.0,-8.0,11.0,-8.0,3.0,1.0,35,62,64,30,85,90,74,26,83,79,98,12,33,32,67,68,27,68,61,45,95,93,13,35,97,20,58,99,88,82
752.0,HBS,,In a relationship,40th+,9.0,1.0,1,2.0,Kids,1.0,4012588.0,1.0,More than 1M,5.0,29.0,69.0,39.0,17.0,15.0,69.0,26.0,7.1,7.1,31.0,0 - 35,2.0,6.0,6.0,7.0,2.0,52.0,4.0,5.0,Other,Healthcare,2.8,0.6,2.0,2.7,1.3,2.4,1.7,2.1,,0.3,1.8,2.6,0.4,9.5,5.4,6.7,18.2,3.1,1.6,5.6,3.4,2.35,2.47,1.7,2.25,1.1,2.0,1.4,1.7,Purpose Seeker,12.0,84.0,-7.0,16.0,6.0,5.0,4.0,43,33,64,93,19,84,77,16,18,72,11,72,16,15,50,51,30,47,27,38,62,87,93,20,19,23,51,89,100,43
753.0,Xilio,Women,Single,25th,6.0,4.0,3+,4.0,Kids,1.0,1597438.0,1.0,More than 1M,5.0,39.0,67.0,21.0,22.0,74.0,67.0,98.0,4.4,4.4,35.0,0 - 35,4.0,4.0,8.0,6.0,13.0,49.0,9.0,9.0,Tech,Healthcare,1.9,0.0,0.8,0.9,2.0,inf,0.9,0.4,inf,1.5,1.7,2.2,0.5,6.6,0.3,2.6,6.3,4.7,0.2,3.0,0.6,1.55,2.31,0.65,0.8,1.7,0.25,0.75,0.3,Purposeful Striver,65.0,9.0,5.0,-9.0,12.0,3.0,4.0,63,69,27,92,53,74,58,22,20,84,28,44,47,75,66,61,28,42,88,25,86,95,45,61,32,69,33,66,58,23
754.0,Xilio,Women,Single,15th,4.0,1.0,1,2.0,Kids,1.0,,2.0,500K - 1M,4.0,14.0,39.0,17.0,55.0,98.0,39.0,26.0,4.6,4.6,39.0,35 - 45,0.0,5.0,5.0,9.0,9.0,50.0,12.0,1.0,Healthcare,Other,1.0,0.7,1.0,2.1,1.5,2.3,0.3,1.3,0.5,2.3,2.0,0.6,0.2,4.0,6.0,3.5,13.8,3.6,1.6,0.9,2.1,0.85,2.17,0.85,1.75,1.25,1.95,0.2,1.05,Joyful Striver,54.0,38.0,-7.0,11.0,-23.0,4.0,5.0,12,12,72,92,20,56,61,75,72,89,29,61,46,30,45,72,13,19,27,30,70,25,37,34,25,45,53,81,64,77
755.0,HBS,Men,Single,15th,4.0,1.0,1,2.0,Kids,1.0,665605.0,1.0,500K - 1M,4.0,53.0,78.0,67.0,55.0,88.0,78.0,42.0,3.3,3.3,31.0,0 - 35,5.0,5.0,3.0,5.0,12.0,48.0,5.0,9.0,Tech,Tech,0.4,2.9,2.8,0.8,2.6,2.7,0.0,0.7,2.9,0.7,0.5,1.2,2.0,2.3,24.4,9.2,5.4,6.0,1.8,0.0,1.2,0.35,2.07,2.3,0.7,2.15,2.3,0.0,0.6,Triumvirate,5.0,48.0,20.0,13.0,12.0,3.0,3.0,59,29,56,21,88,62,38,13,85,39,79,96,77,44,73,70,86,46,33,73,76,38,12,40,25,50,10,95,81,38
756.0,Xilio,Women,Married,20th,5.0,1.0,1,2.0,Kids,1.0,4613897.0,1.0,More than 1M,5.0,63.0,75.0,41.0,29.0,47.0,75.0,10.0,9.9,9.9,33.0,0 - 35,2.0,3.0,2.0,9.0,1.0,53.0,inf,2.0,Consulting,Tech,2.4,2.4,0.9,0.6,2.6,1.1,1.3,2.2,2.6,0.8,1.9,1.5,2.5,inf,20.0,2.9,3.8,6.1,0.8,4.5,3.7,2.0,2.4,0.75,0.5,2.15,0.95,1.1,1.85,Purpose Seeker,57.0,60.0,-7.0,2.0,-23.0,2.0,3.0,21,55,84,46,89,80,30,19,76,34,26,37,51,38,25,43,91,96,32,75,22,41,15,94,65,11,63,49,69,88
757.0,HBS,Women,In a relationship,20th,5.0,2.0,2,3.0,Kids,1.0,845131.0,4.0,500K - 1M,4.0,96.0,29.0,47.0,91.0,39.0,29.0,66.0,4.2,4.2,78.0,Over 55,5.0,5.0,1.0,11.0,3.0,48.0,18.0,8.0,Healthcare,Tech,1.9,2.9,1.4,0.6,0.0,1.9,2.5,0.8,0.7,0.7,0.5,2.4,1.1,6.6,24.0,4.7,3.7,0.1,1.3,8.4,1.3,1.55,2.31,1.15,0.45,0.0,1.6,2.1,0.65,Purposeful Striver,17.0,63.0,-4.0,15.0,4.0,4.0,3.0,74,24,66,51,90,11,99,97,62,84,98,27,95,16,97,48,38,20,21,68,20,92,54,54,15,66,61,37,66,26
758.0,Xilio,Women,In a relationship,15th,4.0,4.0,3+,4.0,Kids,1.0,97661.0,4.0,Less than 150K,1.0,10.0,55.0,68.0,37.0,31.0,55.0,97.0,3.2,3.2,74.0,Over 55,5.0,9.0,6.0,0.0,5.0,52.0,19.0,3.0,Finance,Consulting,1.6,1.5,2.7,1.0,2.3,1.3,1.7,2.6,1.0,3.0,2.3,2.5,2.6,5.8,12.2,8.9,6.8,5.4,0.9,5.7,4.4,1.35,2.27,2.25,0.85,1.95,1.1,1.45,2.2,Purpose Seeker,47.0,86.0,-2.0,9.0,-25.0,1.0,2.0,63,34,54,26,99,33,87,26,48,80,77,45,14,62,87,50,34,33,32,37,20,44,32,76,39,69,45,45,38,92
759.0,Xilio,Women,Married,30th,7.0,3.0,3+,4.0,Kids,1.0,2108007.0,1.0,More than 1M,5.0,96.0,55.0,38.0,57.0,87.0,55.0,95.0,5.1,5.1,32.0,0 - 35,9.0,10.0,1.0,2.0,5.0,51.0,17.0,1.0,Tech,Healthcare,2.7,0.3,2.1,1.3,1.4,1.3,3.0,2.7,0.6,0.6,1.0,2.7,inf,9.0,2.7,,8.6,3.2,0.9,10.0,4.5,2.25,2.45,1.75,1.05,1.15,1.1,2.5,2.25,Purpose Seeker,23.0,2.0,19.0,-8.0,4.0,3.0,4.0,14,87,42,57,11,13,18,61,87,35,93,42,73,46,99,46,65,97,30,64,94,52,16,85,72,29,88,65,28,18
760.0,IWF,Men,Single,15th,4.0,0.0,0,1.0,No Kids,2.0,1337506.0,4.0,More than 1M,5.0,37.0,77.0,22.0,28.0,41.0,77.0,15.0,4.9,4.9,inf,Over 55,4.0,6.0,6.0,3.0,5.0,51.0,12.0,8.0,Tech,Healthcare,2.4,1.6,0.2,2.5,3.0,0.9,0.9,0.6,,1.7,2.1,1.5,1.0,8.1,13.7,0.6,16.6,6.9,0.6,2.9,1.0,1.95,2.39,0.15,2.1,2.45,0.8,0.7,0.5,Purpose Seeker,79.0,88.0,-14.0,-12.0,19.0,3.0,4.0,66,80,26,37,59,28,56,15,65,65,12,73,59,32,81,74,86,80,73,40,94,62,70,49,10,31,47,56,82,36
761.0,Xilio,Men,Single,40th+,9.0,1.0,1,2.0,Kids,1.0,2001206.0,1.0,More than 1M,5.0,33.0,43.0,83.0,27.0,66.0,43.0,94.0,5.1,5.1,35.0,0 - 35,10.0,3.0,9.0,10.0,10.0,49.0,17.0,4.0,Healthcare,Tech,0.5,1.4,0.4,0.4,1.4,2.3,0.8,,0.1,2.8,0.1,2.1,0.5,2.4,11.4,1.5,2.4,3.4,1.5,2.8,3.1,0.4,2.08,0.35,0.3,1.2,1.9,0.7,1.55,Triumvirate,85.0,72.0,4.0,9.0,6.0,4.0,3.0,26,26,79,50,21,35,85,92,37,31,96,35,96,17,23,88,72,30,99,42,16,29,74,55,60,13,53,80,19,58
762.0,HBS,Men,In a relationship,5th,2.0,0.0,0,1.0,No Kids,2.0,2931614.0,4.0,More than 1M,5.0,88.0,94.0,51.0,32.0,25.0,94.0,16.0,6.6,6.6,63.0,Over 55,9.0,3.0,7.0,0.0,3.0,54.0,6.0,1.0,Finance,Tech,0.9,2.5,0.0,2.2,3.0,2.8,0.5,0.3,2.0,0.4,1.2,0.3,1.9,3.8,21.1,0.1,14.7,6.9,1.9,1.6,0.4,0.8,2.16,0.0,1.85,2.45,2.35,0.4,0.2,Purpose Seeker,14.0,11.0,12.0,18.0,2.0,1.0,3.0,56,93,13,56,99,84,51,78,84,98,60,57,24,85,40,41,36,29,81,96,26,93,15,63,98,65,91,49,19,88
763.0,IWF,Women,Married,10th,3.0,1.0,1,2.0,Kids,1.0,2996422.0,1.0,More than 1M,5.0,16.0,85.0,43.0,60.0,inf,85.0,29.0,7.9,7.9,32.0,0 - 35,4.0,0.0,6.0,4.0,1.0,53.0,17.0,3.0,Tech,Other,0.7,0.3,1.9,1.6,2.3,2.8,0.5,1.2,1.6,2.9,2.1,inf,1.3,3.2,2.5,6.3,10.6,5.3,1.9,1.6,2.0,0.6,2.12,1.6,1.35,1.9,2.35,0.4,1.0,Purposeful Striver,66.0,64.0,5.0,15.0,-5.0,3.0,5.0,32,18,29,27,32,49,60,83,48,28,91,49,82,57,75,17,69,19,43,69,57,17,33,50,55,67,96,68,98,46
764.0,IWF,Men,In a relationship,15th,4.0,2.0,2,3.0,Kids,1.0,3738654.0,4.0,More than 1M,5.0,32.0,16.0,53.0,82.0,70.0,16.0,38.0,7.4,7.4,62.0,Over 55,9.0,1.0,0.0,1.0,5.0,48.0,6.0,9.0,Consulting,Consulting,2.2,1.5,1.3,0.9,0.7,0.5,0.9,2.1,2.7,2.8,0.7,0.7,1.8,7.7,12.2,4.5,5.8,1.7,0.3,2.9,3.6,1.85,2.37,1.1,0.7,0.6,0.45,0.7,1.8,Triumvirate,inf,77.0,10.0,-19.0,20.0,2.0,2.0,88,47,56,87,27,59,65,18,34,40,35,26,62,19,77,27,92,98,11,50,23,51,46,98,30,97,56,52,66,37
765.0,Xilio,Men,In a relationship,inf,6.0,0.0,0,1.0,No Kids,2.0,148033.0,1.0,Less than 150K,1.0,89.0,82.0,90.0,76.0,69.0,82.0,18.0,3.7,3.7,33.0,0 - 35,4.0,2.0,6.0,3.0,2.0,52.0,8.0,0.0,Healthcare,Healthcare,0.1,0.5,0.4,1.5,1.6,2.6,2.4,2.0,0.5,2.7,2.4,1.3,2.3,1.3,3.8,1.3,9.9,3.8,1.7,7.9,3.3,0.1,2.02,0.35,1.25,1.35,2.2,2.0,1.65,Purpose Seeker,51.0,81.0,-7.0,15.0,-13.0,4.0,4.0,94,57,100,80,71,52,60,100,30,35,65,49,34,88,74,54,58,56,78,90,72,86,54,90,47,74,38,75,63,59
766.0,HBS,Women,Married,10th,3.0,2.0,2,3.0,Kids,1.0,660265.0,4.0,500K - 1M,4.0,46.0,69.0,93.0,38.0,83.0,69.0,77.0,3.4,3.4,75.0,Over 55,10.0,2.0,10.0,11.0,4.0,50.0,18.0,3.0,Consulting,Consulting,1.7,1.0,2.9,0.9,3.0,2.2,2.7,1.9,2.4,0.6,1.9,1.9,1.6,6.1,8.1,9.6,6.0,6.9,1.5,9.1,3.1,1.4,2.28,2.4,0.75,2.5,1.85,2.25,1.55,Joy Seeker,38.0,72.0,19.0,-13.0,1.0,2.0,2.0,23,69,24,22,71,84,79,86,19,51,73,16,98,33,64,42,74,56,40,55,73,79,60,47,78,97,60,18,65,64
767.0,IWF,Women,Single,1st,1.0,4.0,3+,4.0,Kids,1.0,2740309.0,,More than 1M,5.0,74.0,32.0,32.0,35.0,19.0,32.0,53.0,6.3,6.3,74.0,Over 55,8.0,9.0,9.0,10.0,12.0,53.0,18.0,4.0,Tech,Tech,2.3,2.2,1.6,1.8,2.6,0.8,2.9,0.8,2.4,1.9,1.8,0.8,1.9,7.9,18.4,5.3,11.9,6.0,0.5,9.8,1.4,1.9,2.38,1.3,1.5,2.15,0.65,2.45,0.7,Triumvirate,64.0,21.0,10.0,-8.0,10.0,3.0,3.0,75,72,79,91,47,76,29,92,52,50,17,66,94,99,93,14,47,24,77,58,84,25,97,45,72,67,50,15,77,13
768.0,IWF,Men,Single,40th+,9.0,3.0,3+,4.0,Kids,1.0,2948258.0,4.0,More than 1M,5.0,21.0,16.0,inf,75.0,41.0,,42.0,7.4,7.4,63.0,Over 55,5.0,5.0,8.0,7.0,13.0,54.0,0.0,0.0,Tech,Healthcare,2.6,1.4,0.7,1.3,0.3,0.2,0.7,1.1,0.4,2.3,1.1,0.2,2.8,8.9,11.9,2.4,8.7,0.7,0.1,2.3,1.9,2.2,2.44,0.6,1.1,0.25,0.15,0.6,0.95,Purposeful Striver,38.0,18.0,4.0,11.0,-19.0,inf,4.0,84,95,56,22,76,21,97,30,24,32,90,17,18,56,87,91,92,53,79,74,86,78,54,92,59,39,95,74,78,94
769.0,Xilio,Men,In a relationship,15th,4.0,0.0,0,1.0,No Kids,2.0,1245502.0,2.0,More than 1M,5.0,58.0,71.0,30.0,24.0,40.0,71.0,72.0,4.2,4.2,41.0,35 - 45,1.0,7.0,10.0,0.0,3.0,48.0,11.0,3.0,Consulting,Tech,1.0,1.1,1.5,0.5,2.1,0.8,2.6,0.3,1.2,3.0,1.4,0.0,0.9,4.1,9.4,5.0,3.3,,0.5,8.8,0.5,0.85,2.17,1.25,0.4,1.75,0.65,2.2,0.25,Triumvirate,50.0,64.0,7.0,-13.0,-4.0,2.0,3.0,60,11,87,40,47,76,36,33,92,56,46,65,47,62,49,83,61,71,96,51,74,62,72,53,21,85,73,12,96,28
770.0,Xilio,Women,In a relationship,30th,7.0,2.0,2,3.0,Kids,1.0,4656038.0,3.0,More than 1M,5.0,61.0,89.0,60.0,25.0,65.0,89.0,13.0,9.5,9.5,54.0,45 - 55,7.0,3.0,7.0,10.0,12.0,49.0,11.0,1.0,Tech,Finance,2.5,1.2,2.0,0.3,1.0,2.7,1.0,2.2,0.5,0.5,1.8,0.1,1.1,8.4,9.9,6.8,2.3,2.4,1.8,3.3,3.6,2.05,2.41,1.7,0.3,0.85,2.3,0.8,1.8,Purposeful Striver,82.0,82.0,-8.0,10.0,-16.0,3.0,1.0,47,97,84,11,76,36,47,13,57,22,36,40,31,48,34,45,10,15,28,32,43,54,38,66,78,28,97,83,64,46
771.0,Xilio,Men,Married,40th+,9.0,4.0,3+,4.0,Kids,1.0,1451796.0,4.0,More than 1M,5.0,45.0,49.0,81.0,26.0,81.0,49.0,99.0,5.1,5.1,56.0,Over 55,9.0,1.0,2.0,7.0,5.0,53.0,12.0,2.0,Other,Healthcare,0.3,1.4,0.2,1.6,0.0,1.9,0.3,1.5,0.8,2.3,1.4,0.0,2.2,2.0,11.5,0.8,10.9,0.0,1.3,1.1,2.5,0.3,2.06,0.2,1.35,0.0,1.6,0.3,1.25,Striver,30.0,38.0,2.0,5.0,13.0,5.0,4.0,73,81,18,25,70,63,81,33,95,98,54,68,96,76,34,32,49,75,81,36,18,60,34,75,82,71,57,46,78,13
772.0,Xilio,Men,In a relationship,1st,1.0,3.0,3+,4.0,Kids,,2792779.0,3.0,More than 1M,5.0,35.0,57.0,93.0,17.0,56.0,57.0,85.0,6.1,6.1,51.0,45 - 55,10.0,4.0,0.0,1.0,13.0,48.0,6.0,6.0,Healthcare,Other,2.5,2.4,0.8,2.7,1.2,2.2,2.6,2.1,0.8,1.0,2.1,0.3,1.8,8.6,19.6,2.7,18.0,2.8,1.4,8.7,3.5,2.1,2.42,0.7,2.25,1.0,1.8,2.2,1.75,Flourisher,79.0,32.0,-15.0,-24.0,-11.0,4.0,5.0,47,20,99,18,10,75,74,68,30,75,13,67,58,75,12,49,90,85,22,98,86,15,19,90,53,77,86,96,81,46
773.0,Xilio,Men,Single,15th,4.0,2.0,2,3.0,Kids,1.0,2349049.0,4.0,More than 1M,5.0,96.0,85.0,74.0,23.0,60.0,85.0,13.0,6.1,6.1,73.0,Over 55,9.0,1.0,7.0,9.0,13.0,51.0,3.0,3.0,Healthcare,Consulting,0.4,2.7,2.4,1.0,0.7,0.8,1.9,0.7,1.7,0.5,1.3,0.7,0.5,2.1,22.3,8.1,6.9,1.6,0.5,6.4,1.2,0.3,2.06,2.0,0.85,0.6,0.65,1.6,0.6,Joyful Striver,51.0,11.0,19.0,-10.0,-11.0,4.0,2.0,59,73,25,82,54,58,63,12,69,75,95,21,77,15,78,14,30,13,74,41,46,42,44,39,61,88,31,42,90,60
774.0,HBS,Women,Single,30th,7.0,inf,0,1.0,No Kids,2.0,3750464.0,4.0,More than 1M,5.0,21.0,90.0,55.0,88.0,17.0,90.0,55.0,8.0,8.0,78.0,Over 55,5.0,9.0,8.0,5.0,15.0,54.0,16.0,4.0,Other,Other,1.2,2.9,1.4,2.2,2.5,2.2,0.5,1.0,1.2,1.3,0.6,0.7,1.1,4.6,23.9,4.6,14.7,5.7,1.4,1.6,1.6,1.0,2.2,1.15,1.85,2.05,1.8,0.4,0.8,Striver,inf,45.0,7.0,-17.0,-22.0,5.0,5.0,91,86,78,47,37,25,33,77,59,25,99,57,24,30,35,43,95,32,15,92,39,88,64,19,18,93,26,18,10,41
775.0,IWF,Women,Married,10th,3.0,3.0,3+,4.0,Kids,1.0,2222614.0,4.0,More than 1M,5.0,88.0,17.0,26.0,77.0,40.0,17.0,66.0,6.0,6.0,79.0,Over 55,7.0,5.0,6.0,5.0,6.0,51.0,4.0,inf,Consulting,Consulting,2.4,2.4,1.6,2.0,1.0,0.1,1.3,inf,,2.4,0.6,3.0,1.4,8.2,19.7,5.5,13.2,2.4,0.1,4.3,1.7,2.0,2.4,1.35,1.65,0.85,0.05,1.05,0.85,Joy Seeker,52.0,89.0,-9.0,-17.0,6.0,2.0,2.0,39,90,70,84,30,11,56,49,32,82,97,40,74,82,49,33,24,22,80,97,50,24,34,70,74,53,95,62,21,54
776.0,HBS,Women,Married,40th+,9.0,3.0,3+,4.0,Kids,1.0,800173.0,1.0,500K - 1M,4.0,,83.0,79.0,54.0,43.0,83.0,14.0,3.1,3.1,34.0,0 - 35,10.0,3.0,3.0,7.0,14.0,55.0,0.0,1.0,Healthcare,Tech,0.4,0.9,1.3,2.8,2.5,1.1,0.9,0.1,0.4,1.4,0.0,0.9,1.3,2.3,7.9,4.3,18.6,5.8,0.8,2.9,0.1,0.35,2.07,1.1,2.35,2.05,0.95,0.7,0.05,Striver,38.0,33.0,,12.0,-3.0,4.0,inf,88,81,19,63,22,69,80,57,22,37,46,92,63,83,47,26,59,90,36,12,54,23,100,72,19,93,14,86,44,21
777.0,IWF,Women,Married,5th,2.0,2.0,2,3.0,Kids,1.0,2699355.0,4.0,More than 1M,5.0,66.0,26.0,55.0,82.0,32.0,26.0,10.0,5.9,5.9,76.0,Over 55,7.0,1.0,0.0,6.0,5.0,55.0,16.0,0.0,Consulting,Other,0.7,2.1,0.1,2.5,0.0,1.9,2.2,1.0,2.9,1.6,0.9,0.4,0.5,3.1,17.2,0.4,16.4,0.0,1.3,7.4,1.7,0.55,2.11,0.1,2.05,0.0,1.55,1.85,0.85,Purpose Seeker,88.0,41.0,-22.0,-15.0,-20.0,2.0,5.0,100,30,59,65,36,63,92,63,78,86,80,72,39,45,47,80,57,40,88,69,56,48,54,45,55,70,70,60,87,50
778.0,HBS,Men,In a relationship,15th,4.0,1.0,1,2.0,Kids,1.0,3442504.0,4.0,More than 1M,5.0,64.0,52.0,86.0,65.0,26.0,52.0,27.0,7.0,7.0,67.0,Over 55,3.0,7.0,inf,5.0,15.0,49.0,9.0,5.0,Consulting,Other,2.2,1.3,0.5,1.7,0.9,0.4,1.4,2.4,0.7,3.0,2.2,1.6,2.8,7.5,10.9,inf,11.3,2.2,0.3,4.5,4.0,1.8,2.36,0.4,1.4,0.75,0.35,1.15,2.0,Purpose Seeker,79.0,8.0,-6.0,-4.0,-2.0,2.0,5.0,60,27,12,95,16,39,95,44,13,44,42,83,29,12,77,90,41,25,61,85,16,72,21,63,67,30,98,80,91,65
779.0,Xilio,Women,Single,10th,3.0,0.0,0,1.0,No Kids,2.0,4883260.0,3.0,More than 1M,5.0,inf,51.0,48.0,62.0,10.0,51.0,89.0,8.8,8.8,52.0,45 - 55,0.0,9.0,6.0,2.0,11.0,54.0,18.0,6.0,Healthcare,Healthcare,2.2,0.8,1.3,2.0,0.7,2.5,3.0,2.7,2.3,1.2,2.4,2.6,2.3,7.5,6.4,4.5,13.1,1.7,1.6,9.9,4.5,1.8,2.36,1.1,1.65,0.6,2.05,2.45,2.25,,30.0,inf,,7.0,-6.0,4.0,4.0,72,73,86,96,31,93,72,65,87,50,40,48,42,97,16,31,58,50,96,88,23,14,13,74,46,19,15,35,83,89
780.0,Xilio,Men,Single,15th,4.0,3.0,3+,4.0,Kids,,497010.0,4.0,250K – 500K,3.0,57.0,79.0,15.0,39.0,33.0,79.0,11.0,3.9,3.9,59.0,Over 55,6.0,8.0,2.0,6.0,0.0,48.0,14.0,3.0,Healthcare,Other,1.9,2.5,0.6,2.7,0.7,0.7,0.2,1.6,1.0,1.8,0.6,2.0,1.4,6.8,21.0,2.1,18.0,1.6,0.5,0.5,2.6,1.6,2.32,0.5,2.25,0.6,0.6,0.15,1.3,Triumvirate,51.0,86.0,-11.0,10.0,11.0,4.0,5.0,61,91,79,54,83,47,66,98,81,86,64,85,95,95,39,24,77,99,57,26,57,99,99,91,61,39,62,25,88,23
781.0,HBS,inf,Married,20th,5.0,3.0,3+,4.0,Kids,1.0,1685016.0,3.0,More than 1M,5.0,28.0,inf,67.0,21.0,12.0,50.0,20.0,5.1,inf,49.0,45 - 55,8.0,0.0,7.0,0.0,13.0,52.0,0.0,6.0,Tech,Healthcare,2.1,0.1,0.1,1.2,0.2,2.0,1.1,1.4,0.4,1.1,2.9,0.9,2.0,7.2,1.0,0.5,8.0,0.5,1.3,3.6,2.3,1.75,2.35,0.1,1.0,0.15,1.65,0.9,1.15,Purposeful Striver,81.0,51.0,-20.0,19.0,-6.0,3.0,4.0,47,47,90,43,62,37,64,49,18,40,21,29,86,87,28,24,54,10,97,41,15,90,76,13,90,33,90,49,42,63
782.0,IWF,Men,Married,10th,3.0,4.0,3+,4.0,Kids,1.0,1727900.0,1.0,More than 1M,5.0,20.0,13.0,46.0,80.0,10.0,13.0,12.0,4.4,4.4,32.0,0 - 35,6.0,2.0,1.0,4.0,9.0,55.0,11.0,9.0,Consulting,Healthcare,1.6,2.7,2.5,1.0,0.6,1.2,1.4,0.1,2.6,1.2,1.5,1.7,2.7,5.9,22.5,8.4,6.5,1.3,0.8,4.8,0.2,1.35,2.27,2.1,0.8,0.45,1.0,1.2,0.1,Joy Seeker,5.0,88.0,-12.0,-3.0,-14.0,2.0,4.0,97,41,60,18,88,34,69,86,44,94,20,57,16,51,44,34,41,21,88,16,43,61,26,64,22,57,26,99,92,72
783.0,Xilio,Men,In a relationship,10th,3.0,1.0,1,2.0,Kids,1.0,4610497.0,4.0,More than 1M,5.0,25.0,91.0,inf,85.0,27.0,91.0,15.0,8.7,8.7,64.0,Over 55,0.0,1.0,0.0,7.0,inf,54.0,12.0,6.0,Healthcare,Consulting,0.8,1.4,2.9,0.0,1.7,1.8,1.5,2.6,0.9,2.1,2.8,2.1,0.4,3.3,11.5,9.8,0.2,3.9,1.2,5.0,4.4,0.65,2.13,2.45,0.05,1.4,1.5,1.25,2.2,Flourisher,29.0,41.0,-15.0,19.0,7.0,4.0,2.0,88,20,28,97,88,19,71,77,30,41,97,80,17,54,42,62,13,65,77,92,89,25,82,63,15,64,68,60,34,74
784.0,HBS,Women,Single,15th,4.0,3.0,3+,4.0,Kids,1.0,4251038.0,4.0,More than 1M,5.0,89.0,78.0,31.0,46.0,10.0,78.0,91.0,8.4,8.4,56.0,Over 55,7.0,2.0,10.0,8.0,7.0,54.0,4.0,1.0,Other,Consulting,1.0,1.9,2.4,2.5,0.9,0.3,0.9,0.0,2.0,2.8,2.1,2.2,0.8,4.1,15.9,7.9,16.5,2.0,0.2,3.2,0.1,0.85,2.17,2.0,2.05,0.75,0.25,0.8,0.05,Flourisher,4.0,17.0,13.0,19.0,2.0,5.0,2.0,39,54,51,17,13,69,39,55,67,63,81,63,37,53,42,30,74,59,53,80,55,47,74,100,67,61,48,48,25,67
785.0,IWF,Men,Single,20th,5.0,2.0,2,3.0,,1.0,953875.0,3.0,500K - 1M,4.0,43.0,72.0,94.0,76.0,95.0,72.0,23.0,4.4,4.4,48.0,45 - 55,8.0,9.0,10.0,7.0,13.0,49.0,19.0,1.0,Consulting,Consulting,0.5,2.0,2.6,2.4,1.3,0.1,2.2,2.8,1.7,1.6,2.2,2.0,1.6,2.6,16.5,8.5,16.0,2.9,0.0,7.3,4.7,0.45,2.09,2.15,2.0,1.05,0.05,1.8,2.35,Joy Seeker,10.0,76.0,-17.0,8.0,-18.0,2.0,2.0,60,98,44,16,32,51,31,87,27,81,41,87,54,100,87,75,80,29,26,78,68,62,91,98,57,47,63,64,17,30
786.0,HBS,Women,Single,5th,2.0,3.0,3+,4.0,Kids,1.0,2153221.0,2.0,More than 1M,5.0,21.0,13.0,51.0,44.0,38.0,13.0,18.0,6.1,6.1,36.0,35 - 45,1.0,5.0,8.0,0.0,5.0,49.0,10.0,7.0,Tech,Healthcare,2.7,2.7,0.7,0.3,1.1,2.7,2.6,1.5,1.4,2.3,inf,2.6,2.4,9.2,22.4,2.4,2.1,2.6,1.8,8.7,2.4,2.25,2.45,0.6,0.25,0.95,2.25,2.2,1.2,Purposeful Striver,56.0,46.0,0.0,-17.0,-25.0,3.0,4.0,90,42,55,45,79,49,84,22,81,68,66,84,82,42,47,100,82,75,47,67,79,96,62,73,41,76,57,45,44,13
787.0,HBS,Women,Married,10th,3.0,2.0,2,3.0,Kids,1.0,3910993.0,,More than 1M,5.0,29.0,58.0,60.0,94.0,41.0,58.0,inf,8.1,8.1,33.0,0 - 35,10.0,6.0,3.0,10.0,2.0,52.0,12.0,2.0,Tech,Healthcare,1.8,1.9,2.9,1.7,2.6,0.8,2.8,1.0,1.5,0.3,0.7,2.6,0.1,6.3,15.9,9.6,11.5,6.1,inf,9.4,1.7,1.45,2.29,2.4,1.45,2.2,0.65,2.35,0.85,Flourisher,17.0,32.0,-10.0,-2.0,11.0,3.0,4.0,14,50,35,27,97,86,93,36,90,50,47,80,98,69,19,41,74,45,19,49,17,86,93,31,20,17,46,74,94,82
788.0,IWF,Women,Single,5th,2.0,4.0,3+,4.0,Kids,1.0,4761502.0,2.0,More than 1M,5.0,31.0,51.0,53.0,49.0,59.0,51.0,16.0,8.9,8.9,38.0,35 - 45,inf,3.0,6.0,0.0,9.0,55.0,4.0,1.0,Finance,Finance,1.2,1.8,0.6,1.4,2.7,2.5,2.4,2.8,2.2,0.6,0.0,1.7,3.0,4.6,15.3,2.0,9.3,6.3,1.6,8.1,4.6,1.0,2.2,0.5,1.15,2.25,2.05,2.0,2.3,Purpose Seeker,74.0,79.0,-21.0,-18.0,-4.0,1.0,1.0,38,17,78,12,93,51,38,15,52,75,69,38,89,95,66,30,89,88,63,94,33,62,66,34,90,38,57,94,92,55
789.0,IWF,Women,Married,10th,3.0,1.0,1,2.0,Kids,1.0,2598103.0,3.0,More than 1M,5.0,33.0,91.0,66.0,52.0,84.0,91.0,31.0,6.1,6.1,47.0,45 - 55,9.0,9.0,6.0,9.0,9.0,49.0,11.0,0.0,Finance,Tech,1.4,0.2,2.9,0.4,1.5,3.0,2.6,0.1,0.3,1.5,2.1,1.3,1.4,5.2,1.7,9.5,2.4,3.5,2.0,8.5,0.1,1.15,2.23,2.4,0.3,1.25,2.5,2.15,,Purposeful Striver,17.0,80.0,-16.0,-19.0,-20.0,1.0,3.0,13,20,73,37,93,56,50,26,15,63,95,83,83,92,37,77,27,47,100,57,76,55,37,90,14,19,77,86,55,95
790.0,IWF,Women,In a relationship,30th,7.0,1.0,,,Kids,1.0,111264.0,2.0,Less than 150K,1.0,77.0,46.0,inf,74.0,77.0,46.0,59.0,2.3,2.3,43.0,35 - 45,4.0,8.0,0.0,7.0,4.0,52.0,0.0,6.0,Healthcare,Finance,2.8,1.6,3.0,2.9,1.0,0.6,1.7,1.7,2.0,0.1,1.0,1.9,1.1,9.5,13.0,9.9,19.6,2.3,0.4,5.5,2.9,2.35,2.47,2.5,2.45,0.85,0.55,1.4,1.45,Triumvirate,84.0,54.0,-23.0,10.0,-5.0,4.0,1.0,19,95,46,79,85,46,51,45,95,49,28,82,20,92,87,53,63,31,15,60,13,100,25,68,15,78,87,99,20,21
791.0,IWF,Men,inf,25th,6.0,2.0,2,3.0,Kids,1.0,53275.0,4.0,Less than 150K,1.0,83.0,80.0,45.0,93.0,41.0,80.0,96.0,3.2,3.2,58.0,Over 55,6.0,3.0,10.0,7.0,4.0,50.0,9.0,2.0,Healthcare,Finance,0.5,0.5,2.1,0.6,0.3,0.8,2.5,1.6,2.7,0.8,2.4,2.5,0.9,2.4,3.8,7.1,4.3,0.7,0.5,8.3,2.7,0.4,2.08,1.8,0.55,0.25,0.65,2.05,1.35,Flourisher,88.0,86.0,-13.0,-8.0,6.0,4.0,1.0,65,60,93,53,42,89,74,90,87,37,93,57,40,79,47,92,56,70,15,66,10,24,30,66,83,84,86,54,70,39
792.0,HBS,Women,In a relationship,5th,2.0,1.0,1,2.0,Kids,1.0,2723714.0,4.0,More than 1M,5.0,78.0,30.0,92.0,47.0,65.0,30.0,70.0,6.4,6.4,80.0,Over 55,4.0,9.0,1.0,6.0,8.0,,4.0,2.0,Healthcare,Other,1.8,2.2,2.9,0.2,2.9,2.0,0.9,0.7,0.2,1.6,1.0,0.0,0.5,6.3,18.4,9.8,1.3,6.7,1.3,3.0,1.1,1.45,2.29,2.45,0.15,2.4,1.65,0.75,0.55,,69.0,20.0,17.0,-23.0,9.0,4.0,5.0,26,97,58,30,37,31,40,11,76,46,65,83,21,92,25,75,15,59,61,80,43,68,86,63,30,77,36,18,53,69
793.0,IWF,Women,Single,1st,1.0,4.0,3+,4.0,Kids,1.0,2490072.0,3.0,More than 1M,5.0,76.0,66.0,,44.0,24.0,66.0,79.0,6.1,6.1,47.0,45 - 55,8.0,6.0,0.0,3.0,9.0,55.0,7.0,9.0,Finance,Consulting,1.5,1.5,1.7,1.8,0.2,2.9,1.2,1.3,0.4,0.0,2.5,3.0,2.4,5.6,12.8,5.7,11.9,0.4,1.9,4.0,2.1,1.25,2.25,1.4,1.5,0.15,2.4,1.0,1.05,Joy Seeker,34.0,33.0,4.0,2.0,-11.0,1.0,2.0,83,50,30,37,17,66,39,86,21,74,23,92,87,86,30,99,75,68,24,46,18,59,51,53,51,58,97,46,20,80
794.0,IWF,Women,In a relationship,1st,1.0,4.0,3+,4.0,Kids,1.0,602735.0,2.0,500K - 1M,4.0,18.0,61.0,25.0,90.0,93.0,61.0,23.0,3.1,3.1,41.0,35 - 45,5.0,9.0,3.0,4.0,13.0,48.0,19.0,1.0,Tech,Finance,1.8,2.0,0.8,2.2,0.9,2.7,1.0,2.0,2.1,0.8,0.4,0.5,2.9,6.5,17.0,2.6,14.8,2.1,1.8,3.2,3.3,1.55,2.31,0.65,1.85,0.75,2.3,0.8,1.65,Striver,,74.0,19.0,-20.0,-21.0,3.0,1.0,26,26,83,63,10,93,27,61,21,83,42,65,60,35,15,23,18,29,77,96,72,18,63,61,90,67,36,96,20,90
795.0,Xilio,Men,Single,10th,3.0,3.0,3+,4.0,Kids,1.0,2030609.0,1.0,More than 1M,5.0,70.0,61.0,18.0,82.0,66.0,61.0,43.0,4.9,4.9,35.0,0 - 35,2.0,3.0,0.0,1.0,14.0,50.0,15.0,7.0,Consulting,Finance,0.1,0.1,1.3,0.1,0.9,1.5,1.4,2.2,1.3,1.5,0.5,1.4,1.2,1.2,1.0,4.4,0.6,2.1,1.0,4.7,3.6,0.05,2.01,1.1,0.1,0.75,1.25,1.15,1.8,Joyful Striver,53.0,40.0,-20.0,18.0,20.0,2.0,1.0,93,85,73,63,46,36,26,75,75,64,19,26,53,95,50,24,77,45,66,84,85,35,41,85,36,44,81,10,31,74
796.0,IWF,Men,Single,30th,7.0,0.0,0,1.0,No Kids,2.0,942826.0,4.0,500K - 1M,4.0,40.0,41.0,40.0,48.0,22.0,41.0,93.0,4.6,4.6,61.0,Over 55,7.0,8.0,4.0,8.0,8.0,49.0,11.0,3.0,Finance,Consulting,2.6,0.3,1.8,2.0,1.0,2.4,0.9,0.0,1.2,1.7,1.0,2.6,2.9,8.8,2.1,5.9,13.2,2.2,1.6,2.9,0.0,2.2,2.44,1.5,1.65,0.8,2.0,0.7,0.0,Flourisher,66.0,32.0,-9.0,18.0,-20.0,1.0,2.0,97,55,14,74,72,50,47,61,11,13,89,18,59,30,24,29,32,24,65,83,19,12,47,25,12,59,72,75,94,23
797.0,Xilio,Women,In a relationship,20th,5.0,2.0,2,3.0,Kids,1.0,2727143.0,4.0,More than 1M,,44.0,30.0,74.0,30.0,62.0,30.0,,6.2,6.2,66.0,Over 55,6.0,9.0,3.0,0.0,5.0,50.0,15.0,3.0,Consulting,Tech,2.8,2.1,0.2,1.6,0.5,0.4,2.9,,0.4,2.8,1.2,0.7,2.5,9.4,17.9,0.7,10.6,1.2,0.3,9.6,4.7,2.35,2.47,0.2,1.35,0.4,0.35,2.4,2.35,Purposeful Striver,77.0,2.0,19.0,-5.0,-1.0,2.0,3.0,78,41,79,30,31,89,23,52,24,19,73,43,26,11,12,43,52,71,16,94,19,56,79,25,69,49,61,72,100,53
798.0,HBS,Men,In a relationship,30th,7.0,2.0,2,3.0,Kids,1.0,892522.0,4.0,500K - 1M,4.0,97.0,54.0,56.0,22.0,75.0,54.0,15.0,4.4,4.4,75.0,Over 55,7.0,6.0,5.0,9.0,6.0,52.0,17.0,4.0,Other,Healthcare,1.7,0.2,1.9,0.3,2.3,2.9,0.9,0.5,1.5,1.9,1.0,1.4,1.4,6.1,1.8,6.2,2.1,5.5,2.0,3.1,0.8,1.4,2.28,1.55,,1.95,2.45,0.8,0.4,Joy Seeker,43.0,33.0,-7.0,2.0,20.0,5.0,4.0,43,88,99,22,79,43,96,99,32,56,73,54,44,56,52,45,60,12,60,64,59,14,47,90,75,21,56,52,91,35
799.0,Xilio,Men,In a relationship,30th,7.0,2.0,2,3.0,Kids,1.0,833692.0,2.0,500K - 1M,4.0,36.0,83.0,53.0,72.0,23.0,83.0,45.0,4.0,4.0,41.0,35 - 45,8.0,6.0,10.0,8.0,14.0,52.0,12.0,1.0,Finance,Tech,2.1,0.2,2.9,0.5,0.4,2.9,0.3,0.7,0.4,1.2,2.3,0.4,2.0,7.3,1.8,9.8,3.5,0.9,1.9,1.0,1.2,1.75,2.35,2.45,0.45,0.3,2.4,0.25,0.6,Flourisher,75.0,77.0,16.0,14.0,14.0,1.0,3.0,15,89,13,66,30,41,98,31,38,84,71,97,10,39,56,92,81,100,67,50,53,71,63,64,58,94,30,37,71,100
800.0,Xilio,Women,Married,30th,7.0,0.0,0,1.0,No Kids,2.0,1191157.0,4.0,More than 1M,5.0,83.0,86.0,79.0,16.0,20.0,86.0,75.0,inf,4.4,67.0,Over 55,6.0,7.0,7.0,2.0,5.0,55.0,10.0,1.0,Finance,Tech,2.8,0.0,0.6,1.7,1.9,0.5,1.6,0.8,1.4,2.8,0.3,1.2,1.3,9.3,0.3,1.9,11.4,4.4,0.3,5.3,1.3,,2.46,0.5,1.4,1.6,0.4,1.3,0.65,Flourisher,23.0,30.0,9.0,-25.0,3.0,1.0,3.0,62,63,48,58,44,99,88,64,90,23,77,18,38,36,23,18,34,14,73,29,57,93,69,70,43,25,66,40,57,25
801.0,HBS,Women,Married,10th,3.0,2.0,2,3.0,Kids,1.0,1344532.0,3.0,More than 1M,5.0,77.0,78.0,52.0,65.0,94.0,78.0,67.0,5.1,5.1,46.0,45 - 55,5.0,2.0,10.0,8.0,3.0,53.0,10.0,8.0,Finance,Finance,2.1,2.9,2.4,0.9,0.4,0.9,0.2,0.1,2.3,2.4,1.1,0.5,1.7,7.4,23.9,7.9,5.9,0.9,0.6,0.6,0.2,1.75,inf,2.0,0.75,0.3,0.75,0.15,0.1,Triumvirate,55.0,33.0,20.0,10.0,-19.0,1.0,1.0,75,95,44,63,88,98,65,76,16,47,100,16,60,80,75,80,89,65,35,42,96,93,86,88,46,87,84,78,72,16
802.0,HBS,Women,Married,15th,4.0,0.0,0,1.0,No Kids,2.0,451240.0,4.0,250K – 500K,3.0,10.0,90.0,91.0,32.0,41.0,90.0,56.0,3.3,3.3,70.0,Over 55,5.0,4.0,1.0,3.0,8.0,48.0,14.0,1.0,Tech,Healthcare,0.5,2.2,2.7,2.8,0.2,0.3,0.3,0.4,0.8,0.6,2.5,1.1,0.2,2.4,18.4,9.1,18.8,0.5,0.2,1.1,0.6,0.4,2.08,2.25,2.35,0.2,0.25,0.3,0.3,Flourisher,80.0,77.0,0.0,-5.0,14.0,3.0,4.0,86,29,10,19,14,75,31,69,37,21,52,25,73,29,38,39,44,40,67,49,15,14,86,86,51,94,100,98,60,41
803.0,Xilio,Men,Married,1st,1.0,2.0,2,3.0,Kids,1.0,3889744.0,4.0,More than 1M,5.0,17.0,77.0,60.0,38.0,,77.0,80.0,7.7,7.7,69.0,Over 55,10.0,4.0,2.0,4.0,14.0,49.0,16.0,7.0,Tech,Tech,1.7,1.1,2.8,2.5,2.7,0.8,0.7,3.0,1.4,0.4,0.2,1.1,2.1,6.2,8.8,9.4,16.4,6.4,0.5,2.2,4.9,1.45,2.29,2.35,2.05,,0.7,0.55,2.45,Striver,75.0,26.0,,17.0,-13.0,3.0,3.0,52,42,33,62,69,21,76,67,23,54,89,28,13,59,13,86,26,95,40,43,97,19,56,49,74,57,51,17,54,98
804.0,inf,Men,In a relationship,15th,4.0,,3+,4.0,Kids,1.0,974789.0,4.0,500K - 1M,4.0,28.0,21.0,22.0,84.0,53.0,21.0,19.0,3.9,3.9,71.0,Over 55,9.0,8.0,6.0,6.0,9.0,51.0,15.0,1.0,Finance,Healthcare,1.8,0.9,2.9,3.0,0.6,2.4,1.4,0.9,3.0,2.0,2.8,3.0,0.2,6.5,7.4,9.6,19.7,1.3,1.6,4.6,1.6,1.5,2.3,2.4,2.45,0.5,2.05,1.15,0.8,Purposeful Striver,16.0,22.0,3.0,9.0,12.0,1.0,4.0,84,83,66,53,55,49,65,21,53,26,68,15,96,32,35,100,27,44,75,71,33,89,21,100,69,100,57,43,42,25
805.0,HBS,Men,In a relationship,15th,4.0,2.0,2,3.0,Kids,1.0,3137092.0,2.0,More than 1M,5.0,97.0,48.0,45.0,21.0,83.0,48.0,15.0,6.5,6.5,40.0,35 - 45,10.0,0.0,7.0,5.0,8.0,55.0,8.0,0.0,Healthcare,Healthcare,1.3,1.0,1.6,0.8,2.5,1.1,1.3,0.3,2.1,1.7,3.0,3.0,2.5,4.8,8.7,5.2,inf,5.7,0.8,4.3,0.6,inf,2.21,1.3,0.65,2.05,0.95,1.1,0.3,Purpose Seeker,8.0,66.0,11.0,-13.0,-8.0,4.0,4.0,32,49,79,56,59,82,28,97,39,89,61,20,37,22,21,72,36,80,22,100,94,72,62,30,99,10,36,58,94,87
806.0,Xilio,Women,In a relationship,5th,2.0,0.0,0,1.0,No Kids,2.0,2243573.0,3.0,More than 1M,5.0,79.0,41.0,60.0,74.0,99.0,41.0,87.0,5.5,5.5,53.0,45 - 55,7.0,9.0,8.0,0.0,1.0,,9.0,0.0,Other,Other,2.2,2.3,2.9,2.9,1.6,0.3,2.4,0.3,inf,2.4,0.3,0.3,2.5,7.6,19.4,9.8,19.4,3.8,0.2,8.0,0.5,1.85,2.37,2.45,2.4,1.35,0.2,2.0,0.25,Flourisher,4.0,38.0,-6.0,-16.0,-24.0,5.0,5.0,64,41,50,62,57,85,66,78,90,44,28,85,25,90,11,44,24,79,27,28,67,34,42,75,10,74,81,67,69,98
807.0,HBS,Men,In a relationship,1st,1.0,4.0,3+,4.0,Kids,1.0,555893.0,1.0,500K - 1M,4.0,27.0,45.0,98.0,93.0,36.0,45.0,82.0,3.7,3.7,31.0,0 - 35,1.0,1.0,8.0,5.0,9.0,55.0,8.0,inf,Tech,Consulting,2.8,2.0,inf,1.3,0.2,1.0,2.2,2.2,1.2,2.2,0.9,2.2,0.7,9.4,16.5,7.6,8.6,0.5,0.7,7.4,3.6,2.35,2.47,1.9,1.1,0.2,0.85,1.85,1.8,Striver,4.0,90.0,-5.0,18.0,-18.0,3.0,2.0,89,11,63,83,15,99,53,93,41,75,30,70,72,13,26,22,90,35,84,52,73,53,37,17,68,31,42,84,11,71
808.0,Xilio,Men,Married,40th+,9.0,2.0,2,3.0,Kids,1.0,2285363.0,2.0,More than 1M,5.0,79.0,inf,29.0,16.0,37.0,88.0,99.0,5.5,5.5,,35 - 45,5.0,0.0,7.0,7.0,12.0,53.0,8.0,5.0,Finance,Other,2.8,0.6,0.5,1.0,2.9,2.9,1.3,2.6,2.3,1.9,1.1,inf,1.0,9.3,4.6,1.6,7.0,6.7,2.0,4.3,4.3,2.3,2.46,0.4,0.85,2.4,2.45,1.05,2.15,Joy Seeker,56.0,46.0,-16.0,-16.0,-15.0,1.0,5.0,84,42,55,55,98,82,44,48,79,84,31,51,85,23,44,88,78,10,22,78,65,34,12,80,13,24,85,56,22,39
809.0,Xilio,Women,In a relationship,10th,3.0,3.0,3+,4.0,Kids,1.0,4411514.0,3.0,More than 1M,inf,66.0,53.0,84.0,11.0,93.0,53.0,42.0,8.9,8.9,46.0,45 - 55,8.0,0.0,6.0,1.0,8.0,53.0,0.0,3.0,Other,Healthcare,1.4,0.5,1.4,0.2,0.7,1.9,1.0,0.8,0.1,3.0,2.3,0.1,1.4,5.1,4.4,4.8,1.0,1.7,1.3,3.3,1.3,1.15,2.23,1.2,0.15,0.6,1.55,0.85,0.65,Triumvirate,25.0,15.0,-21.0,20.0,7.0,5.0,4.0,25,86,69,22,65,19,10,22,97,50,18,22,62,29,19,55,89,92,33,72,91,39,91,19,23,93,44,34,75,80
810.0,IWF,Women,Single,30th,7.0,2.0,2,3.0,Kids,1.0,4178887.0,3.0,More than 1M,5.0,79.0,14.0,45.0,97.0,35.0,14.0,30.0,7.6,7.6,49.0,45 - 55,1.0,4.0,7.0,,6.0,53.0,18.0,1.0,Tech,,0.3,0.3,2.2,0.2,2.6,1.2,0.9,0.1,0.4,1.6,1.8,0.3,1.8,2.0,2.5,7.2,1.1,6.0,0.8,3.2,0.1,0.3,2.06,1.8,0.15,2.15,1.05,0.8,0.05,Triumvirate,67.0,44.0,10.0,-13.0,12.0,3.0,3.0,17,39,69,46,68,57,61,50,15,76,18,21,94,22,95,65,24,16,66,19,21,23,35,66,27,76,25,12,66,21
811.0,Xilio,Women,In a relationship,1st,1.0,2.0,2,3.0,Kids,1.0,1237094.0,2.0,More than 1M,5.0,11.0,20.0,65.0,,34.0,20.0,12.0,4.4,4.4,42.0,35 - 45,0.0,0.0,8.0,1.0,12.0,50.0,14.0,4.0,Healthcare,Healthcare,3.0,2.0,0.7,2.1,0.5,0.5,2.3,0.7,0.6,0.3,1.9,2.9,0.9,9.9,16.5,2.5,13.8,1.2,0.3,7.7,1.1,2.45,2.49,0.6,1.75,0.4,0.4,1.95,0.55,Purposeful Striver,67.0,49.0,-20.0,11.0,1.0,4.0,4.0,13,42,66,33,38,29,94,66,36,38,82,94,26,12,52,18,51,45,38,22,44,95,63,13,43,23,45,54,52,76
812.0,HBS,Women,In a relationship,30th,7.0,2.0,2,3.0,Kids,1.0,2251192.0,1.0,More than 1M,5.0,57.0,60.0,53.0,13.0,62.0,60.0,23.0,5.5,5.5,30.0,0 - 35,6.0,4.0,4.0,4.0,7.0,49.0,9.0,0.0,Consulting,Other,2.5,2.3,1.9,1.4,2.6,3.0,0.2,0.2,1.2,2.5,2.3,2.8,1.8,8.6,19.1,6.4,9.2,6.0,2.0,0.5,0.3,2.1,2.42,1.6,1.15,2.15,2.45,0.15,0.15,Purpose Seeker,inf,75.0,0.0,12.0,-6.0,2.0,5.0,13,86,40,11,80,48,79,62,91,27,36,83,49,99,30,96,43,85,65,14,80,52,49,52,10,82,75,61,54,100
813.0,Xilio,Women,In a relationship,15th,4.0,3.0,3+,4.0,Kids,1.0,698406.0,3.0,500K - 1M,4.0,76.0,33.0,42.0,77.0,96.0,33.0,85.0,4.5,4.5,47.0,45 - 55,4.0,2.0,2.0,11.0,1.0,53.0,13.0,7.0,Other,Finance,0.4,0.8,2.0,0.7,0.0,2.5,0.0,0.3,2.5,0.8,0.4,0.6,0.9,inf,6.6,6.7,4.5,0.1,1.6,0.1,0.5,0.3,2.06,1.65,0.55,0.05,2.05,0.05,0.25,Striver,32.0,61.0,-22.0,-2.0,-14.0,5.0,1.0,65,35,93,95,86,69,46,21,97,29,26,29,22,99,24,45,57,93,63,67,98,37,75,72,62,28,85,43,40,55
814.0,HBS,Men,Single,40th+,9.0,3.0,3+,4.0,Kids,1.0,3698866.0,1.0,More than 1M,5.0,79.0,99.0,58.0,10.0,65.0,99.0,65.0,7.5,7.5,30.0,0 - 35,1.0,4.0,6.0,1.0,4.0,53.0,6.0,1.0,Finance,Healthcare,2.8,0.1,0.5,1.8,1.5,0.8,2.4,1.3,1.0,2.3,2.5,0.5,0.2,9.3,0.5,1.6,12.3,3.6,0.6,8.0,2.2,2.3,2.46,0.4,1.55,1.3,0.7,2.0,1.1,Purposeful Striver,50.0,67.0,13.0,-24.0,17.0,1.0,4.0,34,31,33,90,27,75,74,22,33,23,53,59,61,91,44,12,92,96,14,68,15,28,77,52,31,49,100,78,19,92
815.0,IWF,Women,In a relationship,25th,6.0,2.0,inf,3.0,Kids,1.0,4642338.0,1.0,More than 1M,5.0,66.0,58.0,24.0,55.0,22.0,58.0,66.0,9.1,9.1,30.0,0 - 35,9.0,2.0,10.0,0.0,0.0,49.0,17.0,1.0,Healthcare,Finance,2.6,0.2,1.7,0.8,2.3,0.2,1.4,0.7,2.0,2.9,2.1,0.7,0.0,,2.1,5.7,5.1,5.4,0.1,4.8,1.1,2.15,2.43,1.4,,1.9,0.2,1.2,0.55,Joy Seeker,61.0,6.0,13.0,-4.0,5.0,4.0,1.0,76,75,98,23,11,74,60,83,43,43,54,45,67,87,94,28,17,34,44,85,74,51,98,76,89,13,65,17,32,52
816.0,Xilio,Women,In a relationship,30th,7.0,3.0,3+,4.0,Kids,1.0,2883406.0,3.0,More than 1M,5.0,99.0,57.0,18.0,16.0,24.0,57.0,47.0,5.7,5.7,46.0,45 - 55,2.0,inf,10.0,10.0,13.0,48.0,17.0,9.0,Consulting,Finance,1.6,2.9,2.3,1.7,2.8,0.2,0.4,1.5,2.1,2.1,1.7,1.5,0.3,5.7,24.2,7.7,11.6,6.5,0.1,1.3,2.6,1.3,2.26,1.95,1.45,2.35,0.15,0.35,1.3,Flourisher,51.0,9.0,9.0,-9.0,1.0,2.0,1.0,76,47,45,19,17,60,10,66,49,58,17,97,46,56,94,37,19,68,28,68,89,29,99,91,70,42,26,36,95,64
817.0,HBS,Women,In a relationship,15th,4.0,1.0,1,2.0,Kids,1.0,1063255.0,4.0,More than 1M,5.0,66.0,37.0,42.0,83.0,22.0,37.0,44.0,inf,4.4,57.0,Over 55,7.0,10.0,4.0,7.0,3.0,49.0,19.0,4.0,Healthcare,Tech,1.8,0.9,1.5,1.1,2.7,0.4,0.7,0.8,1.8,1.8,2.7,1.7,2.4,6.3,7.4,,7.2,6.4,0.2,2.4,1.3,1.5,2.3,1.25,0.9,2.25,0.3,0.6,0.65,Flourisher,19.0,6.0,-25.0,10.0,6.0,4.0,3.0,36,99,94,44,84,45,100,49,56,63,89,78,88,12,94,32,14,70,64,86,69,95,56,60,31,52,29,89,38,54
818.0,Xilio,Men,Married,40th+,9.0,2.0,2,3.0,Kids,1.0,3082766.0,4.0,More than 1M,5.0,88.0,61.0,25.0,89.0,70.0,61.0,77.0,7.1,7.1,67.0,Over 55,10.0,6.0,10.0,2.0,14.0,55.0,12.0,7.0,Finance,Other,1.2,2.3,0.0,2.5,2.5,1.7,2.8,2.8,1.1,1.4,2.1,0.7,2.9,4.6,19.2,0.1,16.5,5.7,1.2,9.3,,1.0,2.2,0.05,2.05,2.05,1.45,2.35,2.35,Purposeful Striver,21.0,73.0,-2.0,-12.0,-16.0,1.0,5.0,41,55,39,34,63,33,30,89,88,40,27,46,85,10,69,16,57,38,86,95,77,88,11,65,59,46,94,72,40,69
819.0,HBS,Men,In a relationship,5th,2.0,3.0,3+,4.0,Kids,1.0,570677.0,4.0,500K - 1M,4.0,78.0,44.0,33.0,88.0,67.0,44.0,22.0,3.7,3.7,56.0,Over 55,5.0,10.0,6.0,11.0,2.0,49.0,2.0,9.0,Other,Tech,0.2,1.9,0.0,2.5,2.7,2.8,2.6,2.7,1.7,1.1,0.6,2.3,1.3,1.5,15.6,0.1,16.4,6.2,1.9,8.6,4.5,0.15,2.03,0.0,2.05,2.2,2.3,2.15,2.25,Triumvirate,5.0,32.0,10.0,-16.0,-23.0,5.0,3.0,59,24,33,12,47,36,62,54,84,67,42,21,70,99,53,85,35,27,78,24,38,20,51,52,25,75,93,91,87,80
820.0,HBS,Men,Married,40th+,9.0,1.0,1,2.0,Kids,1.0,3124235.0,4.0,More than 1M,5.0,79.0,12.0,91.0,73.0,44.0,12.0,50.0,7.3,7.3,62.0,Over 55,4.0,2.0,2.0,3.0,5.0,51.0,19.0,3.0,Consulting,Healthcare,1.0,1.1,1.1,1.4,0.6,1.5,,1.7,inf,1.1,1.3,0.9,1.5,4.0,9.5,3.6,9.5,1.4,1.0,7.1,2.8,0.85,2.17,0.9,1.2,0.5,1.25,,1.4,Striver,82.0,41.0,-20.0,9.0,19.0,2.0,4.0,70,53,39,26,57,11,25,44,95,51,10,49,88,33,14,23,95,50,53,86,47,63,43,33,37,36,17,34,83,89
821.0,HBS,Men,In a relationship,10th,3.0,4.0,3+,4.0,Kids,1.0,1201459.0,1.0,More than 1M,5.0,50.0,65.0,76.0,63.0,18.0,65.0,14.0,4.2,4.2,33.0,0 - 35,4.0,0.0,5.0,7.0,1.0,55.0,8.0,9.0,Healthcare,Consulting,2.4,0.6,2.8,1.1,0.9,2.5,1.4,1.1,0.3,1.9,1.5,2.8,0.4,8.2,5.1,9.3,7.0,2.0,1.7,4.8,1.8,2.0,2.4,2.3,0.9,0.7,2.1,1.2,0.9,Purposeful Striver,42.0,76.0,15.0,-1.0,1.0,4.0,2.0,60,58,95,21,36,40,70,12,33,67,85,63,43,44,82,55,32,28,87,10,31,33,30,43,95,54,27,67,27,41
822.0,IWF,Men,Single,40th+,9.0,0.0,0,1.0,No Kids,2.0,2889653.0,2.0,More than 1M,5.0,93.0,93.0,19.0,98.0,21.0,93.0,13.0,7.2,7.2,42.0,35 - 45,5.0,10.0,1.0,8.0,2.0,53.0,13.0,3.0,Finance,Consulting,inf,0.4,0.7,1.1,0.9,1.3,1.6,1.1,3.0,2.3,0.2,2.0,1.7,1.0,3.0,2.3,7.3,2.0,0.9,5.2,1.9,0.0,2.0,0.55,0.9,0.7,1.1,1.3,0.95,Joyful Striver,61.0,8.0,20.0,,9.0,1.0,2.0,28,84,16,63,29,66,63,14,74,91,15,11,79,23,27,24,71,13,47,47,17,79,53,68,79,90,27,57,20,17
823.0,HBS,Women,Single,10th,3.0,4.0,3+,,Kids,1.0,1996197.0,2.0,More than 1M,5.0,24.0,79.0,20.0,54.0,15.0,79.0,51.0,6.5,6.5,38.0,35 - 45,inf,3.0,2.0,4.0,2.0,52.0,5.0,9.0,Healthcare,Healthcare,1.0,1.8,1.9,2.4,1.1,2.1,2.9,1.2,0.4,2.0,2.9,1.3,0.4,4.0,15.4,6.3,16.1,2.6,1.4,9.8,2.1,0.85,2.17,1.6,2.0,0.95,1.75,2.45,1.05,Triumvirate,22.0,72.0,18.0,inf,5.0,4.0,4.0,30,70,44,33,21,87,49,99,27,39,50,59,26,76,30,76,22,74,71,62,72,26,96,11,98,59,27,10,56,86
824.0,IWF,Women,Single,15th,4.0,0.0,0,1.0,No Kids,2.0,417952.0,4.0,250K – 500K,3.0,80.0,94.0,58.0,92.0,25.0,94.0,43.0,3.3,3.3,70.0,Over 55,3.0,8.0,7.0,11.0,8.0,55.0,8.0,7.0,Finance,Other,1.2,2.3,0.7,1.0,1.2,2.2,2.9,2.2,0.2,0.6,0.4,2.4,1.8,4.6,19.4,2.2,6.6,2.8,1.5,9.7,3.6,1.0,inf,0.55,0.8,1.0,1.85,2.4,1.8,Purpose Seeker,21.0,50.0,5.0,-9.0,-11.0,1.0,5.0,14,76,64,38,52,75,35,20,53,34,64,50,29,22,81,24,18,50,31,61,22,37,11,11,51,72,11,17,12,71
825.0,HBS,Women,Single,15th,4.0,1.0,1,2.0,Kids,1.0,2239373.0,3.0,More than 1M,5.0,20.0,28.0,79.0,30.0,63.0,28.0,63.0,5.4,5.4,48.0,45 - 55,6.0,1.0,0.0,9.0,9.0,49.0,15.0,9.0,Consulting,Other,1.6,1.9,1.0,0.6,1.6,0.5,0.6,1.4,2.6,1.5,2.1,2.5,2.8,5.8,16.1,3.2,4.2,3.8,0.3,2.2,2.3,inf,2.27,0.8,0.5,1.35,0.45,0.55,1.15,Triumvirate,70.0,62.0,-6.0,-14.0,-10.0,2.0,5.0,91,15,23,52,70,38,89,80,85,72,14,54,82,56,83,60,29,24,82,10,36,59,100,19,75,15,85,30,11,84
826.0,HBS,Men,inf,10th,3.0,1.0,1,2.0,Kids,1.0,4177703.0,3.0,More than 1M,5.0,41.0,79.0,29.0,86.0,14.0,79.0,44.0,8.7,8.7,54.0,45 - 55,6.0,0.0,5.0,2.0,9.0,50.0,7.0,6.0,Healthcare,Other,2.8,1.6,2.5,0.3,0.5,1.1,2.4,2.6,0.9,2.4,1.5,0.9,0.6,9.3,13.3,8.5,1.7,1.1,0.7,8.1,4.3,2.3,2.46,2.1,0.2,0.4,0.9,2.05,2.15,Flourisher,1.0,84.0,inf,-2.0,-13.0,4.0,5.0,51,18,19,34,40,24,74,65,66,28,68,18,68,59,60,97,66,63,49,20,27,64,68,32,80,76,81,97,63,29
827.0,Xilio,Women,Married,25th,6.0,4.0,3+,4.0,Kids,1.0,1060117.0,2.0,More than 1M,5.0,80.0,70.0,59.0,98.0,80.0,70.0,91.0,5.0,5.0,43.0,35 - 45,10.0,7.0,0.0,8.0,11.0,53.0,10.0,3.0,Consulting,Tech,1.0,inf,inf,1.4,2.1,1.9,0.6,2.8,2.0,1.4,0.1,1.0,2.3,4.1,1.0,7.3,9.3,4.8,1.3,2.0,4.7,0.85,2.17,1.8,1.15,,1.6,0.5,2.35,Joy Seeker,5.0,62.0,-1.0,3.0,9.0,2.0,3.0,70,15,89,69,100,21,83,19,37,81,89,71,78,87,50,17,33,73,35,67,27,82,95,24,90,76,60,99,81,27
828.0,IWF,Men,Married,15th,4.0,0.0,0,1.0,No Kids,2.0,2926818.0,inf,More than 1M,5.0,73.0,74.0,53.0,16.0,70.0,74.0,55.0,6.2,6.2,46.0,45 - 55,6.0,0.0,3.0,3.0,9.0,55.0,16.0,5.0,Consulting,Healthcare,1.0,2.9,0.3,1.4,0.5,0.2,0.6,1.0,1.0,1.6,2.8,2.8,0.1,4.1,24.2,1.0,9.6,1.2,0.1,2.1,1.7,0.85,2.17,0.25,1.2,0.4,0.2,0.55,0.85,Triumvirate,12.0,7.0,10.0,17.0,-15.0,,4.0,31,82,25,99,70,37,73,43,80,17,27,95,96,94,33,78,42,81,14,49,86,19,25,85,44,68,19,87,40,15
829.0,Xilio,Women,Married,15th,4.0,3.0,3+,4.0,Kids,1.0,2387821.0,4.0,More than 1M,5.0,,58.0,21.0,18.0,19.0,58.0,17.0,5.6,5.6,77.0,Over 55,9.0,10.0,2.0,9.0,2.0,54.0,6.0,0.0,Consulting,Healthcare,2.2,2.4,1.3,2.5,0.9,1.1,2.0,1.7,1.2,2.3,2.6,,1.1,7.6,20.0,4.3,16.8,2.2,0.7,6.8,2.8,1.85,2.37,1.05,2.1,0.8,0.9,1.7,1.4,Purpose Seeker,90.0,75.0,-5.0,-1.0,-5.0,2.0,4.0,30,41,63,74,83,93,52,76,32,12,58,56,42,35,33,71,29,24,63,95,95,30,29,26,29,22,84,38,17,93
830.0,Xilio,Men,Married,40th+,9.0,0.0,0,1.0,No Kids,,555134.0,4.0,500K - 1M,4.0,98.0,66.0,90.0,94.0,47.0,66.0,11.0,3.5,3.5,68.0,Over 55,7.0,2.0,0.0,2.0,12.0,50.0,13.0,9.0,Finance,Healthcare,1.4,0.9,0.1,0.7,1.5,1.6,1.2,0.3,0.8,2.0,1.6,0.1,0.3,5.1,7.3,0.3,4.4,3.5,1.1,4.1,0.5,1.15,2.23,0.05,0.55,1.25,1.35,1.0,0.25,Joy Seeker,46.0,84.0,4.0,10.0,-15.0,1.0,4.0,79,50,98,93,76,33,26,81,94,76,91,14,87,12,47,60,69,88,95,69,71,67,35,91,11,30,23,39,52,38
831.0,IWF,Women,Married,40th+,9.0,4.0,3+,4.0,Kids,1.0,274761.0,3.0,250K – 500K,3.0,61.0,49.0,36.0,75.0,41.0,49.0,61.0,2.6,2.6,55.0,45 - 55,7.0,4.0,10.0,2.0,14.0,50.0,,6.0,Healthcare,Consulting,0.7,2.9,1.4,1.1,2.4,3.0,2.8,0.6,1.0,1.2,0.7,1.4,1.1,3.0,24.5,4.8,7.6,5.6,2.0,9.3,1.0,0.55,2.11,1.2,0.95,2.0,2.5,2.35,0.5,Joy Seeker,34.0,80.0,-2.0,0.0,4.0,4.0,2.0,10,85,86,37,100,30,68,40,43,95,74,85,26,60,53,72,57,59,58,53,23,43,25,23,16,73,35,12,57,13
832.0,Xilio,Men,Single,15th,4.0,1.0,1,2.0,Kids,1.0,2960098.0,4.0,More than 1M,5.0,96.0,20.0,27.0,77.0,97.0,20.0,42.0,6.1,6.1,64.0,Over 55,5.0,10.0,0.0,3.0,8.0,48.0,5.0,2.0,Finance,Finance,1.4,1.8,2.0,2.4,2.2,1.4,0.3,1.2,1.2,2.7,0.4,2.4,0.5,5.1,15.0,6.6,16.2,5.2,0.9,0.9,2.1,1.15,,1.65,2.0,1.85,1.2,inf,1.05,Joy Seeker,49.0,4.0,18.0,12.0,,1.0,1.0,14,17,79,25,44,19,32,84,20,90,92,10,66,49,66,77,73,31,12,15,20,52,79,90,58,46,56,16,11,80
833.0,HBS,Women,Married,40th+,9.0,2.0,2,3.0,Kids,1.0,3001820.0,3.0,More than 1M,5.0,29.0,18.0,87.0,78.0,65.0,18.0,42.0,6.1,6.1,51.0,45 - 55,4.0,3.0,2.0,3.0,15.0,50.0,16.0,8.0,Consulting,Other,0.4,1.7,0.4,2.5,1.9,2.4,1.5,0.6,2.2,0.5,1.1,2.3,1.1,2.3,14.6,1.2,16.5,4.5,1.6,5.1,1.0,0.35,2.07,0.3,2.05,1.6,2.05,1.3,0.5,Joy Seeker,78.0,6.0,16.0,-25.0,-4.0,inf,5.0,21,81,53,56,24,87,16,80,95,26,63,53,92,77,68,87,39,27,47,37,95,20,32,88,92,89,39,20,31,52
834.0,Xilio,Women,Married,10th,3.0,2.0,2,3.0,Kids,1.0,94323.0,4.0,Less than 150K,1.0,16.0,97.0,15.0,39.0,79.0,97.0,23.0,2.7,2.7,70.0,Over 55,8.0,2.0,5.0,4.0,0.0,50.0,19.0,4.0,Tech,Healthcare,0.5,2.2,0.9,1.2,0.5,1.3,2.8,2.6,1.5,3.0,0.8,2.8,1.3,2.6,18.7,2.9,7.7,1.1,0.9,9.2,4.4,0.45,2.09,0.7,0.95,0.4,1.1,2.3,2.2,Joyful Striver,90.0,58.0,4.0,-6.0,12.0,3.0,4.0,99,59,82,90,25,27,53,75,44,23,70,31,10,45,43,25,82,89,23,40,26,42,51,85,85,94,65,41,14,93
835.0,IWF,Women,Single,15th,4.0,3.0,3+,4.0,Kids,1.0,1267715.0,4.0,More than 1M,5.0,47.0,27.0,98.0,88.0,89.0,27.0,56.0,4.5,4.5,66.0,Over 55,1.0,4.0,4.0,1.0,11.0,52.0,12.0,6.0,Tech,Consulting,1.5,2.4,1.2,1.4,1.6,2.4,2.7,0.5,2.8,0.4,1.5,1.6,0.9,5.5,20.3,4.0,9.2,3.8,1.6,9.0,0.8,1.25,2.25,1.0,1.15,1.35,2.0,2.25,0.4,Striver,45.0,22.0,-4.0,2.0,5.0,3.0,2.0,55,71,54,67,22,97,62,79,51,18,17,47,22,60,84,93,26,11,56,17,60,67,46,25,18,57,51,68,16,43
836.0,IWF,Women,Single,10th,3.0,3.0,3+,4.0,Kids,1.0,984480.0,4.0,500K - 1M,4.0,38.0,,50.0,18.0,96.0,61.0,93.0,4.3,4.3,73.0,Over 55,6.0,2.0,8.0,11.0,3.0,53.0,8.0,2.0,Other,Finance,1.3,,2.8,0.9,0.3,1.8,0.5,1.4,inf,0.0,2.9,0.3,2.0,4.8,16.4,9.2,6.1,0.6,1.2,1.6,2.3,1.05,2.21,2.3,0.75,0.2,1.5,0.4,1.15,Striver,27.0,26.0,2.0,-10.0,-12.0,5.0,1.0,43,93,65,85,44,23,80,50,37,71,12,28,36,10,91,33,23,45,23,14,23,55,81,41,36,65,13,21,29,80
837.0,HBS,Men,In a relationship,40th+,9.0,1.0,1,2.0,Kids,1.0,2362811.0,4.0,More than 1M,5.0,92.0,30.0,69.0,47.0,13.0,30.0,50.0,6.6,6.6,61.0,Over 55,0.0,0.0,7.0,4.0,14.0,52.0,14.0,4.0,Tech,Other,2.7,0.4,3.0,2.8,1.1,2.7,1.1,1.8,1.5,2.7,1.7,1.8,2.8,9.2,3.2,9.9,18.7,2.6,1.8,3.7,3.0,2.3,,2.5,2.35,0.95,2.2,0.9,1.5,Triumvirate,73.0,3.0,-19.0,-9.0,-2.0,3.0,5.0,58,71,93,36,84,43,88,72,91,30,34,89,79,42,32,15,28,29,84,63,66,70,15,32,87,53,20,88,86,42
838.0,Xilio,Men,Single,30th,7.0,1.0,1,2.0,Kids,1.0,884016.0,4.0,500K - 1M,4.0,85.0,31.0,54.0,51.0,59.0,31.0,91.0,3.5,3.5,77.0,Over 55,1.0,7.0,4.0,2.0,2.0,53.0,9.0,9.0,Healthcare,Other,1.1,1.0,0.1,0.4,1.2,1.2,1.9,2.1,1.8,0.7,2.7,2.3,1.2,4.3,8.5,0.4,2.4,2.9,0.8,6.2,3.5,0.9,2.18,0.1,0.3,1.05,1.05,1.55,1.75,Joyful Striver,26.0,41.0,9.0,14.0,6.0,4.0,5.0,87,16,91,62,68,67,43,41,87,85,78,40,68,16,95,66,80,25,82,26,15,71,46,43,11,22,33,47,11,24
839.0,Xilio,Women,Single,25th,6.0,4.0,3+,4.0,Kids,1.0,894909.0,3.0,500K - 1M,4.0,52.0,78.0,17.0,21.0,48.0,78.0,86.0,4.5,4.5,48.0,45 - 55,2.0,1.0,10.0,10.0,4.0,48.0,6.0,2.0,Healthcare,Consulting,1.7,2.8,2.3,2.8,0.1,1.8,0.5,1.1,2.8,2.2,2.0,0.3,0.6,6.2,23.2,7.6,18.7,0.3,1.2,1.6,1.9,1.45,2.29,1.9,2.35,0.1,1.5,0.4,0.95,Flourisher,47.0,60.0,2.0,2.0,10.0,4.0,2.0,99,84,66,51,30,85,55,29,91,46,64,76,15,61,52,40,68,76,47,47,66,10,31,25,94,13,95,33,41,95
840.0,HBS,Men,Married,15th,4.0,0.0,0,1.0,No Kids,2.0,1080493.0,4.0,More than 1M,5.0,56.0,33.0,52.0,45.0,63.0,33.0,11.0,4.2,4.2,80.0,Over 55,3.0,0.0,3.0,1.0,5.0,52.0,14.0,0.0,Tech,,1.9,0.7,1.1,2.1,0.8,1.9,2.9,2.6,0.1,2.4,1.4,0.5,0.8,6.7,5.6,3.7,13.7,1.9,1.3,9.7,4.3,1.6,2.32,0.95,1.7,0.7,1.6,2.4,2.15,Purposeful Striver,86.0,14.0,-12.0,-14.0,6.0,3.0,2.0,54,93,30,68,63,31,77,66,33,20,49,96,32,20,91,15,76,39,73,18,13,30,15,43,77,82,76,74,99,49
841.0,IWF,Women,In a relationship,5th,2.0,0.0,0,1.0,No Kids,2.0,312762.0,4.0,250K – 500K,3.0,30.0,77.0,82.0,91.0,13.0,77.0,95.0,3.3,3.3,68.0,Over 55,0.0,3.0,5.0,6.0,5.0,48.0,3.0,5.0,Healthcare,Other,0.0,1.1,1.2,1.6,2.9,1.3,2.7,1.7,1.7,2.6,2.6,0.0,2.6,1.1,9.3,3.9,10.6,6.7,0.8,9.1,2.8,0.05,2.01,1.0,1.35,2.4,1.05,2.3,1.4,Joyful Striver,56.0,75.0,-16.0,,-11.0,4.0,5.0,36,89,77,56,84,79,87,59,17,29,92,51,19,36,49,88,53,64,53,83,20,71,41,80,69,42,46,27,12,98
842.0,IWF,Men,In a relationship,25th,6.0,2.0,2,3.0,Kids,1.0,1635118.0,3.0,More than 1M,5.0,57.0,36.0,89.0,38.0,66.0,36.0,39.0,5.3,5.3,53.0,45 - 55,4.0,8.0,9.0,9.0,0.0,50.0,9.0,3.0,Consulting,Other,2.0,1.3,2.3,0.1,2.9,0.4,0.5,1.3,2.6,3.0,1.4,1.8,1.7,7.0,10.8,7.5,0.7,6.7,0.3,1.7,2.2,1.65,2.33,1.9,0.1,2.4,0.35,0.4,1.1,Joyful Striver,63.0,82.0,-10.0,16.0,17.0,2.0,5.0,82,13,59,43,39,45,87,89,62,44,91,91,60,23,56,38,41,75,79,93,83,73,26,42,94,46,11,55,50,14
843.0,Xilio,Men,Married,25th,6.0,4.0,3+,4.0,Kids,1.0,2913427.0,1.0,More than 1M,inf,62.0,40.0,47.0,58.0,36.0,40.0,54.0,5.9,5.9,31.0,0 - 35,9.0,3.0,9.0,2.0,12.0,52.0,19.0,9.0,Consulting,Finance,0.5,1.3,2.8,1.4,1.1,0.3,0.4,0.2,inf,0.9,2.6,2.7,1.4,2.6,11.0,9.2,9.5,2.5,0.2,1.2,0.3,inf,2.09,2.3,1.2,0.9,0.25,0.3,0.15,Triumvirate,48.0,12.0,-10.0,4.0,9.0,2.0,1.0,35,15,42,46,57,54,25,34,81,62,59,35,28,95,50,76,20,35,74,87,20,96,47,77,95,62,21,65,51,87
844.0,Xilio,Men,Married,30th,7.0,3.0,3+,4.0,Kids,1.0,1446012.0,4.0,More than 1M,5.0,82.0,87.0,77.0,92.0,78.0,87.0,30.0,4.9,4.9,66.0,Over 55,10.0,7.0,4.0,4.0,7.0,54.0,11.0,8.0,Tech,Tech,2.9,1.8,2.9,1.2,0.1,0.1,0.3,1.4,2.6,2.1,0.9,2.0,0.4,9.6,inf,9.5,8.2,0.3,0.0,0.9,2.3,2.4,2.48,2.4,1.0,0.1,0.05,0.2,1.15,Purpose Seeker,61.0,87.0,5.0,15.0,-23.0,3.0,3.0,56,67,100,15,44,45,80,21,13,56,42,22,60,89,56,84,11,66,34,23,88,82,26,52,58,33,30,72,86,59
845.0,IWF,Men,Married,20th,5.0,0.0,0,1.0,No Kids,2.0,601650.0,3.0,500K - 1M,4.0,39.0,41.0,34.0,27.0,66.0,41.0,85.0,3.8,3.8,49.0,45 - 55,7.0,5.0,9.0,11.0,13.0,49.0,3.0,5.0,Other,Other,0.4,2.8,1.7,0.5,0.5,2.6,2.7,2.5,0.1,0.3,0.4,2.9,1.3,2.3,23.6,5.8,3.2,1.3,1.7,9.1,4.1,0.35,2.07,1.45,0.4,0.45,2.2,2.25,2.05,Purpose Seeker,81.0,12.0,16.0,8.0,-10.0,5.0,5.0,95,31,16,16,95,31,28,80,100,84,27,67,96,55,29,12,99,78,25,35,17,65,46,73,11,98,78,16,94,75
846.0,HBS,Women,Single,5th,2.0,2.0,2,3.0,Kids,1.0,4506576.0,4.0,More than 1M,5.0,78.0,18.0,21.0,52.0,74.0,18.0,92.0,8.7,8.7,72.0,Over 55,1.0,8.0,0.0,2.0,9.0,50.0,12.0,9.0,Other,Tech,1.2,0.7,1.1,2.0,1.2,0.7,0.6,1.8,2.2,1.2,inf,0.2,0.8,4.7,6.0,3.6,13.1,2.7,0.5,1.9,3.1,1.05,2.21,0.9,1.65,1.0,0.6,0.5,1.55,Purposeful Striver,26.0,13.0,-1.0,11.0,-21.0,5.0,3.0,65,35,79,34,47,87,11,48,14,61,66,27,77,85,86,37,77,11,24,71,93,10,32,80,26,60,80,75,54,98
847.0,Xilio,Women,In a relationship,10th,3.0,3.0,3+,4.0,inf,1.0,415925.0,2.0,250K – 500K,3.0,16.0,40.0,94.0,45.0,17.0,40.0,88.0,3.6,3.6,44.0,35 - 45,9.0,3.0,3.0,6.0,15.0,55.0,3.0,,Other,Tech,0.3,0.4,2.4,2.9,2.8,0.6,1.2,2.5,2.8,2.5,1.8,2.7,2.8,1.8,3.0,7.9,19.4,6.6,0.4,4.2,4.2,0.2,2.04,1.95,2.45,2.35,0.55,1.05,2.1,Purpose Seeker,36.0,25.0,-13.0,-20.0,-5.0,5.0,3.0,72,12,24,42,40,89,19,26,58,17,25,76,93,19,74,83,26,65,90,100,68,30,58,27,92,50,73,49,96,63
848.0,HBS,Men,In a relationship,1st,1.0,4.0,3+,4.0,Kids,1.0,2893793.0,4.0,More than 1M,5.0,56.0,75.0,23.0,57.0,73.0,75.0,38.0,7.7,7.7,65.0,Over 55,8.0,9.0,0.0,4.0,1.0,54.0,9.0,6.0,Finance,Finance,3.0,0.6,0.8,1.7,0.4,2.2,1.3,1.5,2.0,1.1,2.7,2.4,2.7,10.0,4.9,2.5,11.2,1.0,1.5,4.5,2.5,2.5,2.5,0.65,1.4,0.35,1.85,1.1,1.25,Flourisher,1.0,45.0,-20.0,-19.0,-16.0,1.0,1.0,57,50,91,64,87,70,59,54,39,13,89,96,92,33,77,57,90,93,12,34,30,31,70,77,97,38,77,63,80,89
849.0,Xilio,Women,In a relationship,10th,3.0,1.0,1,2.0,Kids,1.0,4939047.0,4.0,More than 1M,5.0,82.0,15.0,34.0,92.0,23.0,15.0,89.0,8.6,8.6,72.0,Over 55,3.0,7.0,10.0,0.0,3.0,54.0,0.0,7.0,Tech,Finance,1.5,2.7,1.7,2.1,2.3,1.0,1.8,0.4,1.3,1.8,2.8,0.9,0.3,5.5,22.2,5.6,14.3,,0.6,6.0,0.6,1.25,2.25,1.4,1.8,1.9,0.8,1.5,0.3,Joy Seeker,8.0,19.0,18.0,6.0,-7.0,3.0,1.0,70,69,41,67,33,65,90,20,81,36,47,12,51,70,33,89,49,71,76,89,74,63,58,70,29,68,52,40,26,55
850.0,IWF,Women,Married,15th,4.0,1.0,1,2.0,Kids,1.0,3787974.0,3.0,More than 1M,5.0,81.0,87.0,86.0,35.0,69.0,87.0,65.0,7.3,7.3,48.0,45 - 55,9.0,0.0,4.0,2.0,7.0,55.0,1.0,5.0,Tech,Healthcare,1.8,1.9,1.1,0.2,0.3,1.5,0.2,0.0,,1.5,inf,2.9,1.5,6.4,16.1,,1.4,0.8,1.0,0.7,0.1,1.5,2.3,0.9,0.15,0.25,1.25,0.2,0.05,Triumvirate,52.0,55.0,-17.0,6.0,-1.0,3.0,4.0,90,23,84,16,58,98,21,79,72,53,50,64,100,27,45,19,96,43,46,45,33,13,70,84,85,49,63,61,56,89
851.0,HBS,Men,Single,1st,1.0,1.0,1,2.0,Kids,1.0,433081.0,2.0,250K – 500K,3.0,57.0,42.0,55.0,16.0,94.0,42.0,87.0,3.2,3.2,36.0,35 - 45,5.0,8.0,7.0,3.0,9.0,55.0,15.0,2.0,Consulting,Tech,0.2,0.9,2.0,1.3,2.9,0.5,0.7,0.9,2.8,1.9,1.5,0.9,0.7,1.6,7.1,6.6,,6.9,0.3,2.3,1.5,0.15,2.03,1.65,inf,2.45,0.4,0.55,0.75,Triumvirate,79.0,45.0,19.0,-1.0,-22.0,2.0,inf,35,84,29,66,41,42,79,32,56,49,16,98,66,95,54,42,55,65,90,89,39,74,86,29,98,60,71,40,78,20
852.0,Xilio,Women,Married,25th,6.0,3.0,3+,4.0,Kids,1.0,2429105.0,3.0,More than 1M,5.0,45.0,41.0,93.0,13.0,69.0,41.0,,5.6,5.6,55.0,45 - 55,,5.0,1.0,8.0,9.0,54.0,14.0,9.0,Consulting,Healthcare,2.2,2.4,0.7,0.3,1.1,2.9,2.8,2.1,1.4,2.9,1.1,2.7,1.2,7.7,20.4,2.4,2.3,2.7,1.9,9.3,3.5,1.85,2.37,0.6,0.3,0.95,2.4,2.35,1.75,Purpose Seeker,47.0,8.0,10.0,7.0,3.0,2.0,4.0,45,91,97,21,64,54,31,100,35,56,87,100,77,18,11,76,97,64,64,42,93,60,41,20,96,59,95,43,33,58
853.0,IWF,Men,Single,20th,5.0,0.0,0,1.0,No Kids,2.0,408892.0,3.0,250K – 500K,3.0,91.0,45.0,74.0,64.0,69.0,45.0,57.0,3.1,3.1,46.0,45 - 55,7.0,7.0,5.0,9.0,14.0,50.0,18.0,5.0,Consulting,Finance,0.6,2.6,0.6,1.8,2.3,2.6,2.7,2.4,0.1,0.2,1.9,2.6,2.6,2.9,21.5,1.9,12.3,5.4,1.7,9.1,4.0,0.5,2.1,0.5,1.55,1.95,2.15,2.25,2.0,Purpose Seeker,56.0,53.0,17.0,-19.0,-7.0,2.0,1.0,10,21,24,25,88,45,41,79,66,53,62,67,47,26,37,78,13,29,47,12,66,83,95,88,41,45,82,16,80,32
854.0,Xilio,Men,In a relationship,30th,7.0,2.0,2,3.0,Kids,1.0,4229591.0,3.0,More than 1M,5.0,62.0,18.0,55.0,51.0,27.0,18.0,27.0,8.7,8.7,50.0,45 - 55,6.0,6.0,5.0,0.0,12.0,51.0,14.0,9.0,Consulting,Finance,2.7,2.5,2.8,2.8,1.0,2.6,2.3,0.9,2.1,1.7,inf,2.3,inf,9.1,21.2,9.2,18.8,2.4,1.7,7.8,1.5,2.25,2.45,2.3,2.35,0.85,2.15,1.95,0.75,Joyful Striver,86.0,55.0,,-14.0,17.0,2.0,1.0,17,96,57,89,67,29,93,47,46,57,72,72,71,67,35,21,47,59,72,96,89,72,72,55,60,88,99,98,43,64
855.0,Xilio,Men,Single,40th+,9.0,2.0,2,3.0,Kids,1.0,3184240.0,1.0,More than 1M,5.0,35.0,31.0,74.0,23.0,87.0,31.0,90.0,7.5,7.5,34.0,0 - 35,3.0,7.0,7.0,0.0,9.0,54.0,16.0,4.0,Healthcare,Finance,0.6,2.8,0.3,2.0,1.9,1.2,0.1,1.5,1.4,2.6,0.8,1.7,1.0,2.8,23.0,1.0,13.2,4.4,0.8,0.2,2.5,0.5,2.1,0.25,1.65,1.55,1.0,0.05,1.25,Joyful Striver,14.0,32.0,-8.0,-10.0,-24.0,4.0,1.0,61,21,80,52,12,27,10,11,16,100,98,100,16,22,32,66,72,34,10,20,82,24,16,73,97,69,21,25,59,14
856.0,IWF,Men,In a relationship,25th,6.0,3.0,3+,4.0,Kids,1.0,686702.0,2.0,500K - 1M,4.0,54.0,83.0,68.0,49.0,19.0,83.0,56.0,3.5,3.5,40.0,35 - 45,5.0,2.0,6.0,7.0,8.0,50.0,8.0,8.0,Consulting,Healthcare,0.6,0.8,1.5,0.2,0.6,2.3,1.0,1.3,0.4,1.4,1.7,0.4,0.6,2.7,6.3,5.1,1.5,1.3,1.5,3.3,2.1,0.5,2.1,1.25,0.2,0.5,1.9,0.8,1.05,Triumvirate,90.0,51.0,17.0,-10.0,-16.0,2.0,4.0,88,22,30,86,89,47,63,95,49,94,41,61,80,59,88,53,38,93,80,67,26,45,31,90,51,27,10,31,51,73
857.0,IWF,Men,In a relationship,1st,1.0,4.0,3+,4.0,Kids,1.0,3284600.0,4.0,More than 1M,5.0,36.0,25.0,19.0,30.0,48.0,25.0,22.0,6.5,6.5,56.0,Over 55,3.0,5.0,6.0,11.0,12.0,51.0,11.0,2.0,Other,Finance,0.1,2.3,0.7,1.1,0.4,0.4,1.9,1.2,0.6,0.2,2.1,1.6,2.4,1.3,18.9,2.2,7.1,1.0,0.3,6.3,2.1,0.1,2.02,0.55,0.9,0.35,0.35,1.55,1.05,Joy Seeker,28.0,44.0,-5.0,17.0,17.0,5.0,1.0,56,34,51,16,78,76,67,93,48,61,47,98,59,15,45,22,28,34,99,73,68,38,94,85,72,29,81,62,42,44
858.0,HBS,Men,Single,1st,1.0,1.0,1,2.0,Kids,,2015296.0,2.0,More than 1M,5.0,55.0,78.0,39.0,26.0,10.0,78.0,79.0,5.6,5.6,38.0,35 - 45,0.0,0.0,2.0,9.0,5.0,55.0,6.0,0.0,Healthcare,Finance,1.4,1.4,0.1,1.7,2.8,0.0,0.8,0.7,0.2,1.7,0.4,1.1,1.9,5.2,11.5,0.4,11.0,6.6,0.0,2.8,1.2,1.2,2.24,0.1,1.4,2.35,0.0,0.7,0.6,Triumvirate,87.0,82.0,-22.0,10.0,-1.0,4.0,1.0,65,54,35,60,94,32,79,98,71,93,31,33,61,94,100,33,100,62,28,27,40,61,15,37,98,14,42,100,36,78
859.0,Xilio,Women,Married,20th,5.0,4.0,3+,4.0,Kids,1.0,2220222.0,4.0,More than 1M,5.0,68.0,54.0,90.0,64.0,61.0,54.0,50.0,5.4,5.4,58.0,Over 55,5.0,9.0,6.0,11.0,5.0,55.0,19.0,9.0,Other,Consulting,1.7,2.5,0.1,1.2,2.8,0.1,2.7,0.4,1.7,1.0,2.4,2.4,1.4,6.1,21.0,0.4,8.1,6.4,0.0,9.1,0.7,1.4,2.28,0.1,1.0,2.3,0.05,2.25,0.35,Purposeful Striver,78.0,70.0,7.0,-13.0,-6.0,5.0,2.0,95,28,23,82,19,25,92,88,87,77,25,81,35,60,15,53,38,23,61,56,73,55,70,57,70,27,73,26,87,63
,HBS,Men,Single,30th,7.0,1.0,1,2.0,Kids,1.0,3779783.0,3.0,More than 1M,5.0,21.0,71.0,11.0,97.0,46.0,71.0,93.0,7.8,7.8,55.0,45 - 55,8.0,10.0,3.0,8.0,3.0,52.0,16.0,6.0,Tech,inf,0.2,2.2,0.5,2.5,2.7,1.8,1.9,0.6,1.9,0.5,1.8,2.3,0.7,1.6,18.2,1.8,16.7,6.2,1.2,6.3,inf,0.15,2.03,0.45,2.1,2.2,1.45,1.6,0.5,Flourisher,88.0,18.0,1.0,-19.0,,3.0,2.0,23,64,66,41,92,68,27,81,62,20,61,18,35,45,44,66,44,69,39,53,57,78,23,44,71,49,77,13,68,12
861.0,IWF,Men,In a relationship,inf,3.0,0.0,0,,No Kids,2.0,2749269.0,4.0,More than 1M,5.0,82.0,90.0,65.0,19.0,51.0,90.0,60.0,6.4,6.4,61.0,Over 55,5.0,5.0,6.0,6.0,2.0,50.0,8.0,0.0,Other,Healthcare,2.3,2.3,2.6,2.4,1.9,1.4,0.2,0.2,1.5,2.5,2.8,2.7,1.0,8.0,19.4,8.7,16.3,4.4,0.9,inf,0.3,1.95,2.39,2.15,2.05,1.55,1.15,0.2,0.15,Joy Seeker,2.0,83.0,-19.0,10.0,-3.0,5.0,4.0,99,54,46,84,34,78,15,46,13,86,38,46,28,80,47,25,79,52,64,68,32,38,25,17,12,10,23,70,28,15
862.0,Xilio,Men,Single,10th,3.0,2.0,2,3.0,Kids,1.0,4832116.0,1.0,More than 1M,5.0,80.0,45.0,42.0,25.0,84.0,45.0,93.0,8.0,8.0,32.0,0 - 35,10.0,4.0,7.0,10.0,6.0,51.0,14.0,6.0,Tech,Healthcare,1.4,2.0,0.8,1.8,2.4,1.6,2.7,0.6,2.5,1.6,1.0,0.0,2.9,5.1,16.4,2.8,12.2,5.7,1.0,9.1,1.0,1.15,2.23,0.7,1.55,2.0,1.3,2.25,,Flourisher,26.0,22.0,-20.0,-17.0,-2.0,3.0,4.0,37,17,67,17,77,77,54,58,91,82,25,92,18,34,44,30,32,71,23,59,79,56,12,100,98,28,23,95,85,96
863.0,HBS,Men,In a relationship,30th,7.0,0.0,0,1.0,No Kids,2.0,2354797.0,1.0,More than 1M,5.0,19.0,35.0,91.0,74.0,65.0,35.0,55.0,6.6,6.6,31.0,0 - 35,2.0,2.0,4.0,inf,4.0,53.0,3.0,9.0,Tech,Other,1.6,0.5,2.9,1.1,0.2,0.0,2.9,0.0,2.6,2.8,0.3,2.4,inf,5.7,4.4,9.5,7.5,0.5,0.0,9.6,0.0,1.3,2.26,2.4,0.95,0.15,0.0,2.4,0.0,Joy Seeker,14.0,37.0,-11.0,6.0,-15.0,3.0,5.0,96,62,30,96,70,30,32,61,34,13,85,62,70,20,83,85,55,85,22,78,39,100,18,31,85,96,18,61,12,65
864.0,IWF,Women,Married,10th,3.0,3.0,3+,4.0,,1.0,816667.0,4.0,500K - 1M,4.0,88.0,68.0,19.0,82.0,66.0,inf,50.0,4.8,4.8,61.0,Over 55,5.0,5.0,inf,5.0,4.0,48.0,6.0,6.0,Other,Finance,1.3,1.6,1.7,0.8,1.0,1.3,0.2,1.9,1.8,2.4,1.5,2.8,1.2,5.0,13.6,5.8,5.1,2.3,0.8,0.8,3.1,1.1,2.22,inf,0.65,0.85,1.05,0.2,1.55,Joy Seeker,59.0,,-8.0,-15.0,20.0,5.0,1.0,87,64,91,98,38,87,32,42,16,85,26,89,29,53,62,60,53,78,93,97,64,34,56,33,35,35,82,44,80,11
865.0,IWF,Women,In a relationship,40th+,9.0,3.0,3+,4.0,Kids,1.0,1383649.0,4.0,More than 1M,5.0,20.0,81.0,39.0,77.0,79.0,81.0,,4.3,4.3,77.0,Over 55,5.0,5.0,0.0,0.0,12.0,54.0,15.0,8.0,Finance,Healthcare,1.2,3.0,1.3,0.3,0.9,2.2,1.6,0.9,0.0,2.1,0.3,2.4,1.6,4.6,24.6,4.4,2.1,2.2,1.4,5.3,1.6,1.0,2.2,1.1,0.25,0.8,1.8,1.35,0.8,Flourisher,56.0,59.0,6.0,-18.0,8.0,1.0,4.0,97,41,78,81,28,87,35,31,37,82,73,33,59,23,47,30,57,72,99,38,16,89,94,75,57,38,35,53,34,91
866.0,Xilio,Women,Single,20th,5.0,1.0,1,2.0,Kids,1.0,1742503.0,4.0,More than 1M,5.0,71.0,35.0,56.0,26.0,90.0,35.0,86.0,4.9,4.9,67.0,Over 55,0.0,3.0,9.0,10.0,13.0,51.0,13.0,0.0,Tech,Healthcare,1.7,2.8,1.7,1.1,1.9,1.3,0.9,2.9,2.1,0.0,2.9,0.4,2.3,6.0,23.4,5.8,7.1,4.4,0.9,3.0,,1.4,2.28,1.45,0.9,1.6,1.1,0.75,2.45,Flourisher,7.0,3.0,-15.0,7.0,2.0,3.0,4.0,11,60,12,54,52,79,86,14,78,86,100,30,89,38,68,69,61,11,36,99,84,25,51,95,17,68,58,24,24,47
867.0,HBS,Men,In a relationship,10th,3.0,1.0,1,2.0,Kids,1.0,3015418.0,4.0,More than 1M,5.0,,58.0,97.0,76.0,inf,58.0,30.0,6.8,6.8,76.0,Over 55,5.0,3.0,7.0,10.0,0.0,48.0,4.0,1.0,Healthcare,Tech,0.5,0.1,1.6,1.2,1.1,2.2,1.2,0.6,1.3,1.3,0.1,0.2,1.0,2.4,1.1,5.2,8.3,2.5,1.5,3.9,1.0,0.4,2.08,1.3,1.05,0.9,1.85,1.0,0.5,Flourisher,3.0,28.0,-6.0,-3.0,-21.0,4.0,3.0,35,53,96,95,75,21,16,27,76,57,98,49,90,83,52,60,17,63,98,76,21,98,51,73,14,72,26,70,92,65
868.0,HBS,Men,In a relationship,30th,7.0,4.0,3+,4.0,Kids,1.0,3639736.0,4.0,More than 1M,5.0,32.0,79.0,34.0,24.0,63.0,79.0,60.0,7.5,7.5,77.0,Over 55,6.0,3.0,1.0,10.0,,52.0,14.0,9.0,Tech,Finance,0.5,0.5,2.3,2.0,0.4,0.7,0.5,1.0,1.7,0.6,2.3,0.1,0.5,2.6,4.1,7.6,13.5,1.0,0.5,1.8,1.7,0.45,2.09,1.9,1.7,0.35,0.6,0.45,0.85,Striver,23.0,74.0,-2.0,-1.0,-21.0,3.0,1.0,23,91,99,68,83,25,88,47,29,35,22,71,31,59,13,30,64,25,18,11,69,50,32,74,20,92,77,53,69,14
869.0,Xilio,Women,In a relationship,10th,3.0,0.0,0,1.0,No Kids,2.0,1414418.0,3.0,More than 1M,5.0,37.0,57.0,99.0,35.0,21.0,57.0,81.0,5.0,,48.0,45 - 55,3.0,6.0,0.0,3.0,7.0,51.0,8.0,6.0,Healthcare,Tech,2.6,0.4,0.8,2.0,1.8,2.4,1.7,1.1,1.9,2.7,1.6,1.9,1.8,8.8,3.3,2.8,13.2,4.2,1.6,5.8,1.8,2.15,2.43,0.7,1.65,1.5,2.05,1.45,0.9,Flourisher,18.0,35.0,-11.0,-18.0,-5.0,4.0,3.0,68,79,46,13,70,90,53,46,92,86,81,79,22,14,14,15,75,64,50,34,61,74,12,23,51,71,69,30,92,55
870.0,IWF,Women,inf,15th,4.0,4.0,3+,4.0,Kids,1.0,416594.0,1.0,250K – 500K,3.0,69.0,42.0,62.0,80.0,78.0,42.0,28.0,4.5,4.5,30.0,0 - 35,1.0,7.0,9.0,1.0,4.0,55.0,18.0,2.0,Tech,Consulting,2.8,2.2,1.1,0.2,2.4,1.8,2.9,0.0,1.1,0.5,1.1,,2.0,9.5,18.1,3.5,1.4,5.7,1.2,9.6,0.0,2.35,2.47,0.9,inf,2.05,1.45,2.4,0.0,Triumvirate,38.0,61.0,-19.0,19.0,-14.0,3.0,2.0,65,27,97,76,52,96,36,73,20,48,65,78,21,81,77,82,86,52,57,28,36,78,10,34,100,57,12,86,32,20
871.0,Xilio,Women,In a relationship,5th,2.0,2.0,2,3.0,Kids,1.0,2899760.0,4.0,More than 1M,5.0,81.0,80.0,89.0,86.0,70.0,80.0,59.0,6.4,6.4,71.0,Over 55,3.0,10.0,9.0,7.0,4.0,51.0,16.0,8.0,Other,Tech,1.1,2.5,2.7,1.2,1.1,0.6,1.5,2.5,2.8,0.9,0.2,3.0,2.1,4.4,20.4,8.9,7.9,2.7,0.4,5.0,4.2,0.95,2.19,2.25,1.0,0.95,0.55,1.25,2.1,Striver,15.0,54.0,-5.0,-4.0,-22.0,5.0,3.0,16,92,58,38,34,23,35,19,76,67,14,23,19,78,54,74,49,70,21,49,21,29,76,12,50,71,34,56,20,74
872.0,IWF,Men,Married,40th+,9.0,0.0,0,1.0,No Kids,2.0,3836503.0,2.0,More than 1M,5.0,37.0,38.0,16.0,44.0,16.0,38.0,36.0,7.2,7.2,40.0,35 - 45,4.0,4.0,9.0,7.0,6.0,48.0,0.0,9.0,Tech,Other,0.8,0.6,2.8,0.5,0.4,0.7,0.2,0.1,0.4,1.6,1.9,1.2,2.6,3.4,5.3,9.5,3.6,0.9,0.5,0.8,0.2,0.7,2.14,2.35,0.45,0.35,0.6,0.2,0.1,Joy Seeker,64.0,63.0,16.0,-22.0,16.0,3.0,5.0,12,31,28,38,29,70,88,88,96,28,21,51,74,97,89,85,94,47,19,11,22,78,80,14,28,27,30,84,68,19
873.0,IWF,Women,In a relationship,1st,1.0,3.0,3+,4.0,Kids,1.0,3867247.0,4.0,More than 1M,5.0,19.0,24.0,21.0,50.0,50.0,24.0,11.0,6.9,6.9,63.0,Over 55,10.0,0.0,,8.0,11.0,53.0,15.0,2.0,Finance,Consulting,1.9,1.5,2.7,0.5,0.6,1.9,1.9,2.8,2.0,0.8,1.8,1.0,1.1,6.8,12.6,8.9,3.1,1.4,1.3,6.2,,1.6,2.32,2.25,0.4,0.5,1.55,1.55,2.35,Striver,89.0,79.0,0.0,14.0,-6.0,1.0,2.0,32,46,98,37,57,80,45,51,16,97,50,59,39,66,34,67,40,54,15,92,81,45,12,74,57,75,21,58,94,50
874.0,HBS,Men,Single,30th,7.0,3.0,3+,4.0,Kids,1.0,1122501.0,,More than 1M,5.0,43.0,79.0,44.0,62.0,22.0,79.0,27.0,4.0,4.0,36.0,35 - 45,4.0,5.0,5.0,5.0,5.0,49.0,8.0,0.0,Other,Other,1.2,2.5,1.3,2.5,0.7,2.5,1.0,2.7,0.0,0.6,0.8,1.9,0.2,4.7,21.0,4.2,16.5,1.7,1.7,3.4,4.5,1.0,2.2,1.05,2.05,0.6,2.05,0.85,2.25,Purpose Seeker,28.0,7.0,18.0,-23.0,12.0,5.0,5.0,27,65,94,86,92,55,64,57,32,92,12,70,17,35,87,87,57,60,43,74,89,67,58,63,62,36,63,62,43,53
875.0,HBS,Women,In a relationship,1st,1.0,3.0,3+,inf,Kids,1.0,167023.0,2.0,150K – 250K,2.0,23.0,40.0,60.0,56.0,11.0,40.0,99.0,3.1,3.1,44.0,35 - 45,5.0,9.0,4.0,1.0,7.0,50.0,1.0,9.0,Tech,Healthcare,0.1,2.2,2.3,0.1,0.9,1.2,2.6,1.6,2.8,1.8,2.7,2.5,2.9,1.2,18.3,7.8,0.8,2.1,0.8,8.6,2.7,0.05,2.01,1.95,0.1,0.75,1.05,2.15,1.35,Purposeful Striver,74.0,76.0,-12.0,3.0,-1.0,3.0,4.0,47,68,21,88,96,41,73,53,70,86,42,13,30,15,20,15,70,51,61,71,71,57,76,28,64,15,10,36,16,99
876.0,Xilio,Men,In a relationship,15th,inf,1.0,1,2.0,Kids,1.0,1165964.0,4.0,More than 1M,5.0,72.0,65.0,13.0,67.0,53.0,65.0,53.0,5.3,5.3,61.0,Over 55,9.0,5.0,0.0,4.0,10.0,52.0,13.0,7.0,Healthcare,Healthcare,0.5,1.6,1.4,1.3,1.9,0.8,1.3,1.6,0.3,0.3,0.9,2.8,1.3,2.4,13.6,4.8,8.4,4.5,0.5,4.3,2.7,0.4,2.08,1.2,1.05,1.6,0.65,1.1,1.35,Joy Seeker,39.0,49.0,11.0,15.0,-12.0,4.0,4.0,24,12,70,96,33,24,100,91,80,86,95,81,31,25,38,74,61,33,50,100,38,91,64,63,70,79,10,40,53,42
877.0,Xilio,Men,In a relationship,10th,3.0,1.0,1,2.0,Kids,1.0,4756599.0,3.0,More than 1M,5.0,39.0,24.0,23.0,94.0,87.0,24.0,34.0,8.5,8.5,48.0,45 - 55,0.0,2.0,4.0,4.0,0.0,54.0,18.0,9.0,Tech,Finance,,1.8,1.5,0.5,1.8,2.6,0.6,2.0,0.3,0.2,1.3,2.4,1.9,7.4,14.8,5.0,3.4,4.2,1.7,1.9,3.3,1.8,2.36,1.25,0.4,1.5,2.15,0.5,1.65,Purpose Seeker,57.0,85.0,-5.0,3.0,-15.0,3.0,1.0,73,37,50,53,20,53,66,96,43,67,59,97,27,69,43,95,47,39,92,63,44,11,13,85,41,68,54,53,100,100
878.0,Xilio,Men,Married,15th,4.0,0.0,0,1.0,No Kids,2.0,1513624.0,3.0,More than 1M,5.0,73.0,94.0,75.0,83.0,12.0,94.0,13.0,4.9,4.9,49.0,45 - 55,0.0,10.0,5.0,8.0,6.0,53.0,19.0,5.0,Healthcare,Healthcare,2.0,1.5,0.6,2.6,2.1,2.0,0.6,1.2,1.0,1.1,1.6,1.3,2.0,6.9,12.7,2.0,17.6,4.9,1.3,1.9,1.9,1.65,2.33,0.5,2.2,1.75,1.65,0.5,0.95,Joyful Striver,17.0,31.0,-8.0,8.0,6.0,4.0,4.0,98,83,42,99,64,26,78,25,28,37,65,84,75,21,95,43,100,46,15,54,69,89,40,19,55,15,55,41,73,65
879.0,Xilio,Women,Single,5th,2.0,2.0,2,3.0,Kids,1.0,2185748.0,4.0,More than 1M,,24.0,91.0,49.0,82.0,37.0,,57.0,5.6,5.6,73.0,Over 55,9.0,5.0,6.0,8.0,7.0,52.0,17.0,1.0,Healthcare,Consulting,0.1,0.9,1.8,1.7,1.1,1.3,2.3,1.9,1.1,2.2,0.3,1.9,1.6,1.2,7.4,5.9,11.1,2.5,0.9,7.7,3.2,0.05,2.01,1.5,1.4,0.9,1.1,1.9,1.6,Flourisher,86.0,58.0,-21.0,8.0,-15.0,4.0,2.0,37,44,59,13,37,50,70,63,67,75,18,26,57,84,23,65,45,62,11,58,38,38,75,25,45,40,57,39,32,21
880.0,HBS,Men,Married,40th+,9.0,0.0,0,1.0,No Kids,2.0,1986109.0,3.0,More than 1M,5.0,95.0,73.0,74.0,24.0,24.0,73.0,23.0,6.0,6.0,49.0,45 - 55,5.0,4.0,0.0,10.0,11.0,54.0,15.0,8.0,Finance,Finance,0.7,1.7,0.6,0.7,2.5,1.5,0.8,0.1,0.6,1.7,2.8,2.6,0.6,3.0,14.1,1.9,4.6,5.8,1.0,2.7,0.2,0.55,2.11,0.45,0.6,2.05,1.2,0.65,0.1,Flourisher,90.0,,-23.0,2.0,-8.0,,1.0,83,70,77,99,78,63,11,44,18,19,91,94,53,12,33,84,96,72,24,78,40,25,87,55,27,65,16,27,67,11
881.0,HBS,Men,In a relationship,1st,,1.0,1,2.0,Kids,1.0,3075179.0,3.0,More than 1M,5.0,38.0,44.0,85.0,64.0,52.0,44.0,31.0,7.9,7.9,52.0,45 - 55,1.0,10.0,9.0,0.0,10.0,50.0,7.0,7.0,Tech,Tech,0.7,2.1,1.0,1.5,0.6,0.6,2.3,0.2,1.8,1.3,1.1,1.5,2.3,3.1,17.2,3.3,10.0,1.4,0.4,7.7,0.3,0.6,2.12,0.85,1.25,0.5,0.5,1.9,0.15,Joy Seeker,44.0,24.0,-3.0,,1.0,3.0,3.0,48,63,80,18,72,53,64,37,57,95,59,66,18,72,68,12,64,20,26,47,86,44,73,38,83,63,19,72,29,10
882.0,HBS,Men,Single,40th+,9.0,4.0,3+,4.0,Kids,1.0,3955282.0,4.0,More than 1M,5.0,35.0,90.0,49.0,17.0,61.0,90.0,52.0,7.5,7.5,76.0,Over 55,2.0,3.0,2.0,5.0,11.0,55.0,19.0,0.0,Finance,Other,2.0,2.6,2.6,2.2,1.4,1.9,0.6,1.4,1.3,1.7,0.2,0.7,2.4,7.0,21.8,8.6,14.6,3.3,1.3,2.1,2.3,1.7,2.34,2.15,1.85,1.15,1.55,0.5,1.15,Triumvirate,25.0,20.0,0.0,-11.0,-8.0,1.0,5.0,66,72,95,14,68,14,89,11,91,86,38,99,76,73,48,51,94,87,25,13,85,71,40,24,27,94,24,25,36,74
883.0,IWF,Women,In a relationship,20th,5.0,4.0,3+,4.0,Kids,1.0,903172.0,3.0,500K - 1M,4.0,33.0,36.0,56.0,70.0,98.0,36.0,83.0,3.8,inf,55.0,45 - 55,10.0,5.0,7.0,5.0,1.0,53.0,6.0,4.0,Finance,Other,0.1,1.9,0.6,2.9,2.4,1.1,1.0,1.6,0.1,1.1,1.2,0.5,1.7,1.2,15.9,2.1,19.2,5.6,0.7,3.2,2.7,0.05,2.01,0.5,2.4,2.0,0.9,0.8,1.35,Purposeful Striver,17.0,37.0,11.0,-3.0,-3.0,1.0,5.0,26,88,42,65,14,36,96,22,50,67,48,57,63,71,35,71,22,32,37,26,70,90,72,57,21,50,49,44,69,42
884.0,HBS,Women,Married,5th,2.0,4.0,3+,4.0,Kids,1.0,3715540.0,4.0,More than 1M,5.0,97.0,28.0,54.0,83.0,45.0,28.0,95.0,8.0,8.0,58.0,Over 55,7.0,5.0,2.0,6.0,8.0,48.0,13.0,8.0,Tech,Other,0.3,2.3,0.2,0.7,0.5,3.0,1.4,2.7,1.0,2.8,1.8,0.0,1.5,1.9,19.0,0.7,4.4,1.3,2.0,4.7,4.4,0.25,2.05,0.2,0.55,0.45,2.5,1.15,2.2,Purposeful Striver,13.0,4.0,-2.0,18.0,-15.0,3.0,5.0,95,16,90,93,60,96,47,50,57,82,100,53,35,15,52,15,46,89,94,62,11,13,75,20,81,27,20,71,17,95
885.0,HBS,Men,Married,25th,6.0,0.0,0,1.0,No Kids,2.0,552244.0,4.0,500K - 1M,4.0,48.0,81.0,55.0,38.0,49.0,81.0,56.0,4.0,4.0,68.0,Over 55,8.0,1.0,4.0,11.0,14.0,48.0,9.0,8.0,Finance,Finance,2.4,0.5,0.2,2.7,0.3,1.4,2.8,0.3,2.4,0.2,1.5,2.2,0.3,8.2,4.0,0.7,17.7,0.8,1.0,9.4,0.5,2.0,2.4,0.15,2.2,0.25,1.2,2.35,0.25,Joy Seeker,84.0,20.0,-7.0,0.0,-5.0,1.0,1.0,99,85,33,59,30,87,89,89,54,23,54,54,94,28,45,15,56,59,81,94,42,77,40,43,55,96,65,18,76,85
886.0,Xilio,Men,In a relationship,1st,1.0,2.0,2,3.0,Kids,1.0,4903594.0,3.0,More than 1M,5.0,74.0,65.0,21.0,62.0,25.0,65.0,71.0,9.8,9.8,54.0,45 - 55,10.0,2.0,3.0,2.0,14.0,55.0,9.0,3.0,Tech,Other,inf,1.4,2.8,2.8,2.7,1.5,2.8,2.5,2.1,2.0,2.1,0.3,0.3,2.6,11.5,9.4,inf,6.2,1.0,9.3,4.1,0.45,2.09,2.35,2.35,2.2,1.2,2.35,2.05,Striver,25.0,60.0,-1.0,-22.0,18.0,3.0,5.0,53,58,70,84,21,88,87,68,34,93,26,100,35,27,48,72,99,94,19,62,81,60,56,45,64,32,55,71,11,45
887.0,HBS,Women,Single,25th,6.0,4.0,3+,4.0,Kids,1.0,4093309.0,4.0,More than 1M,5.0,52.0,85.0,78.0,10.0,93.0,85.0,62.0,8.2,8.2,77.0,Over 55,4.0,0.0,7.0,10.0,0.0,55.0,15.0,9.0,Consulting,Tech,2.0,0.0,1.5,2.7,1.0,1.7,0.6,0.6,2.2,2.7,0.2,0.7,1.0,6.9,0.2,5.1,18.3,2.4,1.1,2.1,1.1,1.65,2.33,1.25,2.3,0.85,1.4,0.5,inf,Purpose Seeker,68.0,24.0,-5.0,0.0,-21.0,2.0,3.0,34,94,70,24,59,52,38,78,87,24,65,89,43,89,70,29,80,64,19,40,71,98,31,39,47,45,54,48,31,30
888.0,IWF,Women,Married,10th,3.0,0.0,0,1.0,No Kids,2.0,1092636.0,2.0,More than 1M,5.0,79.0,70.0,90.0,20.0,11.0,70.0,21.0,4.1,4.1,41.0,35 - 45,8.0,10.0,3.0,4.0,11.0,48.0,11.0,5.0,Healthcare,Finance,,0.7,1.2,1.9,2.1,2.8,1.1,1.2,2.1,2.4,0.9,0.9,0.9,3.1,6.2,4.1,12.7,4.8,1.8,3.6,2.0,0.6,2.12,1.0,1.6,1.7,2.3,0.9,1.0,Triumvirate,10.0,,-14.0,14.0,-3.0,4.0,1.0,26,40,37,41,13,40,35,62,34,42,55,99,17,96,25,30,31,64,19,31,68,42,83,82,87,34,96,60,79,93
889.0,HBS,Women,In a relationship,40th+,9.0,4.0,3+,4.0,Kids,1.0,1816921.0,2.0,,5.0,62.0,65.0,72.0,69.0,15.0,65.0,32.0,5.5,5.5,37.0,35 - 45,7.0,9.0,6.0,0.0,4.0,48.0,14.0,5.0,Other,Healthcare,0.3,2.2,2.4,1.9,0.1,2.4,0.4,0.9,0.9,0.6,2.5,1.7,2.9,1.9,18.2,8.1,12.6,0.2,1.6,1.5,1.6,0.25,2.05,2.05,1.55,0.05,2.0,0.35,0.8,Purpose Seeker,67.0,49.0,15.0,-17.0,15.0,5.0,4.0,22,67,67,37,51,26,44,54,28,26,76,42,19,52,68,11,48,13,82,20,49,87,92,91,11,16,22,19,45,45
890.0,HBS,Women,Single,1st,1.0,0.0,0,1.0,No Kids,2.0,859735.0,4.0,500K - 1M,4.0,37.0,11.0,20.0,84.0,91.0,11.0,59.0,4.6,4.6,63.0,Over 55,5.0,2.0,5.0,3.0,4.0,53.0,10.0,1.0,Finance,Other,0.7,3.0,2.5,1.2,2.1,1.4,1.5,1.2,0.3,0.9,0.2,1.2,2.4,3.2,24.8,8.4,8.1,4.8,0.9,5.1,2.0,0.6,2.12,2.1,1.0,1.75,1.15,1.25,1.0,Purpose Seeker,18.0,51.0,7.0,-21.0,-1.0,1.0,5.0,93,70,52,31,93,92,88,29,48,33,78,40,57,82,15,99,96,63,37,43,58,33,55,28,18,91,36,61,33,35
891.0,IWF,Men,Married,15th,4.0,2.0,2,3.0,Kids,1.0,3366007.0,4.0,More than 1M,5.0,41.0,51.0,33.0,47.0,75.0,,54.0,7.4,7.4,65.0,Over 55,6.0,0.0,10.0,3.0,11.0,51.0,17.0,6.0,Consulting,Finance,2.2,0.3,1.0,2.3,0.9,2.2,1.4,0.5,0.8,2.2,2.6,2.0,2.0,7.5,2.5,3.3,15.0,2.2,1.4,4.6,0.8,1.8,2.36,0.85,1.9,0.8,1.8,1.15,0.4,Flourisher,86.0,36.0,-22.0,6.0,15.0,2.0,1.0,34,33,50,26,47,63,76,33,88,39,23,56,64,12,65,99,67,70,33,24,41,84,98,77,14,29,90,21,21,56
892.0,IWF,Women,Married,,7.0,0.0,0,1.0,No Kids,2.0,3860375.0,3.0,More than 1M,5.0,90.0,35.0,89.0,83.0,31.0,35.0,75.0,7.9,7.9,49.0,45 - 55,5.0,9.0,7.0,4.0,2.0,55.0,12.0,1.0,Other,Tech,inf,1.2,2.1,1.6,0.2,1.8,2.7,1.5,2.5,0.3,0.3,0.2,1.6,8.7,10.0,6.9,10.6,0.4,1.2,9.0,2.5,2.15,2.43,1.75,1.35,0.15,1.45,2.25,1.25,Flourisher,34.0,66.0,16.0,-6.0,-16.0,5.0,3.0,77,29,48,68,34,71,96,70,89,71,76,15,63,81,17,65,39,87,28,19,47,34,67,79,28,14,59,81,90,10
893.0,IWF,Women,Single,20th,5.0,1.0,1,2.0,Kids,1.0,4559788.0,4.0,More than 1M,5.0,23.0,38.0,,45.0,22.0,38.0,92.0,9.0,9.0,78.0,Over 55,8.0,7.0,10.0,5.0,7.0,54.0,18.0,6.0,Tech,Finance,2.5,2.4,2.3,2.0,1.8,1.5,2.8,2.4,2.9,2.4,2.5,0.4,0.5,8.5,20.0,7.7,13.5,4.3,1.0,9.3,4.0,2.1,2.42,1.95,1.7,1.5,1.25,2.35,2.0,Flourisher,8.0,79.0,-19.0,-15.0,-4.0,3.0,1.0,19,46,95,99,23,96,38,100,36,22,32,81,87,47,36,19,27,92,77,62,88,37,70,42,80,27,70,71,31,47
894.0,Xilio,Men,inf,15th,4.0,4.0,3+,4.0,Kids,1.0,2592469.0,3.0,More than 1M,5.0,61.0,65.0,82.0,52.0,26.0,65.0,44.0,6.7,6.7,52.0,45 - 55,8.0,1.0,4.0,5.0,14.0,54.0,7.0,4.0,Tech,Consulting,1.2,0.6,2.0,1.3,0.7,0.6,1.2,1.3,1.5,2.2,1.1,1.5,2.9,4.6,5.1,6.5,8.6,1.7,0.4,3.8,2.2,1.0,2.2,inf,1.05,0.6,0.5,0.95,inf,Joyful Striver,40.0,34.0,-4.0,-11.0,-7.0,3.0,2.0,76,13,58,80,84,41,43,67,83,71,70,80,49,77,80,96,27,14,65,57,96,16,55,89,48,42,22,12,92,23
895.0,Xilio,Men,In a relationship,1st,1.0,1.0,1,2.0,Kids,1.0,3116176.0,4.0,More than 1M,5.0,72.0,55.0,33.0,16.0,16.0,55.0,58.0,7.4,7.4,69.0,Over 55,10.0,7.0,8.0,1.0,12.0,51.0,1.0,1.0,Other,Finance,2.0,1.7,0.5,2.2,1.2,1.4,1.5,1.5,0.0,2.2,1.8,1.0,1.1,7.0,13.9,1.5,14.6,2.7,0.9,4.9,2.5,1.65,2.33,0.4,1.85,0.95,1.15,1.25,1.25,Triumvirate,83.0,36.0,7.0,6.0,-25.0,5.0,1.0,27,29,26,66,41,49,50,36,72,56,32,43,24,85,36,79,83,27,76,40,97,45,10,84,51,88,21,92,82,99
896.0,Xilio,Men,Married,15th,4.0,4.0,3+,4.0,Kids,1.0,3325374.0,2.0,More than 1M,5.0,42.0,97.0,,55.0,38.0,97.0,29.0,7.3,7.3,36.0,35 - 45,2.0,9.0,2.0,4.0,4.0,inf,17.0,8.0,Finance,Other,0.6,2.2,2.6,2.5,0.2,0.7,2.7,2.5,0.4,0.3,0.5,0.9,0.3,2.8,18.3,8.8,16.5,0.6,0.5,9.0,4.2,0.5,2.1,2.2,2.05,0.2,0.6,2.25,2.1,Triumvirate,42.0,6.0,-9.0,2.0,-19.0,1.0,5.0,95,69,79,35,20,22,50,35,77,25,36,62,90,53,98,32,48,53,51,46,22,19,34,31,26,44,38,20,85,55
897.0,Xilio,Women,Single,10th,3.0,1.0,1,2.0,Kids,1.0,4913680.0,3.0,More than 1M,5.0,81.0,39.0,16.0,87.0,79.0,39.0,43.0,8.8,8.8,53.0,45 - 55,8.0,5.0,1.0,9.0,5.0,48.0,9.0,7.0,Finance,Tech,0.9,1.8,1.6,0.4,0.4,2.7,2.4,2.1,1.0,2.2,0.2,0.2,1.5,3.6,15.4,5.4,2.9,1.0,1.8,8.1,3.5,0.75,2.15,1.35,0.35,0.35,2.3,2.0,1.75,Striver,41.0,39.0,-2.0,-4.0,-22.0,1.0,3.0,43,33,79,34,70,93,32,16,28,75,63,23,27,98,55,39,35,40,21,37,94,45,70,45,72,74,94,17,90,51
898.0,HBS,Women,In a relationship,20th,5.0,1.0,1,2.0,Kids,1.0,3711262.0,4.0,More than 1M,5.0,12.0,84.0,54.0,84.0,36.0,84.0,77.0,7.5,7.5,74.0,Over 55,10.0,0.0,9.0,8.0,10.0,53.0,inf,5.0,Finance,Consulting,2.7,0.6,0.8,2.5,0.9,1.0,0.0,1.5,1.7,2.0,0.6,2.7,2.6,9.1,4.7,2.8,16.7,2.1,0.7,0.0,2.5,2.25,2.45,0.7,2.1,0.75,0.85,0.0,1.25,Joy Seeker,6.0,42.0,8.0,15.0,-25.0,1.0,2.0,17,59,74,19,27,44,80,51,37,90,19,25,32,89,50,87,80,30,27,40,63,92,90,32,99,72,93,99,32,16
899.0,HBS,Women,In a relationship,1st,1.0,4.0,3+,4.0,Kids,1.0,4663078.0,4.0,More than 1M,5.0,18.0,26.0,22.0,12.0,60.0,26.0,70.0,9.2,9.2,71.0,Over 55,1.0,4.0,2.0,9.0,2.0,50.0,7.0,2.0,Tech,Tech,0.0,1.1,1.3,1.6,0.3,2.9,1.0,0.8,0.2,2.5,0.4,2.1,2.7,1.1,8.9,4.3,10.8,0.6,1.9,3.2,1.3,0.05,2.01,1.05,1.35,0.2,2.4,0.8,0.65,Purposeful Striver,52.0,58.0,2.0,-9.0,-11.0,3.0,3.0,49,58,83,54,36,14,12,56,94,52,98,52,71,72,88,46,16,56,32,79,85,27,23,72,55,94,29,32,83,64
900.0,Xilio,Women,In a relationship,10th,3.0,4.0,3+,4.0,Kids,1.0,2639089.0,4.0,More than 1M,5.0,14.0,24.0,18.0,31.0,37.0,24.0,31.0,5.7,5.7,65.0,Over 55,9.0,4.0,7.0,2.0,6.0,53.0,11.0,8.0,Finance,Finance,0.3,2.4,0.1,2.5,2.7,1.6,1.3,2.7,2.8,0.1,0.9,0.4,0.0,1.8,19.6,0.4,16.9,6.4,1.1,4.2,4.4,0.2,2.04,0.1,2.1,2.3,1.35,1.05,2.2,Purposeful Striver,26.0,12.0,17.0,0.0,14.0,1.0,1.0,92,60,94,92,64,82,67,62,87,17,86,82,55,51,34,64,78,39,93,23,22,15,54,35,100,81,40,19,72,65
901.0,Xilio,Men,Single,40th+,9.0,0.0,0,1.0,No Kids,2.0,2538749.0,4.0,More than 1M,5.0,15.0,18.0,84.0,88.0,49.0,18.0,54.0,6.2,6.2,73.0,Over 55,6.0,6.0,3.0,5.0,14.0,55.0,16.0,0.0,Healthcare,Healthcare,0.6,1.7,0.4,1.3,0.0,1.9,0.7,1.7,1.1,0.1,1.5,0.2,2.7,2.9,13.9,1.3,8.6,0.0,1.3,2.3,2.9,0.5,2.1,0.3,1.1,0.0,1.6,0.55,1.45,Triumvirate,64.0,3.0,15.0,18.0,-14.0,4.0,4.0,51,45,14,20,63,38,41,68,42,12,25,83,96,73,95,58,74,64,15,96,48,16,86,69,29,80,17,27,39,85
902.0,HBS,Women,Married,25th,6.0,2.0,2,3.0,Kids,1.0,944228.0,4.0,500K - 1M,4.0,46.0,83.0,64.0,11.0,22.0,83.0,58.0,3.9,3.9,70.0,Over 55,6.0,10.0,6.0,2.0,2.0,50.0,11.0,9.0,Finance,Healthcare,0.1,0.0,,1.1,1.5,1.6,0.6,0.7,2.7,1.1,1.8,2.9,0.8,1.2,0.1,7.7,7.6,3.4,1.1,2.0,1.1,0.05,2.01,1.9,0.95,1.2,1.35,0.5,0.55,Striver,59.0,18.0,13.0,-19.0,-4.0,1.0,4.0,50,75,11,86,91,79,40,47,19,21,50,90,48,63,27,43,55,77,62,25,32,21,48,14,79,50,33,85,28,72
903.0,Xilio,Women,Single,1st,1.0,1.0,1,2.0,Kids,1.0,983959.0,4.0,500K - 1M,4.0,20.0,52.0,90.0,88.0,14.0,52.0,64.0,4.2,4.2,73.0,Over 55,0.0,2.0,4.0,4.0,6.0,49.0,16.0,8.0,Healthcare,Finance,0.5,2.3,0.0,2.7,0.4,0.4,0.1,0.8,2.3,0.4,2.4,2.0,0.1,2.6,19.0,0.0,18.3,0.9,0.3,0.4,1.3,0.45,2.09,0.0,2.3,0.3,0.3,0.1,0.65,Purposeful Striver,56.0,inf,-4.0,16.0,-4.0,4.0,1.0,15,88,31,62,96,34,91,78,92,93,64,21,24,87,21,53,27,78,51,34,23,50,75,63,17,59,84,48,35,33
904.0,IWF,Men,Single,40th+,9.0,4.0,3+,4.0,Kids,1.0,2219415.0,2.0,More than 1M,5.0,84.0,77.0,35.0,23.0,56.0,77.0,91.0,6.3,6.3,39.0,35 - 45,4.0,7.0,9.0,7.0,3.0,55.0,18.0,4.0,Other,Other,1.7,0.1,1.2,0.8,0.9,1.1,1.9,2.4,2.3,1.7,2.0,1.3,2.5,6.2,0.9,4.2,5.0,2.2,0.8,6.4,4.0,1.45,2.29,1.05,0.65,0.75,0.95,1.6,2.0,Triumvirate,59.0,21.0,-9.0,0.0,-9.0,5.0,5.0,61,43,66,81,84,31,52,96,39,25,70,79,62,86,96,31,22,50,75,48,26,72,41,47,28,39,48,35,99,92
905.0,Xilio,Men,In a relationship,5th,2.0,3.0,3+,4.0,Kids,1.0,1657781.0,4.0,More than 1M,5.0,34.0,86.0,48.0,10.0,16.0,86.0,45.0,5.1,5.1,60.0,Over 55,0.0,5.0,7.0,3.0,5.0,50.0,2.0,9.0,Other,Tech,1.3,2.2,1.6,2.5,2.8,0.3,0.8,0.1,1.8,2.8,1.8,2.1,2.6,4.8,18.6,5.2,16.9,6.5,0.2,2.6,0.2,1.05,2.21,1.3,2.1,2.3,0.25,0.65,0.1,Joyful Striver,70.0,15.0,8.0,-1.0,3.0,5.0,3.0,35,45,75,77,30,75,16,62,31,87,95,28,97,80,60,40,34,54,39,75,33,34,67,71,41,47,42,20,20,82
906.0,Xilio,Women,Married,30th,7.0,0.0,0,1.0,No Kids,2.0,3399538.0,3.0,More than 1M,5.0,26.0,67.0,26.0,93.0,43.0,67.0,20.0,7.1,7.1,50.0,45 - 55,7.0,6.0,9.0,8.0,14.0,55.0,11.0,6.0,Finance,Healthcare,2.7,0.6,0.2,1.5,0.5,1.9,0.2,3.0,1.9,1.2,1.2,2.3,1.8,9.0,5.1,0.5,9.7,1.1,1.2,0.5,5.0,2.25,2.45,0.15,1.2,0.4,1.55,0.15,2.5,Joy Seeker,33.0,26.0,,-16.0,20.0,1.0,4.0,73,15,83,37,53,54,10,24,12,89,90,50,73,85,48,16,17,83,18,47,67,90,65,34,28,44,51,19,29,13
907.0,Xilio,Women,Single,10th,3.0,0.0,0,1.0,No Kids,2.0,3272374.0,4.0,More than 1M,5.0,84.0,96.0,15.0,58.0,76.0,96.0,22.0,6.2,6.2,63.0,Over 55,6.0,4.0,5.0,10.0,15.0,53.0,18.0,1.0,Consulting,Healthcare,2.5,2.9,2.9,1.5,2.9,1.3,0.7,inf,1.9,2.5,1.4,2.3,1.7,8.4,24.0,9.7,10.3,,0.9,2.3,0.7,2.05,2.41,2.45,1.3,2.4,1.1,0.6,0.35,inf,53.0,8.0,inf,19.0,-12.0,2.0,4.0,68,48,25,84,14,78,70,35,91,68,96,62,72,46,98,30,83,100,100,50,72,62,15,21,33,75,24,12,65,51
908.0,Xilio,Women,Single,40th+,9.0,3.0,3+,4.0,Kids,1.0,375266.0,4.0,250K – 500K,3.0,93.0,26.0,48.0,inf,98.0,26.0,66.0,3.8,3.8,77.0,,5.0,5.0,7.0,8.0,2.0,53.0,3.0,7.0,Finance,Finance,1.0,1.1,0.7,0.9,0.6,2.3,2.4,2.4,1.9,0.0,1.2,1.4,2.4,,9.2,2.3,6.2,1.4,1.6,8.0,4.0,0.85,2.17,0.55,0.75,0.5,1.95,2.0,2.0,Purposeful Striver,22.0,87.0,-20.0,-7.0,-6.0,1.0,1.0,65,51,60,74,96,100,23,57,84,58,58,38,89,13,19,25,41,89,51,49,43,42,98,31,33,55,77,71,54,79
909.0,IWF,Men,Married,10th,3.0,2.0,2,3.0,Kids,1.0,3986679.0,3.0,More than 1M,5.0,25.0,81.0,72.0,21.0,15.0,81.0,31.0,8.1,8.1,50.0,45 - 55,5.0,4.0,10.0,1.0,13.0,49.0,16.0,0.0,Finance,Healthcare,0.8,1.0,0.9,1.7,2.2,0.7,2.6,1.2,1.7,0.5,2.5,1.3,2.4,3.3,8.2,3.0,11.5,5.2,0.4,8.5,2.0,0.65,2.13,0.75,1.45,,0.55,2.15,1.0,Joy Seeker,21.0,42.0,8.0,inf,7.0,1.0,4.0,68,67,48,58,50,98,61,28,57,72,82,79,25,11,83,29,26,39,43,73,60,96,76,18,65,17,74,80,77,37
910.0,Xilio,Women,Married,15th,4.0,1.0,1,2.0,Kids,1.0,1568601.0,1.0,More than 1M,5.0,55.0,60.0,12.0,66.0,11.0,60.0,53.0,5.9,5.9,31.0,0 - 35,4.0,2.0,10.0,1.0,1.0,55.0,3.0,9.0,Finance,Consulting,1.1,0.4,0.9,1.0,1.6,0.5,1.4,1.5,3.0,0.1,0.7,0.0,2.7,4.4,3.7,3.0,6.5,3.8,0.3,4.8,2.5,0.95,2.19,0.75,0.8,1.35,0.4,1.2,1.25,Triumvirate,70.0,44.0,-25.0,-13.0,17.0,1.0,2.0,79,21,95,56,68,81,15,18,11,71,61,68,79,53,86,52,88,86,49,98,95,82,91,93,90,77,41,70,56,49
911.0,Xilio,Women,In a relationship,40th+,9.0,0.0,0,1.0,No Kids,2.0,2607855.0,1.0,More than 1M,5.0,20.0,16.0,14.0,37.0,26.0,16.0,25.0,6.0,6.0,34.0,0 - 35,6.0,7.0,2.0,1.0,9.0,48.0,11.0,9.0,Consulting,Finance,1.8,0.9,0.7,0.1,2.7,1.2,1.2,2.6,2.2,1.0,0.0,2.8,1.7,6.3,7.6,2.3,0.8,inf,0.8,4.2,4.4,,2.3,0.6,0.1,2.2,1.0,1.05,2.2,Triumvirate,70.0,14.0,-16.0,-18.0,-11.0,2.0,1.0,42,12,85,61,98,10,19,73,85,58,11,98,75,76,63,53,88,94,97,25,19,15,59,38,27,46,20,13,85,60
912.0,IWF,Women,In a relationship,20th,5.0,4.0,3+,4.0,Kids,1.0,3101475.0,4.0,More than 1M,5.0,53.0,82.0,65.0,67.0,10.0,82.0,96.0,6.8,6.8,73.0,Over 55,4.0,5.0,1.0,3.0,15.0,49.0,19.0,9.0,Healthcare,Healthcare,0.8,2.6,0.0,0.8,1.7,2.8,2.9,1.2,2.3,2.7,2.0,,2.9,3.4,21.9,0.0,5.4,3.9,1.9,9.8,2.1,0.65,2.13,0.0,0.7,1.4,2.3,2.45,1.05,Triumvirate,4.0,78.0,-5.0,14.0,-14.0,4.0,4.0,62,27,97,97,63,93,80,63,63,60,59,73,22,77,38,56,57,54,26,91,81,71,47,53,21,94,46,70,98,38
913.0,IWF,Men,Single,40th+,9.0,3.0,3+,4.0,Kids,1.0,4567358.0,1.0,More than 1M,5.0,90.0,77.0,46.0,32.0,31.0,77.0,79.0,8.6,8.6,33.0,0 - 35,4.0,0.0,6.0,9.0,5.0,48.0,10.0,7.0,Healthcare,Consulting,1.9,3.0,2.2,0.0,1.6,2.1,0.6,1.6,,0.3,0.6,0.6,3.0,6.6,24.9,7.3,0.1,3.7,1.4,2.0,2.7,1.55,2.31,1.8,0.0,1.35,1.8,0.5,1.35,Joyful Striver,75.0,2.0,-21.0,-22.0,14.0,4.0,2.0,31,49,49,63,83,53,99,60,15,42,95,33,56,85,50,28,72,54,38,86,30,75,12,36,50,22,28,17,67,51
914.0,IWF,Men,In a relationship,20th,5.0,0.0,0,1.0,No Kids,2.0,4033484.0,1.0,More than 1M,5.0,91.0,84.0,15.0,10.0,83.0,84.0,96.0,,8.6,34.0,0 - 35,4.0,9.0,1.0,6.0,14.0,53.0,12.0,7.0,Tech,Finance,1.2,1.1,2.9,2.9,0.6,1.3,0.6,0.1,0.6,1.8,2.7,2.8,0.3,4.7,9.2,9.7,19.6,1.4,0.8,2.2,0.2,1.0,2.2,2.4,2.45,0.5,1.05,0.55,0.1,Joy Seeker,62.0,37.0,-24.0,5.0,-6.0,3.0,1.0,30,30,47,69,31,96,39,48,49,39,52,98,18,92,18,57,49,88,59,68,46,18,14,64,96,82,60,22,19,78
915.0,HBS,Men,Single,15th,4.0,3.0,3+,,Kids,1.0,1137955.0,1.0,More than 1M,5.0,83.0,75.0,75.0,55.0,25.0,75.0,92.0,4.3,4.3,30.0,0 - 35,8.0,4.0,1.0,8.0,8.0,50.0,18.0,5.0,Healthcare,Consulting,1.7,1.3,0.7,2.9,0.5,1.6,0.9,0.0,0.3,1.4,2.6,2.7,2.5,6.0,11.2,2.2,19.3,1.2,1.0,2.9,0.0,1.4,2.28,0.55,2.4,0.4,1.3,0.75,0.0,Purpose Seeker,62.0,69.0,-4.0,2.0,4.0,4.0,2.0,79,24,69,66,92,84,30,13,11,68,86,25,72,83,72,88,93,93,85,100,16,76,33,90,57,54,43,21,31,14
916.0,Xilio,Women,Single,10th,3.0,4.0,3+,4.0,Kids,1.0,3832010.0,3.0,More than 1M,5.0,42.0,36.0,24.0,32.0,51.0,,31.0,7.7,7.7,53.0,45 - 55,inf,1.0,2.0,5.0,15.0,,12.0,7.0,Finance,Tech,1.3,2.2,2.0,1.2,2.7,0.3,0.5,0.7,1.4,2.8,0.2,3.0,1.5,4.9,18.1,6.6,7.9,6.4,0.2,1.7,1.2,1.1,2.22,1.65,1.0,2.3,0.2,0.45,0.6,Joy Seeker,24.0,38.0,-24.0,-15.0,12.0,1.0,3.0,79,35,68,56,74,48,69,12,82,85,17,61,43,71,86,78,24,93,58,20,99,25,63,14,91,38,80,44,80,50
917.0,IWF,Men,In a relationship,10th,3.0,3.0,3+,4.0,Kids,1.0,1962728.0,2.0,More than 1M,5.0,61.0,29.0,31.0,11.0,60.0,29.0,48.0,5.6,5.6,43.0,35 - 45,10.0,7.0,2.0,8.0,1.0,55.0,16.0,5.0,Tech,Tech,0.9,2.7,2.2,2.2,1.0,3.0,1.1,2.0,1.5,0.4,0.3,2.6,,3.7,22.2,7.4,14.6,2.3,2.0,3.8,3.4,0.75,2.15,1.85,1.8,0.8,2.45,0.95,1.7,Purpose Seeker,55.0,41.0,-16.0,17.0,-23.0,3.0,3.0,13,17,19,40,73,63,90,73,11,24,68,89,90,10,46,20,15,54,82,10,22,98,43,61,73,50,69,63,33,70
918.0,HBS,Women,In a relationship,1st,1.0,3.0,,4.0,Kids,1.0,1929492.0,1.0,More than 1M,5.0,48.0,33.0,89.0,,63.0,33.0,26.0,5.4,5.4,33.0,0 - 35,2.0,7.0,0.0,8.0,0.0,55.0,9.0,6.0,Finance,Tech,2.8,1.8,2.5,1.0,1.1,2.0,2.7,0.4,2.5,0.6,1.5,3.0,1.8,9.5,14.8,8.5,6.9,2.6,1.3,9.1,0.6,2.35,2.47,2.1,0.85,0.95,1.65,2.3,0.3,Flourisher,9.0,62.0,8.0,-25.0,2.0,1.0,3.0,84,96,73,55,80,97,83,38,83,91,74,15,100,26,23,88,72,64,70,22,89,97,48,22,25,65,93,60,75,64
919.0,Xilio,Men,In a relationship,1st,1.0,2.0,2,3.0,Kids,1.0,2391632.0,4.0,More than 1M,5.0,62.0,90.0,56.0,34.0,inf,90.0,19.0,5.6,5.6,60.0,Over 55,2.0,1.0,0.0,0.0,0.0,51.0,14.0,5.0,Other,Healthcare,2.3,1.2,1.3,2.0,2.3,0.9,1.8,0.3,1.3,0.1,1.8,0.7,0.2,7.9,9.8,4.2,13.4,5.3,0.6,6.2,0.6,1.9,2.38,1.05,1.7,1.9,0.7,1.55,0.3,Purposeful Striver,3.0,60.0,-10.0,12.0,0.0,5.0,4.0,71,51,72,35,13,84,72,20,64,32,90,46,38,25,82,38,17,68,92,39,39,64,97,51,89,97,62,52,94,37
920.0,IWF,Women,Married,15th,4.0,0.0,0,1.0,No Kids,2.0,1444397.0,4.0,More than 1M,5.0,64.0,24.0,32.0,17.0,93.0,24.0,98.0,4.8,4.8,74.0,Over 55,2.0,5.0,5.0,5.0,15.0,48.0,19.0,3.0,Other,Consulting,0.4,1.2,0.9,2.4,1.0,1.8,1.2,,1.7,1.3,0.8,2.5,1.5,2.3,10.3,3.0,16.1,,1.2,4.1,2.1,0.35,2.07,0.75,2.0,0.85,1.45,1.05,1.05,Purposeful Striver,31.0,14.0,13.0,-2.0,4.0,5.0,2.0,71,53,58,14,74,38,51,67,81,87,21,94,46,18,81,54,41,14,55,78,40,49,57,24,32,25,21,75,70,50
921.0,IWF,Men,In a relationship,15th,,0.0,0,1.0,No Kids,2.0,3207993.0,4.0,More than 1M,5.0,72.0,94.0,48.0,97.0,14.0,94.0,22.0,7.4,7.4,77.0,Over 55,3.0,5.0,2.0,1.0,7.0,49.0,4.0,9.0,Other,Healthcare,2.6,2.1,1.0,2.8,2.9,0.3,2.8,1.9,1.6,0.8,2.2,2.5,2.6,8.8,17.4,inf,18.9,6.7,0.2,9.3,3.2,2.15,2.43,0.8,2.35,2.4,0.25,2.35,1.6,Flourisher,40.0,89.0,-4.0,5.0,-13.0,5.0,4.0,33,23,73,93,24,63,60,84,69,54,13,13,52,62,48,77,54,41,55,27,14,35,58,88,95,21,71,24,16,18
922.0,Xilio,Women,Single,10th,3.0,1.0,1,2.0,Kids,1.0,3161209.0,2.0,More than 1M,5.0,42.0,26.0,12.0,86.0,53.0,26.0,41.0,6.3,6.3,,35 - 45,0.0,4.0,8.0,6.0,11.0,51.0,0.0,0.0,Tech,,1.5,0.0,2.1,1.2,2.2,,0.1,2.1,0.1,2.6,1.8,0.7,0.6,5.4,0.1,7.1,8.0,5.2,1.9,0.5,3.6,1.2,2.24,1.8,1.0,1.85,2.4,0.1,1.8,Joyful Striver,36.0,84.0,-14.0,15.0,-13.0,3.0,1.0,64,87,41,61,85,99,73,36,15,71,86,47,95,82,49,45,61,15,26,87,41,47,43,27,48,75,75,58,81,38
923.0,Xilio,Women,inf,30th,,2.0,2,3.0,Kids,1.0,1253520.0,3.0,More than 1M,5.0,66.0,23.0,89.0,90.0,81.0,23.0,16.0,4.5,4.5,47.0,45 - 55,8.0,1.0,4.0,11.0,3.0,50.0,8.0,4.0,Tech,Finance,2.7,1.9,2.5,2.3,1.8,0.5,0.6,0.5,1.8,1.8,1.0,0.3,1.3,9.1,15.5,8.2,15.7,4.2,0.3,2.1,0.9,2.25,,2.05,1.95,1.5,0.45,0.55,0.45,Joy Seeker,24.0,2.0,-2.0,20.0,-24.0,3.0,1.0,18,11,16,84,31,25,85,30,28,88,50,50,73,68,63,57,88,35,75,22,25,44,89,59,42,71,95,43,47,87
924.0,IWF,Men,Single,15th,4.0,3.0,3+,4.0,Kids,1.0,4087893.0,4.0,More than 1M,5.0,84.0,27.0,37.0,91.0,26.0,27.0,33.0,7.6,7.6,71.0,,7.0,5.0,4.0,8.0,8.0,50.0,18.0,2.0,Other,Healthcare,2.4,1.1,0.5,0.8,2.6,1.9,1.7,0.2,2.5,1.8,0.1,2.9,2.8,8.2,8.9,1.8,5.3,6.2,1.3,5.7,0.4,2.0,2.4,0.45,0.65,2.2,1.6,1.4,0.2,Joyful Striver,6.0,70.0,14.0,0.0,11.0,5.0,4.0,12,46,30,63,95,29,65,48,36,80,16,90,33,18,12,96,91,46,14,41,82,96,16,11,33,28,57,48,30,47
inf,IWF,Women,Single,1st,1.0,1.0,1,2.0,Kids,1.0,3247635.0,4.0,More than 1M,,79.0,51.0,88.0,42.0,14.0,51.0,13.0,7.5,7.5,80.0,,10.0,0.0,5.0,inf,13.0,48.0,15.0,3.0,Tech,Finance,1.3,2.4,1.1,3.0,0.1,0.7,1.8,2.8,0.5,1.6,2.3,0.9,1.3,4.8,19.9,3.7,19.8,0.3,0.5,6.2,4.7,1.05,2.21,0.95,2.5,0.1,0.6,1.55,2.35,Triumvirate,66.0,17.0,12.0,-21.0,12.0,3.0,1.0,40,78,29,42,56,55,89,55,10,24,96,23,80,21,64,24,22,22,63,80,31,77,27,96,70,39,49,35,17,71
926.0,IWF,Women,Single,10th,3.0,2.0,2,3.0,Kids,1.0,2330119.0,2.0,More than 1M,5.0,78.0,59.0,91.0,14.0,71.0,59.0,68.0,5.0,5.0,44.0,35 - 45,2.0,7.0,1.0,5.0,1.0,53.0,3.0,1.0,Consulting,Consulting,0.1,0.3,2.7,0.1,0.8,2.2,0.1,0.8,1.8,0.3,0.6,inf,1.1,1.2,2.3,9.0,0.5,1.8,1.4,0.4,1.3,,2.01,2.25,0.05,0.65,1.8,0.1,0.65,Joy Seeker,84.0,89.0,-16.0,-6.0,-24.0,2.0,2.0,49,47,35,59,90,76,50,75,42,55,97,80,43,50,42,53,33,78,25,81,73,68,79,22,64,25,33,78,98,63
927.0,Xilio,Women,In a relationship,5th,2.0,0.0,0,1.0,No Kids,2.0,1929443.0,1.0,More than 1M,5.0,26.0,33.0,28.0,14.0,44.0,33.0,81.0,5.0,5.0,30.0,0 - 35,6.0,8.0,5.0,5.0,0.0,55.0,7.0,1.0,Consulting,Consulting,0.8,1.8,2.4,1.8,1.4,2.3,1.2,2.6,1.8,1.3,2.5,inf,1.3,3.4,14.7,8.1,12.1,3.3,1.6,4.0,4.3,0.65,2.13,2.0,1.5,1.15,1.95,1.0,2.15,Joy Seeker,75.0,28.0,9.0,15.0,10.0,2.0,2.0,45,50,77,47,55,74,41,100,49,73,78,95,57,24,80,76,49,34,90,59,53,23,43,77,70,97,59,57,37,61
928.0,IWF,Men,In a relationship,30th,7.0,2.0,2,3.0,Kids,1.0,3478503.0,3.0,More than 1M,5.0,97.0,69.0,79.0,35.0,23.0,69.0,53.0,7.4,7.4,54.0,45 - 55,2.0,1.0,1.0,7.0,8.0,48.0,13.0,3.0,Other,Finance,1.6,1.4,,2.0,0.7,2.0,1.9,2.6,0.5,3.0,1.3,0.1,1.6,5.9,12.0,9.8,13.2,1.6,1.3,6.5,4.3,1.35,2.27,2.45,1.65,0.55,1.7,1.6,2.15,,4.0,66.0,6.0,-15.0,0.0,5.0,1.0,33,71,95,36,23,67,24,45,41,55,78,60,21,75,28,83,23,22,100,80,49,56,60,56,93,22,77,98,63,43
929.0,Xilio,Men,In a relationship,40th+,9.0,1.0,inf,2.0,Kids,1.0,1469758.0,4.0,More than 1M,5.0,76.0,94.0,97.0,98.0,29.0,94.0,12.0,5.5,5.5,70.0,Over 55,0.0,6.0,7.0,6.0,4.0,49.0,16.0,9.0,Other,Finance,1.9,1.9,2.3,2.1,2.2,1.8,2.1,2.3,0.4,2.5,1.7,1.4,1.9,6.7,16.1,7.5,13.8,5.2,1.2,7.0,3.9,1.6,2.32,1.9,1.7,1.85,1.55,1.75,1.95,Joy Seeker,79.0,35.0,-19.0,7.0,-15.0,5.0,1.0,15,69,24,24,59,62,71,84,78,65,90,74,32,84,43,49,84,97,16,89,46,80,77,98,49,78,97,60,40,46
930.0,Xilio,Men,Married,25th,6.0,1.0,1,2.0,Kids,1.0,1835468.0,4.0,More than 1M,5.0,38.0,inf,18.0,19.0,63.0,43.0,59.0,5.1,5.1,71.0,Over 55,1.0,4.0,inf,9.0,5.0,53.0,1.0,6.0,Tech,Finance,0.8,0.2,1.2,0.4,2.8,2.7,1.9,0.5,2.9,2.7,2.6,0.7,2.4,3.3,1.6,,inf,6.4,1.8,6.4,0.8,0.65,2.13,1.0,0.3,2.3,2.25,1.6,0.4,Joyful Striver,6.0,5.0,-5.0,12.0,-18.0,3.0,1.0,75,23,94,70,29,10,36,91,26,53,39,61,88,20,87,95,79,29,17,40,87,81,23,84,67,32,52,13,98,58
931.0,HBS,Men,Married,10th,3.0,1.0,1,2.0,Kids,1.0,3457975.0,3.0,More than 1M,5.0,48.0,48.0,64.0,80.0,27.0,48.0,38.0,6.9,6.9,52.0,45 - 55,9.0,7.0,3.0,2.0,3.0,51.0,14.0,0.0,Other,Other,0.4,1.7,1.8,2.8,1.3,0.2,1.0,2.5,1.2,2.5,2.6,2.1,1.4,2.3,14.5,5.9,18.8,,0.2,3.2,4.1,0.35,inf,1.5,2.35,1.05,0.2,0.8,2.05,Purpose Seeker,51.0,65.0,-6.0,1.0,18.0,5.0,5.0,93,98,88,30,59,90,37,74,17,84,82,39,22,17,59,23,71,81,81,60,25,51,78,59,81,71,26,36,50,51
932.0,IWF,Men,Single,20th,5.0,4.0,3+,4.0,Kids,1.0,156108.0,4.0,150K – 250K,2.0,53.0,72.0,89.0,36.0,11.0,72.0,79.0,4.1,4.1,68.0,Over 55,3.0,8.0,6.0,4.0,15.0,,15.0,4.0,Consulting,Consulting,2.5,1.7,2.0,0.5,1.0,1.0,0.3,2.3,0.7,0.3,1.1,1.7,2.5,8.5,14.0,6.6,3.6,2.4,0.7,0.9,3.8,2.1,2.42,1.65,0.45,0.85,0.85,0.25,1.9,Triumvirate,62.0,40.0,0.0,8.0,14.0,2.0,2.0,84,93,95,55,42,75,90,72,66,38,15,66,96,64,56,72,98,69,96,36,52,60,98,21,83,40,92,51,46,23
933.0,HBS,Men,In a relationship,25th,6.0,1.0,1,2.0,Kids,1.0,3190110.0,4.0,,5.0,11.0,73.0,19.0,70.0,82.0,73.0,84.0,6.1,6.1,57.0,Over 55,8.0,10.0,4.0,1.0,11.0,48.0,4.0,5.0,Consulting,Other,3.0,1.7,0.2,1.9,2.9,0.7,1.3,1.8,0.5,0.7,0.6,0.2,1.6,9.9,14.0,0.8,12.5,6.7,0.5,4.3,3.0,2.45,2.49,0.2,1.55,2.4,0.6,1.05,,Joyful Striver,57.0,76.0,-22.0,-11.0,17.0,2.0,5.0,13,11,23,78,68,38,73,44,51,71,98,88,54,15,55,90,70,82,91,69,93,28,17,22,10,62,64,65,47,91
934.0,Xilio,Men,Married,30th,7.0,3.0,3+,4.0,Kids,1.0,3260019.0,2.0,More than 1M,5.0,46.0,78.0,10.0,63.0,34.0,78.0,80.0,5.8,5.8,42.0,35 - 45,,1.0,6.0,4.0,7.0,52.0,19.0,1.0,Tech,Other,1.6,1.8,1.6,0.7,1.3,3.0,0.4,1.0,2.0,0.0,2.3,0.5,1.0,5.7,15.1,5.4,4.5,3.1,2.0,1.3,1.7,1.3,2.26,1.35,0.55,1.1,2.45,0.3,0.85,Joyful Striver,66.0,56.0,20.0,6.0,-4.0,3.0,5.0,88,79,36,15,52,93,68,40,18,98,28,91,74,62,65,94,10,30,47,42,72,75,24,18,94,26,43,78,60,42
935.0,HBS,Women,Single,1st,1.0,3.0,3+,4.0,Kids,1.0,1737692.0,1.0,More than 1M,5.0,82.0,81.0,15.0,39.0,77.0,81.0,30.0,5.3,5.3,30.0,0 - 35,3.0,3.0,2.0,2.0,3.0,55.0,1.0,4.0,Healthcare,Finance,0.5,2.0,2.1,0.9,1.5,1.2,2.8,0.8,1.8,0.9,1.3,inf,2.0,2.5,16.9,7.1,6.1,3.4,0.8,9.5,1.3,0.45,2.09,1.75,0.75,1.2,0.95,2.35,0.65,Joyful Striver,79.0,36.0,-4.0,-5.0,-6.0,4.0,1.0,15,26,49,47,88,79,67,37,96,61,89,39,56,29,66,60,98,70,63,62,24,56,92,68,34,58,79,27,85,96
936.0,Xilio,Men,Single,20th,inf,4.0,3+,4.0,Kids,1.0,2110154.0,4.0,inf,5.0,77.0,42.0,68.0,80.0,46.0,42.0,95.0,5.3,inf,64.0,Over 55,9.0,7.0,0.0,2.0,13.0,55.0,16.0,0.0,Finance,Other,0.8,2.4,0.5,1.6,1.1,2.2,1.4,0.4,1.9,0.3,0.6,0.6,2.2,3.5,20.1,1.7,10.9,2.5,1.5,4.8,0.6,0.7,2.14,0.4,1.35,0.9,1.85,1.2,0.3,Joyful Striver,75.0,45.0,-11.0,20.0,-18.0,1.0,5.0,60,98,67,71,21,17,11,10,44,63,94,51,67,48,92,88,75,93,85,81,53,74,68,54,62,58,69,70,46,26
937.0,HBS,Women,In a relationship,1st,1.0,1.0,1,2.0,Kids,1.0,2274702.0,3.0,More than 1M,5.0,48.0,16.0,47.0,14.0,17.0,16.0,80.0,5.2,5.2,51.0,45 - 55,4.0,6.0,8.0,8.0,11.0,55.0,9.0,1.0,Tech,Healthcare,0.1,0.8,2.3,1.3,2.7,2.1,1.0,1.5,0.3,1.4,2.7,2.4,1.7,1.2,6.7,7.8,8.3,6.4,,3.2,2.5,0.05,2.01,1.95,1.05,inf,1.7,0.8,1.25,Purpose Seeker,8.0,23.0,,-21.0,3.0,3.0,4.0,71,37,37,95,49,38,45,34,80,97,75,20,14,81,60,67,41,88,24,42,99,51,20,79,70,76,60,13,40,84
938.0,HBS,Women,Married,40th+,9.0,4.0,3+,4.0,Kids,1.0,3407778.0,4.0,More than 1M,5.0,30.0,33.0,23.0,45.0,94.0,33.0,16.0,7.4,7.4,58.0,Over 55,,6.0,2.0,8.0,10.0,52.0,11.0,2.0,Healthcare,Tech,2.7,2.5,1.8,0.5,1.7,0.6,2.3,1.8,2.7,2.0,0.6,1.2,0.2,9.2,20.6,5.8,3.2,4.0,0.4,7.7,2.9,2.3,2.46,1.45,0.4,1.4,0.55,1.9,1.45,,26.0,47.0,-5.0,-20.0,14.0,4.0,3.0,66,75,35,71,29,60,80,52,88,66,19,36,86,43,63,24,22,35,59,50,18,47,29,52,55,35,86,10,71,41
939.0,,Men,Married,5th,2.0,1.0,1,2.0,Kids,1.0,2560034.0,4.0,More than 1M,5.0,59.0,11.0,67.0,15.0,37.0,11.0,26.0,6.2,6.2,70.0,Over 55,4.0,4.0,6.0,9.0,9.0,55.0,1.0,6.0,Other,Finance,0.4,1.5,2.9,0.5,2.3,0.7,1.5,1.1,1.2,2.6,0.1,0.3,0.5,2.1,12.5,9.5,3.4,5.3,0.5,5.0,1.8,0.3,2.06,2.4,0.45,1.9,0.6,1.25,0.9,Joyful Striver,51.0,31.0,-11.0,12.0,0.0,5.0,1.0,75,44,72,91,47,42,22,93,62,92,25,33,14,66,99,74,42,63,65,28,74,22,64,83,83,22,82,59,27,88
940.0,Xilio,Women,Married,15th,4.0,1.0,1,2.0,Kids,1.0,4562131.0,1.0,More than 1M,5.0,68.0,53.0,92.0,49.0,36.0,53.0,16.0,8.2,8.2,33.0,0 - 35,0.0,3.0,8.0,6.0,6.0,55.0,5.0,7.0,Tech,Consulting,1.7,0.2,0.1,1.3,2.4,0.8,0.9,,0.9,2.2,0.1,1.5,0.9,6.2,1.9,0.4,inf,5.7,0.6,3.1,2.4,1.45,2.29,0.1,1.05,2.05,0.7,0.8,1.2,Joy Seeker,45.0,11.0,-4.0,-4.0,4.0,3.0,2.0,88,14,75,87,12,12,24,76,63,75,46,48,69,28,90,97,41,51,18,94,53,53,45,32,69,47,44,93,99,77
941.0,Xilio,Women,In a relationship,10th,3.0,2.0,2,3.0,Kids,1.0,2722755.0,4.0,More than 1M,5.0,98.0,19.0,91.0,98.0,42.0,19.0,22.0,5.6,inf,66.0,Over 55,6.0,10.0,8.0,3.0,7.0,50.0,14.0,0.0,Other,Tech,0.8,0.2,0.8,2.3,1.0,1.2,2.4,1.1,1.4,2.8,1.9,0.3,0.8,3.5,1.5,2.7,15.1,2.4,0.8,8.1,1.8,0.7,2.14,0.65,1.9,0.85,1.05,2.05,0.9,Purposeful Striver,44.0,10.0,2.0,-8.0,-9.0,5.0,3.0,84,74,34,83,37,69,98,72,93,31,88,81,30,80,37,64,65,20,17,50,29,33,91,88,60,31,43,79,15,48
942.0,IWF,Men,Married,30th,7.0,4.0,3+,4.0,Kids,1.0,418349.0,4.0,250K – 500K,3.0,20.0,36.0,39.0,18.0,82.0,36.0,23.0,3.9,3.9,68.0,Over 55,0.0,1.0,0.0,9.0,8.0,54.0,15.0,7.0,Consulting,Other,1.7,1.0,1.8,2.7,1.3,0.7,2.6,1.9,1.2,0.2,2.0,,2.0,6.0,8.4,6.0,18.0,3.0,0.5,8.7,3.2,1.4,2.28,1.5,2.25,1.1,0.6,2.15,1.6,Flourisher,5.0,67.0,-12.0,-12.0,-6.0,2.0,5.0,17,49,12,55,65,44,96,60,34,29,86,27,33,40,28,85,33,46,28,94,79,39,23,54,82,94,25,29,18,19
943.0,IWF,Men,Married,1st,1.0,2.0,2,3.0,Kids,1.0,1092729.0,4.0,More than 1M,5.0,21.0,48.0,49.0,73.0,82.0,48.0,84.0,4.6,4.6,61.0,Over 55,10.0,0.0,6.0,5.0,13.0,52.0,2.0,8.0,Consulting,Finance,2.0,2.4,0.9,0.3,2.5,0.1,2.0,2.7,2.6,0.0,0.9,0.7,0.1,6.9,19.6,3.0,1.7,5.9,0.0,,4.5,1.65,2.33,0.75,0.2,2.1,0.05,1.7,2.25,Purpose Seeker,70.0,14.0,1.0,-16.0,-10.0,2.0,1.0,35,85,81,22,99,78,69,11,76,42,86,86,27,91,36,19,100,20,60,98,83,79,67,32,93,38,91,29,20,96
944.0,IWF,Women,In a relationship,40th+,9.0,1.0,1,2.0,Kids,1.0,3154071.0,4.0,More than 1M,5.0,33.0,34.0,64.0,75.0,43.0,34.0,,6.7,6.7,60.0,Over 55,8.0,5.0,6.0,5.0,6.0,49.0,2.0,5.0,Other,Other,2.5,2.1,2.1,1.2,1.1,2.6,0.1,0.5,2.8,2.0,1.0,2.6,2.3,8.5,17.7,7.1,7.9,2.5,1.8,0.5,0.8,2.05,2.41,1.8,1.0,0.9,2.2,0.1,0.4,Flourisher,26.0,80.0,15.0,20.0,20.0,5.0,5.0,60,65,53,12,22,100,31,91,71,81,41,54,30,49,57,51,13,36,81,51,42,47,47,43,57,54,27,55,11,33
945.0,HBS,Men,Single,5th,2.0,0.0,0,1.0,No Kids,2.0,3416501.0,4.0,More than 1M,5.0,49.0,57.0,78.0,30.0,68.0,57.0,39.0,8.0,8.0,78.0,Over 55,3.0,1.0,4.0,4.0,13.0,51.0,2.0,5.0,Finance,Other,0.6,2.4,2.3,0.3,2.4,2.9,1.7,1.1,0.9,0.9,1.0,2.8,0.8,2.9,19.7,7.6,2.0,5.6,1.9,5.7,1.9,0.5,2.1,1.9,0.25,2.0,2.4,1.4,0.95,Purposeful Striver,68.0,74.0,14.0,-13.0,17.0,1.0,5.0,54,45,51,15,86,85,72,73,64,34,56,97,63,23,28,20,97,92,66,32,89,32,98,25,93,55,47,36,38,67
946.0,Xilio,Men,Married,20th,,2.0,2,3.0,Kids,1.0,2009079.0,4.0,More than 1M,5.0,67.0,65.0,58.0,55.0,17.0,65.0,62.0,4.9,4.9,58.0,Over 55,10.0,0.0,7.0,7.0,5.0,50.0,3.0,8.0,Other,Finance,0.0,1.6,0.3,0.0,2.8,1.0,2.3,0.4,2.6,0.8,2.0,2.5,0.9,1.1,12.9,1.0,0.3,6.6,0.7,7.6,0.7,0.05,2.01,0.25,0.05,2.35,0.85,1.9,0.35,Striver,19.0,10.0,2.0,5.0,-19.0,5.0,1.0,53,54,15,17,75,93,99,83,55,55,81,96,19,90,60,25,32,43,77,84,15,83,89,72,49,48,52,35,60,78
947.0,Xilio,Men,In a relationship,30th,7.0,3.0,3+,4.0,Kids,1.0,4618334.0,4.0,More than 1M,5.0,90.0,42.0,93.0,19.0,98.0,42.0,72.0,7.8,7.8,65.0,Over 55,10.0,10.0,10.0,5.0,3.0,52.0,1.0,7.0,Tech,Consulting,0.4,1.3,1.5,2.0,1.9,1.0,0.4,1.9,2.3,1.0,0.2,1.0,1.6,2.2,11.0,5.1,13.2,4.4,0.7,1.4,3.1,0.35,2.07,1.3,1.65,1.55,0.85,0.35,1.55,Purposeful Striver,84.0,76.0,0.0,4.0,-10.0,3.0,2.0,14,32,48,53,46,29,84,78,33,82,52,21,33,46,16,82,38,47,40,42,92,66,91,60,16,78,41,41,78,73
948.0,IWF,Men,In a relationship,25th,6.0,1.0,1,2.0,Kids,1.0,3552905.0,3.0,More than 1M,5.0,87.0,61.0,45.0,48.0,17.0,61.0,84.0,6.9,6.9,52.0,45 - 55,5.0,6.0,0.0,6.0,14.0,48.0,7.0,8.0,Consulting,Consulting,2.7,0.4,1.5,1.8,2.2,0.0,0.7,2.2,2.8,,2.8,0.8,0.6,9.1,3.7,5.1,12.0,5.2,0.0,2.3,3.6,2.25,2.45,1.25,1.5,1.85,0.0,0.55,1.8,Triumvirate,20.0,1.0,-24.0,-23.0,19.0,2.0,2.0,79,56,61,42,58,82,83,18,55,66,91,58,94,53,38,87,30,70,12,29,40,88,10,41,84,87,16,19,32,28
949.0,Xilio,Women,In a relationship,10th,3.0,1.0,1,2.0,Kids,1.0,106077.0,4.0,Less than 150K,1.0,16.0,43.0,74.0,60.0,58.0,43.0,35.0,3.1,3.1,78.0,Over 55,2.0,10.0,6.0,1.0,2.0,49.0,1.0,3.0,,Finance,2.6,1.0,1.1,0.5,2.4,2.0,2.6,2.8,0.7,1.5,0.7,1.6,2.7,8.9,8.2,3.7,3.3,5.6,1.4,8.8,4.7,2.2,2.44,0.9,0.4,2.0,1.7,2.2,2.35,Flourisher,12.0,5.0,-1.0,4.0,1.0,3.0,1.0,35,40,32,90,75,48,34,11,31,96,45,40,98,18,52,28,39,96,92,34,75,32,74,47,94,91,96,91,16,17
950.0,Xilio,Men,In a relationship,40th+,9.0,4.0,3+,4.0,Kids,1.0,4357819.0,,More than 1M,5.0,16.0,63.0,74.0,98.0,21.0,63.0,88.0,8.4,8.4,34.0,0 - 35,4.0,2.0,5.0,6.0,11.0,49.0,9.0,3.0,Other,Other,1.8,1.3,2.8,0.7,2.5,2.5,0.1,0.8,1.7,1.3,3.0,2.2,0.3,6.4,10.9,9.3,4.7,5.9,1.7,0.2,1.4,1.5,2.3,2.35,0.6,2.1,2.05,0.05,0.7,Joy Seeker,47.0,20.0,-23.0,-20.0,-3.0,5.0,,77,20,98,84,45,13,57,43,20,14,35,31,69,67,78,40,99,62,52,99,27,45,10,65,28,77,96,21,65,80
951.0,IWF,Men,Single,40th+,9.0,1.0,1,2.0,Kids,1.0,1285564.0,4.0,More than 1M,5.0,73.0,83.0,86.0,50.0,37.0,83.0,92.0,4.4,4.4,61.0,Over 55,3.0,10.0,7.0,10.0,1.0,53.0,13.0,8.0,Healthcare,Other,1.8,0.3,2.5,0.1,1.2,0.4,2.3,2.9,0.8,1.5,0.5,3.0,1.3,6.4,2.2,8.3,0.5,2.8,0.3,7.5,4.8,1.5,2.3,2.05,0.05,1.0,0.35,1.9,2.4,Purpose Seeker,1.0,8.0,-18.0,3.0,-2.0,4.0,5.0,28,19,59,86,63,28,52,69,57,64,19,53,66,29,67,82,29,74,38,61,37,66,94,78,24,48,55,83,86,49
952.0,IWF,Women,In a relationship,30th,7.0,1.0,1,2.0,Kids,1.0,1938327.0,3.0,More than 1M,5.0,79.0,67.0,45.0,69.0,12.0,67.0,94.0,5.5,5.5,52.0,45 - 55,0.0,7.0,8.0,9.0,1.0,50.0,13.0,2.0,Healthcare,Other,2.0,0.7,2.1,2.5,0.2,0.5,1.4,0.2,2.5,2.0,2.3,0.4,2.5,7.0,5.5,7.0,16.7,0.4,0.3,4.7,0.3,1.65,2.33,1.75,2.1,0.15,0.4,1.2,0.15,Joy Seeker,90.0,43.0,18.0,-18.0,-17.0,4.0,5.0,93,76,52,59,35,100,47,70,17,70,40,73,32,59,17,62,25,12,19,21,77,10,69,26,79,29,70,97,71,22
953.0,HBS,Men,Single,1st,1.0,1.0,1,2.0,inf,,155885.0,4.0,150K – 250K,2.0,71.0,37.0,91.0,97.0,95.0,37.0,64.0,2.5,2.5,72.0,Over 55,5.0,0.0,0.0,8.0,0.0,49.0,16.0,6.0,Tech,Consulting,0.5,1.8,2.1,2.9,,2.4,1.3,1.8,0.0,1.2,0.7,0.1,1.8,2.6,15.0,7.1,19.5,2.8,1.6,4.5,3.0,0.45,2.09,1.8,2.45,1.0,2.0,1.1,1.5,Purpose Seeker,14.0,76.0,7.0,18.0,9.0,3.0,2.0,29,23,28,20,84,54,50,40,48,98,38,86,31,29,51,99,76,76,21,41,74,81,34,95,70,86,27,33,83,36
954.0,Xilio,Men,In a relationship,15th,4.0,4.0,3+,4.0,Kids,1.0,571656.0,3.0,500K - 1M,4.0,96.0,28.0,73.0,47.0,55.0,28.0,12.0,4.4,4.4,54.0,45 - 55,2.0,1.0,6.0,11.0,7.0,49.0,5.0,7.0,Healthcare,Finance,2.7,2.2,1.4,0.4,2.0,1.8,0.0,0.2,1.7,0.8,0.2,2.1,0.9,9.2,18.4,4.6,2.7,4.7,1.2,0.1,0.3,2.3,2.46,1.15,0.35,1.7,1.55,0.0,0.15,Purpose Seeker,64.0,1.0,16.0,19.0,-6.0,4.0,1.0,21,89,78,37,81,52,54,19,44,17,14,34,77,45,85,17,58,37,55,42,89,12,100,48,65,77,80,60,89,91
955.0,IWF,Men,In a relationship,30th,7.0,1.0,1,2.0,Kids,1.0,700688.0,4.0,,4.0,37.0,81.0,90.0,27.0,94.0,81.0,80.0,3.8,3.8,59.0,Over 55,0.0,2.0,1.0,6.0,11.0,54.0,11.0,5.0,inf,Healthcare,1.3,3.0,2.8,0.7,1.4,0.1,2.5,2.7,1.0,0.5,2.6,2.5,1.3,4.8,25.0,9.2,4.6,3.2,0.1,8.2,4.5,1.05,inf,2.3,0.6,1.15,0.1,2.05,2.25,Purpose Seeker,38.0,57.0,9.0,17.0,11.0,2.0,4.0,56,83,60,79,49,22,97,85,58,25,86,60,43,36,51,33,67,23,39,83,54,23,19,50,19,44,49,47,24,97
956.0,Xilio,Men,Married,5th,2.0,2.0,2,3.0,Kids,1.0,2315166.0,4.0,More than 1M,5.0,87.0,82.0,72.0,65.0,96.0,82.0,36.0,6.3,6.3,63.0,Over 55,9.0,10.0,inf,8.0,14.0,53.0,18.0,2.0,Other,Finance,1.1,2.8,2.1,2.6,2.2,1.9,1.1,1.6,1.0,1.0,2.6,2.5,2.1,4.4,23.3,6.9,17.4,5.2,1.2,3.6,2.6,0.95,2.19,1.75,2.15,1.85,1.55,0.9,1.3,Striver,37.0,64.0,-20.0,18.0,16.0,5.0,1.0,10,19,20,50,52,22,49,45,55,57,10,16,79,81,22,17,53,61,91,77,67,90,59,57,55,17,97,55,62,11
957.0,Xilio,Men,Single,10th,3.0,0.0,0,1.0,No Kids,2.0,4454507.0,1.0,More than 1M,5.0,84.0,51.0,76.0,41.0,65.0,51.0,42.0,8.5,8.5,31.0,0 - 35,9.0,10.0,9.0,4.0,11.0,55.0,16.0,1.0,Finance,Finance,1.6,1.9,2.2,2.8,1.1,0.9,1.6,2.0,1.9,2.2,1.2,2.0,2.9,5.7,16.1,7.3,18.5,2.5,0.6,5.4,3.3,1.3,2.26,1.8,2.3,0.9,0.75,1.35,1.65,Purposeful Striver,11.0,84.0,13.0,7.0,-9.0,1.0,1.0,99,85,21,25,31,69,26,94,47,70,96,15,37,41,35,92,34,39,97,24,56,43,21,91,89,61,87,98,52,25
958.0,HBS,Men,In a relationship,10th,3.0,0.0,0,inf,No Kids,2.0,2081531.0,3.0,More than 1M,5.0,72.0,61.0,73.0,29.0,55.0,61.0,55.0,5.7,5.7,54.0,45 - 55,3.0,8.0,7.0,8.0,15.0,48.0,6.0,1.0,Tech,Healthcare,0.1,1.3,inf,1.3,inf,1.1,2.0,2.5,2.6,2.3,2.1,2.9,2.7,1.4,10.5,8.6,8.4,4.4,0.7,6.8,4.2,0.1,2.02,2.15,1.05,1.6,0.9,1.7,2.1,Striver,77.0,28.0,-3.0,-9.0,5.0,3.0,4.0,23,10,83,77,29,66,97,58,17,24,12,33,48,10,27,57,32,67,41,60,75,79,41,37,84,49,59,17,92,23
959.0,Xilio,Women,Married,25th,6.0,1.0,1,2.0,Kids,1.0,2822427.0,1.0,More than 1M,5.0,82.0,61.0,55.0,99.0,91.0,61.0,98.0,inf,6.7,32.0,0 - 35,10.0,2.0,7.0,5.0,13.0,55.0,19.0,0.0,Consulting,Healthcare,0.5,1.9,0.8,0.2,0.6,2.3,2.1,0.5,1.8,2.0,1.7,1.5,1.0,2.5,15.9,2.7,1.0,1.3,1.5,7.0,0.8,0.4,2.08,0.7,0.15,0.45,1.9,1.75,0.4,Triumvirate,3.0,37.0,-1.0,-15.0,-18.0,2.0,4.0,73,14,17,57,17,95,66,79,63,74,76,28,51,26,51,39,68,63,82,15,61,78,42,86,66,45,14,64,94,26
960.0,HBS,Men,Single,30th,7.0,1.0,1,2.0,Kids,1.0,2950803.0,3.0,More than 1M,5.0,52.0,88.0,88.0,89.0,15.0,88.0,45.0,6.8,6.8,50.0,45 - 55,8.0,8.0,6.0,2.0,7.0,51.0,7.0,3.0,Healthcare,Finance,2.2,2.4,2.4,0.1,2.2,2.4,2.9,0.1,2.6,0.7,2.6,2.7,3.0,7.6,19.6,8.1,0.8,5.2,1.6,9.6,0.2,1.85,2.37,2.0,0.1,1.85,2.05,2.4,0.1,Striver,33.0,47.0,17.0,-13.0,-11.0,4.0,1.0,47,29,33,65,38,61,11,58,46,31,80,92,32,18,60,67,10,78,56,100,45,60,81,59,44,15,63,87,44,69
961.0,Xilio,Women,In a relationship,10th,3.0,0.0,0,1.0,No Kids,2.0,,4.0,More than 1M,5.0,23.0,34.0,33.0,73.0,81.0,34.0,58.0,7.4,7.4,61.0,Over 55,1.0,5.0,7.0,6.0,11.0,53.0,11.0,3.0,Finance,Finance,0.2,0.4,0.6,1.7,1.6,1.2,1.6,2.6,0.8,1.8,0.9,2.9,0.0,1.7,3.0,2.0,11.5,3.8,0.8,5.3,4.4,0.2,2.04,0.5,1.45,1.35,1.0,1.35,2.2,Purposeful Striver,6.0,76.0,-7.0,-15.0,5.0,1.0,1.0,46,17,50,73,49,62,71,12,100,12,44,18,79,93,93,95,24,24,97,78,10,38,35,10,81,95,95,40,88,79
962.0,IWF,Men,Married,40th+,9.0,1.0,1,2.0,Kids,1.0,4420020.0,2.0,More than 1M,5.0,75.0,26.0,16.0,83.0,61.0,26.0,79.0,9.0,9.0,42.0,35 - 45,1.0,8.0,1.0,4.0,2.0,48.0,18.0,6.0,Healthcare,Finance,1.8,inf,1.0,1.2,0.6,2.8,1.2,0.9,1.6,1.7,1.6,2.5,0.1,6.4,10.2,3.5,7.9,1.4,1.9,4.0,1.6,1.5,2.3,0.85,1.0,0.5,2.35,1.0,0.8,Purposeful Striver,50.0,37.0,-21.0,5.0,4.0,4.0,1.0,20,52,45,68,99,95,97,83,49,63,24,45,89,54,25,64,90,47,72,78,48,91,51,59,12,79,67,97,23,26
963.0,IWF,Men,Single,30th,7.0,0.0,0,1.0,No Kids,2.0,2711719.0,4.0,More than 1M,5.0,70.0,28.0,92.0,41.0,58.0,28.0,10.0,6.3,6.3,73.0,,10.0,2.0,0.0,11.0,10.0,55.0,13.0,9.0,Consulting,Tech,0.7,2.5,1.0,0.1,0.9,1.2,2.9,0.4,1.4,1.5,1.5,0.9,2.5,3.2,21.0,3.4,0.6,2.0,0.8,9.5,0.6,0.6,2.12,0.85,0.05,0.75,1.0,2.4,0.3,Striver,10.0,49.0,-15.0,2.0,,2.0,3.0,86,85,94,99,39,52,18,14,43,23,76,49,11,75,12,82,90,87,35,91,96,57,59,28,75,82,31,25,78,54
964.0,Xilio,Men,Single,20th,5.0,0.0,0,1.0,No Kids,2.0,920695.0,4.0,500K - 1M,4.0,90.0,26.0,71.0,79.0,69.0,26.0,68.0,4.4,4.4,73.0,Over 55,3.0,7.0,4.0,0.0,0.0,54.0,13.0,3.0,Consulting,Tech,1.2,1.2,2.9,1.7,2.2,2.3,1.9,1.4,0.0,1.6,1.1,0.6,0.6,4.5,9.6,9.8,11.7,5.2,1.5,6.4,2.3,0.95,2.19,2.45,1.45,1.85,1.95,1.6,1.15,Joy Seeker,5.0,44.0,-14.0,18.0,-6.0,2.0,3.0,12,10,81,71,90,92,77,99,88,45,39,33,33,41,100,71,61,23,12,44,99,88,70,68,62,25,83,29,58,47
965.0,Xilio,Women,In a relationship,30th,7.0,3.0,3+,4.0,Kids,1.0,4224430.0,4.0,More than 1M,5.0,33.0,70.0,94.0,90.0,49.0,70.0,95.0,8.0,8.0,62.0,Over 55,3.0,5.0,1.0,1.0,7.0,52.0,0.0,1.0,Other,Tech,0.9,1.7,2.6,0.0,1.4,1.5,0.9,1.8,1.7,1.5,2.7,1.6,0.2,3.6,14.3,8.6,0.2,3.4,1.0,3.0,3.0,0.7,2.14,2.15,0.05,1.2,1.2,0.75,1.5,Purposeful Striver,23.0,56.0,-16.0,-20.0,13.0,5.0,3.0,42,66,64,85,93,81,90,70,26,91,91,57,26,54,88,57,67,66,32,95,84,88,50,77,87,55,99,47,27,73
966.0,Xilio,Men,Single,10th,3.0,3.0,3+,4.0,Kids,1.0,868761.0,2.0,500K - 1M,4.0,65.0,41.0,87.0,16.0,70.0,41.0,83.0,4.7,4.7,38.0,35 - 45,9.0,9.0,1.0,3.0,7.0,53.0,18.0,8.0,Finance,Tech,1.1,1.8,inf,2.4,0.6,2.7,0.4,0.1,2.0,1.7,0.5,1.4,0.7,4.2,14.7,7.0,15.7,1.5,1.8,1.3,0.2,,2.18,1.75,1.95,0.55,2.25,0.3,0.1,Striver,10.0,28.0,-18.0,15.0,-14.0,1.0,3.0,15,73,18,20,64,81,26,94,42,91,84,72,74,18,54,13,50,68,84,43,10,25,66,76,61,68,88,24,60,15
967.0,Xilio,Men,Single,20th,5.0,1.0,1,2.0,Kids,1.0,530315.0,4.0,500K - 1M,4.0,26.0,93.0,44.0,43.0,94.0,93.0,14.0,3.3,3.3,inf,Over 55,10.0,8.0,3.0,10.0,1.0,48.0,14.0,4.0,Consulting,inf,2.2,0.6,2.2,0.9,2.9,2.7,2.5,0.8,1.8,2.1,0.4,2.6,1.3,7.5,4.6,7.3,6.1,6.8,1.8,8.4,1.4,1.8,2.36,1.8,0.75,2.4,2.25,2.1,0.7,Joy Seeker,44.0,79.0,-2.0,-10.0,-9.0,2.0,1.0,59,93,56,98,25,51,59,99,56,76,52,78,79,39,31,46,53,17,83,72,84,66,11,50,62,47,47,87,10,69
968.0,HBS,Men,Married,5th,2.0,2.0,2,3.0,Kids,1.0,2444472.0,3.0,More than 1M,5.0,16.0,27.0,69.0,85.0,47.0,27.0,94.0,6.8,6.8,54.0,45 - 55,10.0,8.0,8.0,5.0,12.0,51.0,1.0,7.0,Healthcare,Healthcare,0.9,1.1,1.7,0.1,2.1,0.3,1.1,0.1,2.2,0.3,1.7,0.3,inf,3.7,9.1,5.6,0.8,5.0,0.2,3.6,0.2,0.75,2.15,1.4,0.1,1.8,0.2,0.9,0.1,Triumvirate,2.0,6.0,2.0,-22.0,16.0,4.0,4.0,19,37,24,27,55,99,49,35,61,19,69,62,78,93,32,17,13,81,59,77,97,19,79,19,63,27,58,85,36,58
969.0,IWF,Women,Married,15th,4.0,0.0,0,1.0,No Kids,2.0,1329445.0,4.0,More than 1M,5.0,10.0,14.0,76.0,22.0,42.0,14.0,18.0,4.5,4.5,58.0,Over 55,3.0,2.0,7.0,6.0,13.0,53.0,13.0,8.0,Consulting,Tech,1.7,1.0,2.8,1.8,2.9,2.8,2.0,1.3,1.7,2.2,2.0,0.8,1.9,6.1,8.4,9.5,11.8,6.7,1.9,6.6,2.1,1.4,2.28,2.35,1.45,2.4,2.35,1.65,1.05,Purposeful Striver,13.0,61.0,15.0,9.0,4.0,2.0,3.0,14,46,57,28,71,35,67,81,89,58,49,63,69,47,68,10,86,28,45,27,83,28,40,37,56,21,10,43,73,30
970.0,Xilio,Men,Single,10th,3.0,0.0,0,1.0,No Kids,2.0,4965730.0,4.0,More than 1M,5.0,37.0,50.0,97.0,,66.0,50.0,72.0,8.2,8.2,56.0,Over 55,3.0,0.0,7.0,6.0,14.0,53.0,11.0,7.0,Finance,Finance,1.4,0.1,1.5,1.2,1.3,2.5,1.4,2.7,0.2,0.4,0.6,2.3,0.7,5.3,0.7,5.0,8.0,3.0,1.7,4.7,4.5,1.2,2.24,1.25,1.0,1.05,2.05,1.2,2.25,Flourisher,,20.0,10.0,0.0,3.0,1.0,1.0,32,56,91,96,16,32,84,14,18,74,74,51,59,69,71,79,77,41,22,35,23,76,32,43,12,63,87,81,69,32
971.0,Xilio,Men,In a relationship,25th,6.0,4.0,3+,4.0,Kids,1.0,528716.0,3.0,500K - 1M,4.0,15.0,50.0,95.0,61.0,55.0,50.0,42.0,3.7,3.7,48.0,45 - 55,7.0,1.0,9.0,3.0,,49.0,8.0,2.0,Finance,Other,2.0,0.1,1.1,2.9,1.4,2.4,0.6,2.9,0.3,0.2,1.2,0.3,1.5,7.0,0.6,3.8,19.5,3.3,1.6,2.0,4.9,1.65,2.33,0.95,2.45,1.2,2.0,0.5,2.45,Joy Seeker,2.0,78.0,11.0,-14.0,-7.0,1.0,5.0,19,85,51,64,89,52,94,24,42,100,38,54,21,10,77,56,16,38,38,95,87,45,85,48,74,100,45,28,100,85
972.0,Xilio,Men,In a relationship,15th,4.0,4.0,3+,4.0,Kids,1.0,3171069.0,4.0,More than 1M,5.0,78.0,44.0,34.0,12.0,93.0,44.0,87.0,6.5,6.5,79.0,Over 55,7.0,1.0,6.0,10.0,12.0,54.0,14.0,3.0,Healthcare,Healthcare,2.8,2.5,0.5,inf,2.7,0.6,1.8,1.9,1.8,2.9,2.8,1.0,2.8,9.4,20.8,1.6,10.9,6.3,0.4,6.0,3.2,2.35,2.47,0.4,1.35,2.25,0.5,1.5,1.6,Joy Seeker,84.0,2.0,-5.0,-15.0,20.0,4.0,4.0,53,46,69,91,54,86,30,25,69,66,83,99,56,14,63,84,55,50,47,70,80,13,63,92,24,56,37,78,98,66
973.0,IWF,Women,In a relationship,1st,1.0,4.0,3+,4.0,Kids,1.0,3351127.0,4.0,More than 1M,5.0,22.0,56.0,12.0,58.0,49.0,56.0,32.0,7.4,7.4,70.0,Over 55,8.0,5.0,9.0,5.0,6.0,55.0,13.0,0.0,Finance,Finance,2.2,0.8,2.4,0.8,1.6,2.4,0.2,0.5,inf,2.9,0.7,1.2,2.4,7.6,6.8,7.9,5.5,3.7,1.6,0.6,0.8,1.85,2.37,1.95,0.7,1.3,2.0,0.15,0.4,Striver,65.0,73.0,-18.0,11.0,-15.0,1.0,1.0,11,58,93,35,68,37,27,10,86,36,28,23,76,72,66,14,18,84,86,87,32,84,37,65,93,10,44,100,50,73
974.0,IWF,Men,Married,1st,1.0,2.0,2,3.0,Kids,1.0,2589272.0,3.0,More than 1M,5.0,11.0,20.0,25.0,83.0,20.0,20.0,52.0,5.8,5.8,50.0,45 - 55,1.0,4.0,3.0,2.0,1.0,54.0,8.0,4.0,Healthcare,Finance,0.6,1.6,2.2,2.1,2.1,2.6,1.2,2.7,0.2,0.2,2.0,1.9,1.0,2.9,13.0,7.3,14.2,5.0,1.7,4.1,4.5,0.55,2.11,1.85,1.75,1.75,2.15,1.05,2.25,Striver,63.0,37.0,-17.0,-1.0,8.0,inf,1.0,22,53,79,15,65,18,64,25,30,84,12,38,74,45,32,59,96,54,99,83,52,42,88,61,95,24,69,72,30,38
975.0,Xilio,Men,Single,10th,3.0,2.0,2,3.0,Kids,1.0,2306106.0,4.0,More than 1M,5.0,64.0,93.0,82.0,40.0,43.0,93.0,74.0,5.5,5.5,57.0,Over 55,5.0,10.0,4.0,2.0,11.0,50.0,8.0,9.0,Tech,Healthcare,0.1,0.9,1.2,,0.8,0.9,1.6,1.5,1.3,1.3,2.2,0.5,2.9,1.3,7.5,inf,5.4,1.8,0.6,5.5,2.6,0.1,2.02,0.95,0.7,0.65,0.7,1.35,1.3,Joyful Striver,73.0,20.0,-11.0,-8.0,-19.0,3.0,4.0,49,65,21,13,57,29,38,46,67,14,45,15,36,74,69,33,42,22,93,97,31,37,28,12,43,100,71,86,23,36
976.0,HBS,Women,Married,,6.0,1.0,1,2.0,Kids,1.0,2032324.0,3.0,More than 1M,5.0,52.0,63.0,88.0,54.0,87.0,63.0,74.0,4.5,4.5,54.0,45 - 55,8.0,7.0,2.0,4.0,9.0,51.0,11.0,7.0,Consulting,Other,0.8,2.8,0.1,2.7,1.3,2.9,1.3,0.5,1.7,0.6,1.3,2.6,2.1,3.4,23.5,0.3,18.1,3.1,1.9,4.4,0.8,0.65,2.13,0.05,2.25,1.1,2.4,1.1,0.4,Purposeful Striver,17.0,26.0,20.0,-7.0,18.0,2.0,5.0,11,37,11,38,36,65,33,12,94,80,52,16,57,87,82,56,42,36,14,94,69,89,85,32,59,89,96,41,29,15
977.0,HBS,Women,In a relationship,10th,3.0,0.0,inf,1.0,No Kids,2.0,4357021.0,3.0,More than 1M,5.0,51.0,87.0,54.0,97.0,45.0,87.0,83.0,8.0,8.0,,,2.0,3.0,4.0,4.0,15.0,50.0,11.0,0.0,Finance,Other,1.8,0.8,2.5,1.1,0.4,0.1,2.2,2.8,1.0,1.5,2.8,1.3,0.2,6.4,6.5,8.4,7.5,0.9,0.1,inf,4.6,1.5,2.3,2.1,0.95,0.3,0.1,1.85,2.3,Striver,9.0,29.0,14.0,-3.0,8.0,1.0,5.0,93,88,16,68,62,92,83,61,78,92,24,46,97,82,97,27,93,28,29,57,36,18,57,26,42,30,55,46,94,30
978.0,IWF,Women,In a relationship,15th,4.0,3.0,3+,4.0,Kids,1.0,3354323.0,2.0,More than 1M,5.0,81.0,71.0,49.0,33.0,58.0,71.0,52.0,5.8,5.8,37.0,35 - 45,2.0,8.0,5.0,8.0,1.0,51.0,0.0,8.0,Finance,Other,0.2,1.3,0.0,1.6,0.6,0.4,2.5,2.3,2.2,2.5,2.2,2.8,0.1,1.5,10.7,0.1,11.0,1.4,0.3,8.3,3.8,0.15,2.03,0.05,1.35,0.5,0.35,2.05,1.9,Purpose Seeker,75.0,1.0,-8.0,12.0,-6.0,1.0,5.0,74,15,89,26,96,48,26,56,19,66,50,62,71,33,94,93,13,35,87,81,65,84,11,80,82,10,92,75,96,80
979.0,IWF,Women,Single,25th,6.0,0.0,0,1.0,No Kids,2.0,3981416.0,4.0,More than 1M,5.0,73.0,27.0,35.0,24.0,34.0,27.0,31.0,7.0,7.0,78.0,Over 55,3.0,2.0,4.0,4.0,12.0,55.0,11.0,1.0,Tech,Tech,1.5,2.6,2.1,0.2,0.0,1.6,2.3,2.2,1.9,2.9,1.4,1.4,0.5,5.5,21.8,7.0,1.0,0.0,1.1,7.7,3.7,1.25,2.25,1.75,0.15,0.0,1.35,1.95,,Joyful Striver,15.0,35.0,16.0,-8.0,12.0,3.0,3.0,72,70,12,52,97,60,27,22,15,24,99,27,53,13,64,37,74,62,23,40,11,15,20,35,12,76,91,16,20,50
980.0,IWF,Women,Married,15th,4.0,1.0,1,2.0,Kids,1.0,524592.0,2.0,500K - 1M,4.0,49.0,59.0,40.0,18.0,60.0,59.0,99.0,4.0,4.0,36.0,35 - 45,4.0,6.0,6.0,5.0,8.0,55.0,18.0,,Tech,Other,1.8,2.5,2.9,1.3,0.1,1.7,0.1,2.1,1.0,1.9,1.7,0.8,2.2,6.4,21.0,9.7,8.5,0.3,1.2,0.4,3.5,1.5,2.3,2.45,1.05,0.1,1.45,0.1,1.75,Purposeful Striver,24.0,70.0,-6.0,0.0,-2.0,3.0,5.0,82,29,12,89,82,21,51,89,22,85,89,96,28,87,89,86,43,60,17,43,48,58,53,27,11,21,88,57,75,89
981.0,HBS,Women,In a relationship,10th,3.0,2.0,2,3.0,Kids,1.0,3275886.0,1.0,More than 1M,5.0,94.0,12.0,39.0,20.0,53.0,12.0,18.0,7.3,7.3,34.0,0 - 35,9.0,4.0,8.0,4.0,10.0,50.0,3.0,0.0,Consulting,Finance,1.0,0.6,1.3,2.5,2.9,1.9,0.6,0.6,2.3,1.1,2.1,0.4,0.6,4.0,,4.4,16.6,6.8,1.3,1.9,1.0,0.85,2.17,1.1,2.1,2.45,1.6,0.5,0.5,Triumvirate,38.0,59.0,-20.0,-20.0,-16.0,2.0,1.0,26,87,36,75,44,88,93,64,74,39,45,47,68,98,72,14,100,46,57,96,60,100,68,55,13,37,70,20,93,14
982.0,IWF,Women,Married,15th,4.0,3.0,3+,4.0,Kids,1.0,3884261.0,1.0,More than 1M,5.0,37.0,20.0,16.0,26.0,64.0,20.0,16.0,7.9,7.9,33.0,0 - 35,7.0,2.0,2.0,2.0,0.0,50.0,14.0,7.0,Tech,Finance,2.3,2.4,0.7,2.4,0.7,0.1,1.6,0.6,1.9,1.8,1.8,0.0,1.5,7.9,20.1,2.3,16.1,1.7,0.0,5.4,1.1,1.95,2.39,0.6,2.0,0.6,0.05,1.35,0.55,Flourisher,35.0,69.0,-14.0,-22.0,6.0,3.0,1.0,18,11,49,43,60,64,54,30,29,29,93,68,17,77,65,39,94,18,22,98,28,85,68,79,25,48,74,84,33,24
983.0,IWF,Women,Married,25th,6.0,0.0,0,1.0,No Kids,2.0,3608226.0,2.0,More than 1M,5.0,14.0,75.0,45.0,18.0,10.0,75.0,46.0,6.8,6.8,37.0,35 - 45,2.0,3.0,6.0,1.0,14.0,51.0,15.0,1.0,Consulting,Other,0.3,1.4,2.1,0.7,2.0,2.9,2.8,2.1,1.9,0.9,2.6,1.6,0.3,2.0,11.5,7.0,4.5,4.6,1.9,9.3,3.4,0.25,2.05,1.75,0.55,1.65,2.4,2.35,1.7,Striver,49.0,33.0,-24.0,18.0,-11.0,2.0,5.0,84,82,42,17,93,87,91,75,66,46,86,10,64,34,64,10,97,61,33,16,71,31,47,40,63,46,98,96,98,30
984.0,,Women,In a relationship,30th,7.0,4.0,3+,4.0,Kids,1.0,2059454.0,3.0,More than 1M,5.0,34.0,50.0,57.0,32.0,71.0,50.0,75.0,5.4,5.4,50.0,45 - 55,3.0,5.0,7.0,6.0,7.0,53.0,12.0,9.0,Tech,Finance,0.2,1.4,2.5,0.7,2.5,0.1,2.5,0.7,1.7,2.7,1.1,0.3,2.8,1.7,12.1,8.2,4.5,5.9,0.1,8.3,1.1,0.2,2.04,2.05,0.55,2.1,0.1,2.1,0.55,Triumvirate,69.0,51.0,-19.0,3.0,11.0,3.0,1.0,24,46,10,22,46,20,26,63,55,12,42,77,56,83,34,95,88,63,88,92,80,57,34,18,42,69,35,40,46,67
985.0,IWF,Women,Single,15th,4.0,4.0,3+,4.0,Kids,1.0,2457540.0,3.0,More than 1M,5.0,72.0,61.0,22.0,63.0,18.0,61.0,45.0,5.9,5.9,47.0,45 - 55,2.0,0.0,5.0,1.0,12.0,50.0,19.0,2.0,Consulting,Tech,2.2,0.4,1.6,2.5,1.7,0.4,2.5,1.3,0.0,2.6,0.9,1.2,1.0,7.6,3.3,,16.3,3.9,0.3,,2.2,1.8,2.36,1.35,2.05,1.4,0.35,2.1,1.1,inf,62.0,78.0,-10.0,8.0,-6.0,2.0,3.0,33,29,17,17,90,35,82,36,17,82,14,53,11,16,35,91,73,12,74,16,85,30,30,44,18,40,44,53,95,13
986.0,Xilio,Men,Single,1st,1.0,0.0,0,1.0,No Kids,2.0,1745630.0,4.0,More than 1M,5.0,69.0,15.0,31.0,46.0,38.0,15.0,48.0,4.5,4.5,70.0,Over 55,7.0,2.0,0.0,7.0,2.0,52.0,3.0,9.0,Healthcare,Finance,1.5,0.2,2.9,2.8,0.5,0.0,0.9,2.3,2.1,1.7,0.6,1.8,2.7,5.5,2.0,9.7,18.6,1.1,0.0,3.0,3.9,1.25,2.25,2.4,2.35,0.4,0.05,0.75,1.95,Striver,60.0,12.0,-23.0,-9.0,-23.0,4.0,1.0,47,35,41,74,66,51,23,47,19,50,87,56,48,22,58,55,34,78,95,56,76,42,51,90,66,67,66,54,33,78
987.0,HBS,Women,Single,30th,7.0,1.0,1,2.0,Kids,1.0,348408.0,4.0,250K – 500K,3.0,62.0,34.0,64.0,95.0,53.0,34.0,39.0,4.1,4.1,65.0,Over 55,7.0,3.0,6.0,7.0,4.0,55.0,3.0,4.0,Other,Consulting,2.1,2.2,0.2,0.3,2.2,1.7,1.3,2.4,1.1,1.0,0.1,0.8,2.8,7.2,18.2,0.5,1.9,5.1,1.1,4.3,3.9,1.7,2.34,0.15,0.25,1.8,1.4,inf,1.95,Triumvirate,50.0,20.0,19.0,17.0,11.0,5.0,2.0,44,38,57,52,17,36,58,99,82,48,100,44,54,77,72,78,64,17,43,17,72,90,45,69,49,20,88,81,24,16
988.0,IWF,Men,In a relationship,5th,2.0,4.0,3+,4.0,Kids,1.0,498276.0,2.0,250K – 500K,3.0,35.0,93.0,18.0,34.0,20.0,93.0,43.0,4.0,4.0,39.0,35 - 45,6.0,,0.0,1.0,12.0,48.0,3.0,5.0,Other,Healthcare,1.3,1.5,1.5,1.4,1.8,2.8,1.4,1.4,2.8,0.9,0.1,0.5,0.0,4.9,12.4,5.0,9.0,4.2,1.9,4.7,2.3,1.1,2.22,1.25,1.15,1.5,2.35,1.2,1.15,Purposeful Striver,78.0,53.0,-23.0,17.0,14.0,5.0,4.0,58,10,13,48,88,20,38,67,76,35,96,96,41,52,54,40,18,23,60,87,14,65,18,85,61,38,72,65,21,44
989.0,IWF,Men,Married,40th+,9.0,2.0,2,3.0,Kids,1.0,2184697.0,2.0,More than 1M,inf,44.0,15.0,22.0,42.0,44.0,15.0,77.0,5.5,5.5,37.0,35 - 45,0.0,6.0,1.0,4.0,4.0,50.0,0.0,6.0,Healthcare,,0.7,1.3,2.2,1.0,2.2,2.0,0.5,2.4,2.5,0.1,2.6,2.3,1.4,3.2,10.9,7.2,6.7,5.1,1.3,1.6,4.0,0.6,2.12,1.8,0.85,1.85,1.65,0.4,2.0,Purposeful Striver,75.0,88.0,1.0,-10.0,-18.0,4.0,2.0,78,44,79,90,29,47,13,71,20,11,23,100,74,66,82,79,26,12,12,10,81,38,21,72,91,98,13,41,73,45
990.0,IWF,Women,Single,15th,4.0,0.0,0,1.0,No Kids,2.0,541411.0,4.0,500K - 1M,4.0,45.0,57.0,53.0,72.0,38.0,57.0,64.0,3.6,3.6,65.0,Over 55,8.0,3.0,1.0,4.0,12.0,54.0,13.0,8.0,Consulting,Finance,2.5,2.2,2.6,2.6,2.3,2.5,0.1,2.5,1.8,2.4,2.0,2.8,0.1,8.4,18.2,8.6,17.4,5.4,1.6,0.3,4.2,2.05,2.41,2.15,2.2,1.9,2.05,0.1,2.1,Flourisher,9.0,43.0,17.0,-24.0,14.0,2.0,1.0,71,79,28,68,62,52,91,55,21,32,77,69,47,45,88,100,30,33,99,86,87,62,19,61,25,22,88,30,40,24
991.0,HBS,Women,Married,40th+,9.0,1.0,1,2.0,Kids,1.0,2952808.0,4.0,More than 1M,5.0,70.0,84.0,98.0,68.0,71.0,84.0,27.0,6.6,6.6,80.0,Over 55,inf,5.0,3.0,5.0,13.0,48.0,1.0,5.0,Other,Other,2.4,2.3,0.5,0.3,2.9,0.0,2.8,2.0,0.8,1.4,2.0,0.3,2.7,,19.1,1.8,1.7,6.8,0.0,9.5,3.3,2.0,2.4,0.45,0.2,2.45,0.05,2.35,1.65,Purposeful Striver,34.0,89.0,14.0,8.0,18.0,5.0,5.0,69,68,41,93,21,28,29,98,19,32,92,99,86,23,48,65,69,22,87,12,70,49,68,57,17,60,51,40,62,11
992.0,IWF,Women,Married,15th,4.0,2.0,2,3.0,Kids,1.0,3147172.0,4.0,More than 1M,5.0,27.0,65.0,51.0,75.0,92.0,65.0,16.0,5.7,5.7,66.0,Over 55,4.0,10.0,4.0,7.0,12.0,48.0,6.0,4.0,Other,Healthcare,2.1,0.5,2.4,0.6,1.7,1.6,0.7,0.7,0.6,1.0,1.8,0.5,1.6,7.3,4.0,8.0,4.2,4.0,1.1,2.4,1.1,1.75,2.35,2.0,0.55,1.45,1.35,0.6,0.55,Joy Seeker,76.0,50.0,12.0,-18.0,-3.0,5.0,4.0,59,78,18,97,58,73,56,20,34,94,56,61,20,91,74,98,22,52,67,62,80,83,14,70,96,63,54,10,93,66
993.0,Xilio,Men,In a relationship,5th,2.0,2.0,2,3.0,Kids,1.0,914377.0,4.0,500K - 1M,4.0,65.0,96.0,12.0,71.0,96.0,96.0,57.0,3.9,3.9,58.0,Over 55,6.0,10.0,3.0,10.0,5.0,51.0,5.0,7.0,Healthcare,Healthcare,0.8,1.8,1.7,2.3,1.0,1.4,0.7,0.8,1.0,1.4,2.5,2.9,0.2,3.4,15.3,5.5,15.0,2.4,0.9,2.4,1.4,0.7,2.14,1.4,1.9,0.85,1.15,0.6,0.7,Purposeful Striver,,29.0,7.0,-13.0,14.0,4.0,4.0,87,42,21,95,26,15,18,81,58,25,63,17,19,81,78,37,12,38,81,47,16,27,42,33,69,28,48,86,81,14
994.0,IWF,Men,In a relationship,10th,3.0,4.0,3+,4.0,Kids,1.0,4265042.0,2.0,More than 1M,5.0,23.0,15.0,87.0,46.0,48.0,15.0,86.0,7.8,7.8,41.0,35 - 45,7.0,8.0,10.0,10.0,8.0,50.0,2.0,1.0,Tech,Healthcare,1.8,inf,1.2,0.2,1.9,1.5,0.3,0.9,1.4,2.5,1.4,0.1,0.3,6.3,3.4,4.0,1.0,4.5,1.0,0.8,1.6,1.5,2.3,1.0,0.15,1.6,1.25,0.2,0.8,Triumvirate,1.0,57.0,2.0,16.0,-15.0,3.0,4.0,84,60,20,95,73,55,86,17,58,18,13,89,68,36,65,25,77,81,64,60,59,56,78,83,45,67,74,20,53,80
995.0,HBS,Men,In a relationship,5th,2.0,1.0,1,2.0,Kids,1.0,1928739.0,2.0,More than 1M,5.0,75.0,36.0,33.0,87.0,26.0,36.0,96.0,4.8,4.8,41.0,35 - 45,6.0,3.0,8.0,11.0,10.0,52.0,14.0,0.0,Tech,Tech,1.1,2.3,0.4,1.5,0.2,0.2,2.8,0.4,0.9,0.4,2.6,2.9,1.2,4.2,18.8,1.3,9.9,0.5,0.1,9.3,0.6,0.9,2.18,0.35,1.25,0.15,0.2,2.3,0.3,Joy Seeker,40.0,39.0,-25.0,-18.0,20.0,3.0,3.0,18,87,55,53,51,51,88,80,98,22,92,50,99,46,18,63,13,60,89,24,55,22,89,67,12,45,31,77,39,95
996.0,HBS,Men,In a relationship,25th,6.0,0.0,0,1.0,No Kids,2.0,1259336.0,3.0,More than 1M,5.0,36.0,17.0,73.0,13.0,51.0,17.0,11.0,4.3,4.3,54.0,45 - 55,1.0,1.0,8.0,11.0,2.0,52.0,7.0,0.0,Finance,Tech,0.3,2.0,2.6,1.3,2.7,2.1,1.7,0.8,1.5,2.6,inf,0.0,2.8,1.8,16.4,8.7,8.8,6.3,1.4,5.8,1.4,inf,2.05,2.15,1.1,2.25,1.7,1.45,0.7,Flourisher,64.0,56.0,-18.0,4.0,-18.0,1.0,3.0,43,21,25,18,38,74,36,73,20,37,18,12,64,96,79,62,16,51,51,76,81,36,72,73,24,37,20,45,44,41
997.0,HBS,Women,Married,30th,,0.0,0,1.0,No Kids,2.0,1047433.0,2.0,More than 1M,5.0,78.0,81.0,98.0,39.0,65.0,81.0,51.0,5.1,5.1,42.0,35 - 45,10.0,7.0,5.0,1.0,7.0,,12.0,5.0,Finance,Healthcare,2.8,2.9,0.5,inf,0.4,,2.0,0.6,0.5,2.7,2.8,2.6,,9.3,23.9,1.6,6.7,0.8,1.0,6.7,1.0,2.3,2.46,0.4,0.85,0.3,1.25,1.65,0.5,Striver,22.0,43.0,11.0,6.0,3.0,1.0,,85,29,10,46,28,81,24,30,71,36,62,78,29,80,37,21,35,40,30,73,85,71,38,39,91,77,46,88,30,81
998.0,IWF,Men,Married,10th,3.0,3.0,3+,4.0,Kids,1.0,4691029.0,1.0,More than 1M,5.0,52.0,20.0,71.0,90.0,27.0,20.0,,9.0,9.0,35.0,0 - 35,5.0,4.0,9.0,2.0,10.0,55.0,7.0,1.0,Other,Tech,0.4,0.2,0.9,1.2,1.0,2.3,2.7,1.4,2.9,2.8,2.1,0.9,2.6,2.2,1.7,3.1,7.9,2.3,1.5,9.1,2.3,0.35,2.07,0.75,1.0,0.8,1.9,2.3,1.15,Purpose Seeker,60.0,50.0,6.0,10.0,4.0,5.0,3.0,44,62,72,83,20,68,28,81,45,60,86,93,90,85,54,29,84,72,19,77,83,83,27,38,32,12,99,68,72,50
999.0,IWF,Men,Single,1st,1.0,3.0,3+,4.0,Kids,1.0,2791089.0,3.0,More than 1M,5.0,13.0,80.0,40.0,62.0,29.0,80.0,40.0,6.1,6.1,54.0,45 - 55,4.0,2.0,3.0,5.0,7.0,55.0,4.0,8.0,Consulting,Healthcare,2.9,0.2,0.9,1.6,2.4,1.5,1.0,2.7,0.3,1.2,0.8,2.8,1.1,9.6,1.4,2.9,10.6,5.7,1.0,3.5,4.5,2.4,2.48,0.75,1.3,2.05,1.2,0.85,2.25,Joy Seeker,64.0,23.0,17.0,4.0,-16.0,2.0,4.0,10,97,30,45,59,61,99,72,48,73,87,23,26,34,35,91,33,35,66,14,23,54,15,19,12,98,60,76,26,51
1000.0,Xilio,Men,In a relationship,20th,5.0,3.0,3+,4.0,Kids,1.0,inf,4.0,More than 1M,5.0,21.0,16.0,85.0,35.0,62.0,16.0,11.0,7.7,7.7,73.0,Over 55,2.0,4.0,7.0,10.0,10.0,52.0,9.0,2.0,Consulting,Healthcare,1.3,0.8,2.6,0.5,1.8,0.4,1.9,0.3,2.8,0.7,1.7,1.0,0.1,5.0,inf,8.7,3.2,4.2,0.3,6.2,0.5,1.1,2.22,2.2,0.4,1.5,0.35,1.55,0.25,Triumvirate,72.0,44.0,11.0,-25.0,13.0,2.0,4.0,49,52,39,37,80,56,61,94,62,61,69,35,77,76,37,43,19,27,34,99,82,12,62,48,39,50,100,65,21,84
